:020000040800F2
:1000000000FF002071020008E1A60008296E000828
:10001000DDA60008110E00087510010800000000A0
:1000200000000000000000000000000061D6000891
:10003000D514000800000000A1B30008ADDC0008E2
:100040008B0200088B0200088B0200088B0200085C
:100050008B0200088B0200088B020008D9140008EC
:100060008B0200088B0200088B0200088B0200083C
:100070002D1200088B0200088B0200088B0200087A
:100080008B0200088B0200088B0200088B0200081C
:10009000150E00088B0200088B0200088B02000876
:1000A0008B02000899DD00088B0200088B02000813
:1000B000B9DD0008C5DD00088B0200088B020008CE
:1000C0008B0200088B0200088B0200088B020008DC
:1000D0008B020008D1E500088B020008EDE500085E
:1000E0008B0200088B0200088B0200088B020008BC
:1000F0008B0200088B0200088B02000839120008EE
:100100008B0200088B0200088B0200088B0200089B
:100110008B0200088B0200088B020008D1DD00086A
:1001200045120008511200085D120008691200080B
:100130008B0200088B0200088B0200088B0200086B
:10014000210E00088B0200088B02000881AC000819
:1001500075120008811200088D12000809E60008D7
:100160008B0200088B0200088B0200088B0200083B
:100170008B0200088B0200088B02000800000000C0
:100180008B0200088B02000800F002F800F061F812
:100190000AA090E8000C82448344AAF10107DA45E2
:1001A00001D100F056F8AFF2090EBAE80F0013F0D3
:1001B000010F18BFFB1A43F00103184780B3010079
:1001C000A0B301000A444FF0000C10F8013B13F0FB
:1001D000070408BF10F8014B1D1108BF10F8015BA0
:1001E000641E05D010F8016B641E01F8016BF9D193
:1001F00013F0080F1EBF10F8014BAD1C0C1B09D1EA
:100200006D1E58BF01F801CBFAD505E014F8016B5B
:1002100001F8016B6D1EF9D59142D6D370470000ED
:100220000023002400250026103A28BF78C1FBD8FF
:10023000520728BF30C148BF0B607047782900F0D3
:100240001181002070471FB519F0C9FE1FBD10B500
:1002500010BD00F089FA1146FFF7F5FF14F054FDC8
:1002600000F0A7FA03B4FFF7F2FF03BC00F0ACFA0A
:100270000948804709480047FEE7FEE7FEE7FEE73A
:10028000FEE7FEE7FEE7FEE7FEE7FEE70448054976
:10029000054A064B7047000085DD0008890100080B
:1002A00000BF002000FF002000DF002000DF002052
:1002B00053EA020C00F069802DE9F04B4FF0000684
:1002C000002B1FBFB3FA83F503FA05F424FA05F6F1
:1002D0005E4012BF1643B2FA82F502FA05F4C5F188
:1002E00020051EBF22FA05FC44EA0C04203556EA1C
:1002F000044C4FEA144418BF641C4FF000084FF040
:100300000009904271EB030C39D3002919BFB1FAEF
:1003100081F701FA07F6B0FA80F700FA07F6C7F19D
:1003200020071EBF20FA07FC46EA0C062037B6FB62
:10033000F4FCA7EB0507103F07F01F0BCBF12006DD
:100340002CFA06F60CFA0BFB44BFB3460026202F0E
:10035000A4BF5E464FF0000B5BEA060C08BF4FF0EF
:10036000010B19EB0B0948EB0608ABFB027C06FB03
:1003700002CC0BFB03CCC01B71EB0C01C1E70B469D
:10038000024641464846BDE8F08B13B5084318BF06
:100390004FF0FF300146AFF30080BDE81C407047CE
:1003A00053EA020C23D010B54C1084EA530404D550
:1003B0004042C1F1000138BF491E1B4204D55242E0
:1003C000C3F1000338BF5B1EFFF772FF14F0804FCC
:1003D00004D04042C1F1000138BF491E14F0004F63
:1003E00004D05242C3F1000338BF5B1E10BD13B5E9
:1003F00040424FF0000070EB0104B8BF012001F053
:10040000004100281CBF6FF000414FF0FF30AFF3F8
:1004100000801CBD70B5044685690068C10601D521
:10042000302600E02026C00707D070BDD4E90121A6
:1004300030469047206A401C20626D1EF6D570BD84
:1004400070B5044685690078C00707D170BDD4E94E
:10045000012120209047206A401C20626D1EF6D5A5
:1004600070BD000070B504460D4621461068AFF31C
:1004700000802188090502D50F4A7A4402E00E4A1D
:100480007A440E32002104F1240305E000F00F0647
:100490000009965D5E54491C0028F7D1207800239E
:1004A000000704D5702D02D009B102231132204675
:1004B000BDE8704000F0F7B8489C010010B5431C3F
:1004C00002E010F8011B71B18107FAD14FF001323F
:1004D00002C88C1A8C4314EAC211F9D0C01A0A0659
:1004E00003D0C01E10BDC01A10BD0A0401D0801E6A
:1004F00010BD0902FCD0401E10BD032A40F230801E
:1005000010F0030C00F0158011F8013BBCF1020F54
:10051000624498BF11F801CB00F8013B38BF11F8D5
:10052000013BA2F1040298BF00F801CB38BF00F8EC
:10053000013B11F0030300F02580083AC0F0088069
:1005400051F8043B083A51F804CBA0E80810F5E74D
:10055000121D5CBF51F8043B40F8043BAFF3008030
:10056000D20724BF11F8013B11F801CB48BF11F8A5
:10057000012B24BF00F8013B00F801CB48BF00F875
:10058000012B704710B5203AC0F00B80B1E818502D
:10059000A0E81850B1E81850A0E81850203ABFF46D
:1005A000F5AF5FEA027C24BFB1E81850A0E818500C
:1005B00044BF18C918C0BDE810405FEA827C24BF60
:1005C00051F8043B40F8043B08BF7047D20728BFEE
:1005D00031F8023B48BF11F8012B28BF20F8023B3D
:1005E00048BF00F8012B704702F0FF0343EA0322E3
:1005F00042EA024200F024B84FF000020429C0F0A1
:10060000128010F0030C00F01B80CCF1040CBCF144
:10061000020F18BF00F8012BA8BF20F8022BA1EB96
:100620000C0100F00DB85FEAC17C24BF00F8012B7B
:1006300000F8012B48BF00F8012B70474FF0000273
:1006400000B5134694469646203922BFA0E80C50C8
:10065000A0E80C50B1F12001BFF4F7AF090728BFA3
:10066000A0E80C5048BF0CC05DF804EB890028BF1F
:1006700040F8042B08BF704748BF20F8022B11F048
:10068000804F18BF00F8012B7047704770477047C4
:1006900010B500F061F8006810BD10B5044600F018
:1006A0005BF8046010BD2DE9F0470D46994692466F
:1006B000044600F124080168880604D5E06921F0A9
:1006C0001001216000E00120A84201DD471B00E08D
:1006D0000027A1697A1902EB0900081AA0612078A5
:1006E000C00602D42046FFF795FE002608E0D4E9B4
:1006F00001211AF806009047206A401C761C2062EF
:100700004E45F4DB2078C0060AD52046FFF782FE6E
:1007100006E0D4E9012130209047206A401C206285
:10072000381EA7F10107F4DC07E0D4E9012118F82D
:1007300005009047206A401C2062281EA5F1010593
:10074000F3DC2046FFF77CFE2078000602D502206D
:10075000BDE8F0870120FBE700487047380500201E
:1007600000487047380500207546FFF7F9FFAE4690
:1007700005006946534620F00700854618B020B5AD
:10078000FFF784FDBDE820404FF000064FF0000762
:100790004FF000084FF0000BAC46ACE8C009ACE8E5
:1007A000C009ACE8C009ACE8C00921F007018D46DA
:1007B000704710B50446AFF300802046BDE81040F6
:1007C000FFF750BD7047000001491820ABBEFEE79F
:1007D000260002000020C4F202001021012202F0D3
:1007E0001DBB00000020C4F202001021002202F014
:1007F00015BB00007047000040F20040C4F2020048
:100800000121012202F00ABB40F20040C4F20200C2
:100810000121002202F002BB7047000070B50028E1
:1008200056D04EF2180145F20032CEF20001C0F26D
:10083000070210F0030EA0F1010C3BD051F8043C6C
:100840000D68002408E000BF2C44A41BB54298BFEB
:100850001C44944235460DD20E68B542F4D10E6860
:10086000B542F1D10E68B542EED10E68B542F3D073
:10087000EAE700BFBEF1010F634625D051F8043C02
:100880000D68002408E000BF2C44A41BB54298BFAB
:100890001C449442354613D20E68B542F4D10E681A
:1008A000B542F1D10E68B542EED10E68B542F3D033
:1008B000EAE700BF03461FFA8CF0032830D207E0B6
:1008C000BEF1020F06D1831E1FFA8CF0032827D237
:1008D00070BD00BF51F8043C0E68002408E000BF62
:1008E0003444641BAE4298BF1C4494422E460DD241
:1008F0000D68AE42F4D10D68AE42F1D10D68AE4242
:10090000EED10D68AE42F3D0EAE700BFC31E1FFA76
:100910008CF0032804D2DBE7043B180408BF70BD49
:1009200051F8040C0E68002408E000BF3444641B36
:10093000AE4298BF044494422E460DD20D68AE429A
:10094000F4D10D68AE42F1D10D68AE42EED10D6822
:10095000AE42F3D0EAE700BF51F8040C0E68002461
:1009600008E000BF3444641BAE4298BF0444944284
:100970002E460DD20D68AE42F4D10D68AE42F1D1D3
:100980000D68AE42EED10D68AE42F3D0EAE700BF8B
:1009900051F8040C0E68002408E000BF3444641BC6
:1009A000AE4298BF044494422E460DD20D68AE422A
:1009B000F4D10D68AE42F1D10D68AE42EED10D68B2
:1009C000AE42F3D0EAE700BF51F8040C0E680024F1
:1009D0000AE000BF3444641BAE4298BF0444944212
:1009E0002E46BFF499AF00BF0D68AE42F2D10D683C
:1009F000AE42EFD10D68AE42ECD10D68AE42F3D0FD
:100A0000E8E7000080B54EF21801CEF20001C0EB1D
:100A1000001051F804CC4FEA401E0868002309E09A
:100A200003449B1A904298BF63447345104628BF05
:100A300080BD00BF0A689042F2D10A689042EFD1AF
:100A40000A689042ECD10A689042F3D0E8E70000CF
:100A500010B5FFF7CFFEFFF7DFFE13F0E7F804460F
:100A600013F00CFA204310BD2DE9F04F83B0029231
:100A70000E460190FFF7B6FE922000F0C5F89220D6
:100A800000F0C2F8552000F0BFF88046552000F075
:100A9000BBF88346552000F0B7F88246552000F099
:100AA000B3F80446552000F0AFF80746552000F093
:100AB000ABF80546FFF78EFE48EA0B2040F200092E
:100AC00000B2C2F2000900EE100A99ED001AB8EE69
:100AD000C00A4AEA042021EE000A00B286ED000AAC
:100AE00000EE100A47EA052000B299ED001A02EE66
:100AF000100AB8EEC00AB8EEC22A21EE000A21EEB2
:100B0000021A86ED010A86ED021AFFF77DFE8020AB
:100B100000F07AF8552000F077F80646552000F0EE
:100B200073F8552000F070F88246552000F06CF8FC
:100B30000546552000F068F88346552000F064F81B
:100B40000446552000F060F80746552000F05CF898
:100B50008046FFF751FE0F2E25D14AEA052000B24C
:100B600000EE100A99ED011AB8EEC00A01994BEA9D
:100B7000042021EE000A00B281ED000A00EE100A06
:100B800047EA082000B299ED011A02EE100AB8EE09
:100B9000C00AB8EEC22A21EE000A21EE021A81ED47
:100BA000010A81ED021AFFF71DFEA22000F02CF8C9
:100BB000A22000F029F8552000F026F80446552020
:100BC00000F022F80546FFF705FEE00040EA551068
:100BD0004FF600010022CFF6FF71B2EB902F18BF45
:100BE000084300EE100AB8EEC00AB4EE001A20EE78
:100BF000010AB3EE071A029830EE010A80ED000AEE
:100C000003B0BDE8F08F000080B582B08DF807001A
:100C100044F68C604FF47A7CC2F200000DF10701BB
:100C20000DF106020123CDF800C004F091F89DF803
:100C3000060002B080BD000080B5006841F20041AE
:100C4000C4F20001884218BF80BD40F2C812C2F24F
:100C50000002107840F201210130107044F6E46087
:100C6000C2F2000000F0A8F940F28461C2F2000173
:100C700042F22C3091ED021AC2F2000090ED0E0A01
:100C8000D0ED100ABCEEC11A11EE100A01210122AA
:100C9000BDE8804010F014BFF0B583B00446006892
:100CA00044F60007C4F20007B84237D007F54841C0
:100CB00088426CD007F54C41884240F0A78045F24D
:100CC000C410C2F2000000680168C90640F19E80AD
:100CD00000210091016845F2C41400914068C2F2FD
:100CE000000400900098204605F0F8F944F6E8006A
:100CF000C2F20000006842F210254068C2F200050E
:100D0000C043C1B22846FFF777FC20462946FF22A0
:100D100003B0BDE8F04005F051BF00BF45F27C10C4
:100D2000C2F2000000680168C9066FD50021029177
:100D3000016802914168029102990168406845F298
:100D40007C10C2F2000005F0C9F944F68800C2F236
:100D5000000000684068132809D140F25B6043F648
:100D60004851C2F20000C2F200010AF06BFB45F2EA
:100D70007C1040F25B61C2F20000C2F20001252249
:100D800005F01CFF206807F54841884292D145F2E2
:100D90003410C2F2000000680168C90636D500218F
:100DA0000191016845F2341501914168C2F20005D4
:100DB0000191019901684068284605F08FF944F2D5
:100DC000C870C2F20000006844F282214068C2F29A
:100DD0000001C0F1150040F26E660870C2F2000614
:100DE00043F6704143F6C442C2F20001C2F200026F
:100DF000304610F041F928463146152205F0DEFE56
:100E0000206807F54C4188423FF459AF03B0F0BD6C
:100E1000FEE7000044F2F050C2F2000001F02EB9EB
:100E200044F21860C2F2000001F028B9B0B588B0F1
:100E3000044600254FF400600690CDE902052046E7
:100E4000CDE900550795CDE9045507F037FE002898
:100E50005BD0204607F0B4FF002859D001AB2046F4
:100E60002021232208F07EFB6B46204624212722E6
:100E700008F078FB07AB20460021032208F072FB44
:100E800006AB20460421072208F06CFB05AB204688
:100E900008210B2208F066FB04AB20461021132228
:100EA00008F060FB03AB20461421172208F05AFB20
:100EB00002AB204618211B2208F054FB204660217B
:100EC000042208F00FFB20467021012208F00AFBE3
:100ED00020462A21002208F005FB204629219122E4
:100EE00008F000FB20462821012208F0FBFA2046EA
:100EF0002C21002208F0F6FA20462B21012208F0CE
:100F0000F1FA204608F030F90546284608B0B0BD91
:100F10000025284608B0B0BDF0B585B000270C46C6
:100F200005468DF810700397CDE9017707F090FD25
:100F300040283ED30646400606D406F0C00080286E
:100F400008D1942101E000BF902101AA28460D2379
:100F500007F08AFE06F01800102815D19DF805202C
:100F60009DF804101C2602F0030706EAD20242EAAA
:100F700041119DF8063039449DF80700090441EA03
:100F80000321022207E000BF9DF804009DF8052020
:100F9000C100500901220843C4F80100DDE9020143
:100FA0000127C4F805009DF810002270C4F809104C
:100FB0006073384605B0F0BD45F2E04CC2F2000C5B
:100FC0000123CCF8011008218CF800308CF80510B2
:100FD00051681268CCF80A106146CCF8062000F07F
:100FE00001B80000F0B581B040F2E0550446C2F20D
:100FF00000050020286020460E4607F079FE4107D4
:10100000287113D43178D6F80100022924D101BA0D
:10101000090CE0226980C0F3014102EA5032114418
:1010200008316970C0F347501CE000BFC1061DD4F1
:101030003178D6F8010002292ED101BA090CE0223C
:101040006980C0F3014102EA5032114408316970ED
:10105000C0F3475026E000BF002169804101C0F382
:10106000D7006970812740212CE000BF40061DD4C5
:101070003178D6F8010002291CD101BA090CE0220E
:101080006980C0F3014102EA5032114408316970AD
:10109000C0F3475014E000BF002169804101C0F354
:1010A000D7006970822742210CE000BF002001B008
:1010B000F0BD00BF002169804101C0F3D700697015
:1010C0008427442173792870063620462A460096E4
:1010D00007F042FD2046394607F040FE012001B0EE
:1010E000F0BD000070B58AB044F2F0540120002138
:1010F000C2F200046D460E260890CDE90610CDE937
:101100000011CDE90211CDE90411204629460996C6
:1011100000F0A8FE204601F07FFA2046022100F0F0
:1011200037FE44F21864C2F20004204629460996AC
:10113000059600F097FE204601F06EFA2046022147
:1011400000F026FE0AB070BD0020704700207047F6
:1011500010B544F28424C2F2000443F2A031C2F27A
:101160000001204600220DF02BFC42F6A031C2F215
:10117000000120460DF016FC002010BDB0B504465D
:1011800040B1086830B140F29061C2F200012046DF
:1011900010F062FC44F28425C2F200052846214684
:1011A0000DF000FC28460DF0D7FB0020B0BD00007C
:1011B0000020704710B544F28422C2F20002D2F837
:1011C000BC22D2F81432002B1CBF012010BD44F207
:1011D0008424C2F200040A46014620460DF0F0FBCA
:1011E0002046BDE810400DF079BC000010B582B07B
:1011F000DDE904EC140A8DF801201A0A8DF80220AA
:101200004FEA1E228DF804204FEA1C228DF806209A
:101210006A468DF800408DF803308DF805E08DF8B2
:1012200007C012F035FF02B010BD000044F6880080
:10123000C2F2000001F0FEBA44F20870C2F20000EF
:1012400001F0F8BA44F24860C2F2000001F0F2BACC
:1012500044F6E800C2F2000001F0ECBA44F2687013
:10126000C2F2000001F0E6BA44F2A860C2F2000047
:1012700001F0E0BA44F2C870C2F2000001F0DABA3C
:1012800044F64810C2F2000001F0D4BA44F6280037
:10129000C2F2000001F0CEBA10B582B041F2040EE5
:1012A000CEF2000EDEF80010009140F29851C2F22A
:1012B0000001DDF800C002680B68009C0460DEF8E5
:1012C0000000019001980C69A04202D2C868013068
:1012D000C860ACEB020000EE100A01EE103A019873
:1012E000B8EE400AB8EE411A80EE010A086102B079
:1012F00010BD00002DE9F04782B041F20400CEF2AB
:101300000000016840F2985A00910068C2F2000A99
:1013100001900199DAE90302002791423CBF0130B4
:10132000CAF80C0001990023CAF81010009E4FF073
:10133000FF31E0FB0167DAE90059DAF8088030464E
:1013400039462A46CAE90667FEF7B2FF0446A0FB03
:10135000050201FB0521351A67EB010628463146D7
:101360004A460023CAF82040FEF7A2FF0746AAF823
:10137000240080B200FB09F0281A66F10001424601
:101380000023FEF795FF4FF47A71614382B211FAA0
:1013900087F101EE102A9FED082A00EE101AB8EE30
:1013A000411AB8EE400A21EE021A31EE000AAAF8FC
:1013B000260002B0BDE8F0876F12833A2DE9F047AE
:1013C00082B041F20400CEF20000016840F2985A67
:1013D00000910068C2F2000A01900199DAE9030263
:1013E000002791423CBF0130CAF80C00019900234C
:1013F000CAF81010009E4FF0FF31E0FB0167DAE9F8
:101400000049DAF80880304639462246CAE90667BC
:10141000FEF74EFF0546A0FB040201FB0421341A2F
:1014200067EB0106204631464A460023CAF82050A1
:10143000FEF73EFF87B2AAF8240007FB09F0201A46
:1014400066F1000142460023FEF732FF024643F6F2
:1014500009504FF47A716843794301EB801010FA18
:1014600082F00021AAF8262002B0BDE8F087000033
:1014700010B54EF6FC5CCEF2000CDCF8002044F215
:101480004023C0F20F0342F08072584344F6D35316
:10149000CCF8002041F20002C1F26203CEF2000259
:1014A0004FF0000CA0FB033EC2F804C04DF6836170
:1014B0001368C4F21B31A0FB011443F00101116059
:1014C00040F29851C2F200014FEA9E12A30C81E84B
:1014D0000D1010BD7047000010B544F6E464C2F270
:1014E000000445F2C441C2F20001204610F038FB6E
:1014F000022001F0A9FB2046BDE8104010F040BBDF
:1015000072B600BFFEE700002DE9F041A820FFF70A
:10151000AFFFFFF7E7FD44F6E460C2F20000FFF71B
:1015200085FC40F25A67C2F200073C4604F8140BEF
:1015300045F2A400C2F2000003F064FF44F63C70E0
:10154000C2F2000003F05EFF45F21400C2F2000098
:1015500003F058FF45F2EC00C2F2000000214FF00A
:10156000000804F067FA44F2C875C2F20005284684
:1015700001F01AF944F62806C2F20006304601F0DE
:1015800013F9284601F036FA304601F033FA45F2F5
:101590003415C2F20005284604F0A0FD2846214675
:1015A000152204F063FCE86B44F688040068C2F27C
:1015B0000004016821F008010160204601F0F4F800
:1015C000204601F017FA45F27C14C2F200042046CE
:1015D00004F084FD20682522C16841F01001C1603B
:1015E000791C204605F0EAFA45F2C414C2F2000460
:1015F00042F27861C2F2000120464FF4807204F09A
:1016000035FCE06B0068016821F00801016009F019
:101610002BF840F63C04C4F20004322020604FF462
:10162000FA7001F0E9FAC4F80080BDE8F08100002A
:1016300010B52DED028B82B004468069B0EE408A71
:10164000019001A8FFF728FE206AE16802EE100A67
:1016500004EE101A20EE081A30EE023A22EE042AA6
:1016600081EE031A82EE032A10EE100AE061208E4A
:10167000032871EE020A10EE901AE16006D304F11D
:10168000320009F02FF8F0EE400A06E0206901EE82
:10169000100A30EEC11AC1EE000AB4F85C0010EE78
:1016A000901A032861620BD3E16904F15E0000EE39
:1016B000101A09F017F8606A00EE900A0AE000BFFD
:1016C000E06AE16900EE100A30EEC00A01EE101A7D
:1016D00080EE010A10EE100AA06220686168E368DB
:1016E000A26801EE100A02EE103A03EE101A23EE81
:1016F000203A21EE021A02EE102AD4F88C1031EEB4
:10170000031A22EE000A30EE010A01EE101A10EE62
:10171000100AF1EE410AC4F8880013F095F810EEB3
:10172000100AC4F88800E068616A2061E16202B0D2
:10173000BDEC028B10BD0000B0B504461D4610EE96
:10174000100A002CC4F88C0018BF002908D19FEDA6
:10175000190A002020606060C4F88C0006E000BF19
:10176000086820604868606091ED020A10EE100A77
:10177000A06010EE900A032A20622286A4F85C5032
:1017800006D2032D0BD20020A061C4F88800B0BDA2
:1017900004F13200114609F04DFA032DF3D304F1A0
:1017A0005E00294609F046FA0020A061C4F88800CE
:1017B000B0BD00BF0000000042F21040C2F20000C5
:1017C00090ED690A7047000042F21040C2F200003A
:1017D00090ED680A7047000042F21040C2F200002B
:1017E00090ED6A0A7047000042F21040C2F2000019
:1017F00090ED6B0A7047000070B581B00022009236
:1018000090F83C20012A03D10221084601B070BDA6
:10181000D1F800E00122BEF10A0F80F83C200BD382
:101820001FFA8EF25200066812FA8EF2A2F11E031F
:1018300006F10C0205E000BF06680EEB4E0306F150
:1018400010024FF0070C15680CFA03F4A54315605D
:101850008D68146805FA03F3234313604968062969
:1018600006D801EB8101053906F134020AE000BF18
:101870000C2901EB810187BF413906F12C02233984
:1018800006F130021F2314688B4024EA030342F25E
:10189000043C1360C4F2010C1FFA8EF3146803FABF
:1018A00001F1ACF5417321439E4211603ED1BEF17E
:1018B000120F07D1DCF8001041F48001CCF80010C1
:1018C00034E000BF2EF0010110292FD1DCF8001008
:1018D000BEF1100F41F40001CCF8001026D140F207
:1018E000C411C2F2000109684DF68362C4F21B32D2
:1018F000A1FB0212910C01EB8101490000910099BA
:10190000A1B1009901390091009979B1009901398B
:101910000091009951B1009901390091009929B1C4
:1019200000990139009100990029EAD1002180F83D
:101930003C10084601B070BD0068C06C70470000E4
:10194000002804BF0120704710B50446006C002831
:101950003ED0206CC00645D4206C41F20211884371
:10196000023042F204312064C4F20101086820F41C
:10197000403008600A6894E809101A43D4F810E06F
:101980000A604168012321F4807141604168C0F61A
:10199000007341EA0E214160416821F040714160CD
:1019A000416841EA0C014160816821F40061816075
:1019B000E168826811438160A16A8268994222F0DD
:1019C00070628260826813D122F0405119E000BF3A
:1019D000204600F065F80020606484F83C00206C2C
:1019E000C006B9D50120002184F83C1010BD00BF0D
:1019F00011438160816821F040518160E16A826811
:101A000011438160816821F0020181608168227E3A
:101A100094F8203041EA42018160416883B141F489
:101A20000061416041684EF2000221F46041416072
:101A3000616ACFF6FF72436802EB4131194301E05E
:101A400021F400614160C16A40F2000C21F4700190
:101A5000C162E2696169CFF6F07CC36A0CEB0252A5
:101A60001A43C262826822F40072826094F83020C5
:101A7000836843EA42228260826822F48062826044
:101A8000826842EA8121816000206064216C012229
:101A900062F301012164002184F83C1010BD0000B4
:101AA00080B586B0006842F20022C4F20102002133
:101AB00090420591049117D042F20001C4F2010155
:101AC000884239D10020009043F64400C4F202005D
:101AD000016841F480710160006800F4807000903A
:101AE000009806B080BD00BF43F644000091C4F2E8
:101AF0000200026842F480620260026802F48062BE
:101B00000092009A009150F8142C42F0200240F804
:101B1000142C50F8140C00F02000009000984FF4A2
:101B2000806001900320CDE9020141F20040C4F23F
:101B3000020001A901F094F806B080BD70B504461A
:101B400000680D468268520544BF80685FEAC05055
:101B500038D401F069F921680A68920749D4064629
:101B6000681C3CD0DDB90868800721D5086880076B
:101B70003FD4086880071BD50868800739D40868F7
:101B8000800715D50868800733D4086880070FD50B
:101B900008688007E7D52CE00868800729D401F0A1
:101BA00043F9801B2168A842F6D908688007F3D45E
:101BB000206C40F004002064002084F83C000320E6
:101BC00070BD00BF206C40F020002064002084F82D
:101BD0003C00012070BD00BF0868800709D4086878
:101BE000800706D4086880075CBF08685FEA8070D9
:101BF000F2D56FF012000860206C40F40070206491
:101C0000886810F0405F01D1207E08B1002070BDCF
:101C1000C86A10F4700F02D088684005F6D4206CB2
:101C200020F480702064206CC004EFD4206C40F05D
:101C300001002064002070BD10B581B0002100912A
:101C400090F83C10012903D1022001B010BD00BF63
:101C50000468012180F83C10214651F8083FDB0759
:101C600029D10B684DF6836243F001030B6040F20B
:101C7000C413C2F200031B68C4F21B32A3FB02238D
:101C80009A0C02EB42020092009AA2B1009A013A29
:101C90000092009A7AB1009A013A0092009A52B1E9
:101CA000009A013A0092009A2AB1009A013A0092F1
:101CB000009A002AEAD10A68036CD2070AD143F0DD
:101CC0001001016400F1440101200A68104308601A
:101CD00056E000BF40F2017223EA020202F5807270
:101CE00002646268520504D5026C012363F30D326D
:101CF0000264026C4FF0000E0023D20444BF426C19
:101D000022F0060342F2043C436480F83CE06FF0AA
:101D10002200C4F2010C2060DCF80000C0060DD0E7
:101D2000ACF5417084422BD14FF60450CFF6FF70D2
:101D30005CF8000010F0405F22D125E042F2000084
:101D4000C4F20100844217D042F20020C4F2010024
:101D500084420DD042F20010C4F2010084420FD13F
:101D6000DCF80000C00607D0ACF58270844207D1D1
:101D7000DCF80000C00603D4086810F0405F03D010
:101D8000002001B010BD00BF4FF080409DE7000073
:101D900090F82020013A012A08D8006800F11402C6
:101DA0000020136819431160704700BF00F124023E
:101DB00001204FF48021136819431160704700001F
:101DC00010B590F820E0D0F800C0AEF1010EBEF1E1
:101DD000010FDCF808E00FD81EF0E05F16D0CEF35C
:101DE000016E012000FA0EF018608B68C3B14868DC
:101DF00043EAC00316E000BF00F1240101204FF4C4
:101E000080220B681A430A6010BD00BF00F1240154
:101E100001204FF400120B681A430A6010BD00BF86
:101E200008684305D1E9030403430CEB0E10C0F826
:101E30008031C0F88441097D012905D100F5C271C6
:101E40000B6843F480730B605168C0F88C11126802
:101E500000F5C071C0F88821002001220B681A43E8
:101E60000A6010BDB0B590F82020013A012A2FD8A1
:101E700046F20060C4F20000026842F00102026013
:101E8000026822F47C520260D1F814E0CC694A6AFC
:101E90000368012C43EA022202600EF01F024FF099
:101EA000010303FA02F2C3696FEA020C23EA020398
:101EB000C36113D02CBBC36803EA0C03C360CB68B7
:101EC0008C8844EA034300EBCE0423640B4611E004
:101ED000416A41F4802141620120B0BDC3681343CF
:101EE000C3600B688C8844EA034300EBCE04236490
:101EF00001F10C038C681B8843EA044300EBCE0419
:101F0000636443688D6943EA0204D1F810E0096A0A
:101F1000002D08BF03EA0C0444604369BEF1000FC2
:101F200043EA020408BF03EA0C040129446102D118
:101F3000C1691143C161016821F001010160002004
:101F4000B0BD00007047000010B590F82040013C83
:101F5000012C7BD8D0F800C0002900F08180DCF88B
:101F60001040A40700F081800CEB011CDCF8B041AC
:101F70000CF5D87E14F004049460DCF8B04119BF6D
:101F8000E4085460640D1460DEF800400CF5DA7E5D
:101F900004F00204D460DCF8B44124075ABFDEF830
:101FA000004004F00F0408241461DEF8004000290A
:101FB000C4F307249461DEF800404FEA14445461EE
:101FC000DCF8B8211A70026802EB0112D2F8B821CD
:101FD0004FEA12225A70026802EB0112D2F8B821BD
:101FE0004FEA12429A70026802EB0112D2F8B8214D
:101FF0004FEA1262DA70026802EB0112D2F8BC21D9
:102000001A71026802EB0112D2F8BC214FEA1222C7
:102010005A71026802EB0112D2F8BC214FEA124257
:102020009A71026802EB0112D2F8BC214FEA1262E7
:10203000DA71006814BF00F1100100F10C010020FA
:1020400020220B681A430A6010BD00BF00F1240172
:1020500001204FF480220B681A430A6010BD00BFB4
:10206000DCF80C40A4077FF47FAF00F124010120CD
:102070004FF400120B681A430A6010BD2DE9F04FAF
:1020800081B0044600684669D0F804908768D0F8AB
:102090000CB0D0F810A0D0F81880F10704D10025BA
:1020A00030071DD424E000BFF90710D00121BA0782
:1020B000816009D4780700F1AF80380700F1B6805D
:1020C000204600F0D7FA02E0204600F0D5FA0025BD
:1020D000F80500F18780F80300F1B180300707D5DB
:1020E0001BF0100004D0206845F400751021C16079
:1020F000700708D51BF0080005D020680821C160D2
:10210000204600F0F5F9B00706D52068C0688007C2
:1021100002D0204600F0EEF9700607D51AF0100044
:1021200004D0206845F4806510210161B00608D50F
:102130001AF0080005D0206808210161204600F04F
:1021400065FAF00606D520680069800702D02046AF
:1021500000F05EFAB00308D519F0100005D0206831
:1021600010214160204600F055FAF00308D519F01F
:10217000080005D0206808214160204600F086FA5A
:10218000300440F19B805FEA497040F1948006F48E
:10219000807008EA102028435FEA8871014648BF32
:1021A00041F00201B20558BF01465FEA48700D4692
:1021B00048BF45F00405700558BF0D46300540F195
:1021C0007A8018F0700000F0768010380009052839
:1021D0006CD8DFE800F003595D61656945F00805DA
:1021E00064E000BF20684FF48071BA0581600BD4B1
:1021F000780515D438051DD4204600F03FFAF803C1
:102200007FF56CAF1BE000BF204600F039FAF80301
:102210007FF564AF13E000BF4FF4006558E700BFDF
:1022200005F50055F8037FF559AF08E04FF48055E8
:102230004EE700BF05F58045F8037FF54FAF2068F6
:102240004FF48031BA0381600AD4780310D4380384
:1022500014D4204600F016FA30073FF541AF47E7A7
:10226000204600F011FA30073FF53AAF40E700BFD3
:1022700005F5004530073FF533AF39E705F5803503
:1022800030073FF52DAF33E745F010050EE000BFF6
:1022900045F020050AE000BF45F0400506E000BF1C
:1022A00045F0800502E000BF45F480752068816933
:1022B00021F07001816120680421416055B1606A9C
:1022C00040EA05012046616201B0BDE8F04FFFF72A
:1022D00039BE00BF01B0BDE8F08F0000B0B5C8B195
:1022E000044690F8200010B9204600F071F82068EC
:1022F000016841F00101016000F096FD054600BF54
:1023000020684168C90707D100F08EFD401B0B28EB
:10231000F6D312E00120B0BD016821F00201016096
:1023200000F082FD054600BF2068416889070DD591
:1023300000F07AFD401B0B28F6D3606A052140F4BB
:1023400000306062012084F82010B0BD217E026858
:10235000012922F0800208BF80320260617E02689B
:10236000012922F0400208BF40320260A17E0268CB
:10237000012922F0200208BF20320260E17E0268BB
:10238000012922F0100218BF10320260217F02687A
:10239000012922F0080208BF08320260617F02684A
:1023A000012922F0040208BF04320260D4E901C20C
:1023B000D4E9033561691A432A431143ACF10102A0
:1023C0001143C16100200121606284F82010B0BD7A
:1023D00010B586B0006846F60002C4F20002002183
:1023E0009042CDE90411CDE90211019134D046F2B9
:1023F0000041C4F20001884277D142F22831C2F292
:1024000000010A6843F64000C4F20200531C0B604E
:1024100052B900210091016841F00071016001682A
:1024200001F00071009100990021009150F8101CFA
:10243000142441F0080140F8101C50F8100C00F072
:102440000800009000980320019040F20040C4F280
:10245000020000F5006035E043F64000C4F20200DF
:102460000091016841F080610160016801F08061C4
:102470000091009942F22831C2F200010A68531C0F
:102480000B6052B900210091016841F000710160B8
:10249000016801F00071009100990021009150F84D
:1024A000101C402441F0020140F8101C50F8100CA0
:1024B00000F00200009000986020019040F200407F
:1024C000C4F2020002210291002103910321049130
:1024D0000921059101A900F0C3FB20460521002236
:1024E00000F060FD204600F04DFD06B010BD00007C
:1024F0007047000010B58AB003AA6B46002104465D
:10250000FFF722FD44F2F050C2F2000084421DD0D9
:1025100044F21860C2F20000844214D1039840F2E1
:10252000053188420FD140F67030C2F2000041F20E
:1025300030410844694612F0D3F845F24230C2F205
:1025400000000021C1700AB010BD00BF039840F226
:102550000221884220DCB0F5A17F35D040F2022173
:102560008842F0D140F67030C2F2000000F59D6064
:10257000694609F031FBDDE9000145F2D842C2F2BB
:102580000002C2E9000145F24230C2F2000000211F
:1025900001710AB010BD00BF40F20321884223D070
:1025A000B0F5017FCFD140F67030C2F2000000F5E7
:1025B000E360694609F010FB45F24230C2F20000C8
:1025C000002141710AB010BD40F67030C2F2000027
:1025D000694606F0EDF945F24230C2F200000021F2
:1025E00081700AB010BD00BF40F67030C2F200002A
:1025F00000F64810694609F0ABFA45F24230C2F2E3
:102600000000002181710AB010BD00007047000079
:102610007047000070470000B0B5044690F82000F5
:1026200001281DD1022084F820002068016821F0D3
:102630000101016000F0F8FB054600BF206840681A
:10264000C00713D000F0F0FB401B0B28F6D3606AE4
:1026500040F400306062052084F820000120B0BD05
:10266000606A40F4002060620120B0BD002060621A
:10267000B0BD0000704700007047000070470000C8
:10268000704700007047000070470000704700006E
:10269000002804BF0120704710B50446407918B1E6
:1026A00001206071002010BD00202071204600F044
:1026B00005F801206071002010BD000081B043F6D4
:1026C0003001C4F202010068A1F50362904201D01A
:1026D00001B0704700200090086840F48050086006
:1026E000086800F480500090009801B07047000026
:1026F00070B5866D044600F097FB94F835100229FA
:102700002ED105462068216C026822F01602026074
:10271000426922F08002426109B9A16C19B10168D5
:1027200021F008010160016821F0010101600068E9
:10273000C00708D000F078FB401B052818D8206897
:102740000068C007F6D1E06D3F2101FA00F0B060EB
:10275000012084F835000020002184F8341070BD79
:10276000802060650120002184F8341070BD00BF16
:1027700020206065032084F83500002184F834109F
:1027800070BD000090F83510022909D1052180F8AC
:1027900035100068016821F00101016000207047D8
:1027A0008021416501207047B0B5002840D090F8E5
:1027B0003510022904BF0220B0BD02686FF00F037C
:1027C0004AF6AB21D2F800C053FA82F5CAF6AA2124
:1027D000A5FB011E2CF001011160002121231160D5
:1027E00051609160D160116153614AF690034FEAE4
:1027F0001E1CC0F6010313F80C3040F2FF34A24354
:102800005F2D4FF03F0588BF0432C0E9162305FA5B
:1028100003F3C0E90F11C0E91111C0E9131193606E
:10282000416580F8351080F834100846B0BD00BF0F
:102830000120B0BDF0B581B004460020009040F208
:10284000C410C2F200000268D4E9166048F2B51361
:1028500037680821C1F64E3381403942A2FB032577
:102860000CD0226813685B0708D5136823F00403B3
:102870001360B160616D41F001016165012181402A
:10288000394208D022685269120604D5B160616DE0
:1028900041F00201616504218140394208D022687B
:1028A0001268920704D5B160616D41F00401616561
:1028B00010218140394217D020680268120713D5D1
:1028C000B16002680168520308D4C90508D40168E0
:1028D00021F008010160216C21B905E008033FD413
:1028E000216C09B120468847E16D202000FA01F2F1
:1028F0003A4241D020680368DB063DD5B26094F8C7
:1029000035300268052B1BD122F0160202604269A5
:1029100022F080024261226C0AB9A26C1AB10268EC
:1029200022F0080202603F208840B060012084F855
:102930003500216D0020002984F8340052D157E081
:102940000168520310D4C90512D4016821F01001A6
:102950000160012084F83500002084F8340007E08D
:10296000A16C0029BED1BFE7080301D4616C00E06F
:10297000E16B09B120468847606DC8B3606DC00740
:102980002ED0052084F835002068A90A026822F0BC
:1029900001020260009A01328A4200921AD802684B
:1029A000D20717D0009A01328A42009212D80268E8
:1029B000D2070FD0009A01328A4200920AD80268E8
:1029C000D20707D0009A01328A42009202D80268E8
:1029D000D207DFD1012084F83500002084F83400CC
:1029E000E16C29B1204601B0BDE8F040084700BFC6
:1029F00001B0F0BD2DE9F041044600F015FA002CBD
:102A00004ED00546022084F835000020216884F865
:102A10003400086820F0010008600868C00708D08A
:102A200000F002FA401B05286CD821680868C0072E
:102A3000F6D1086848F23F02CFF21002D4E901351E
:102A4000024004F10C0E9EE8C1511A432A43104380
:102A50003043384340EA0800626A40EA0C00042A26
:102A600040EA0E0320D1D4E90A5E206B4EEA03024D
:102A7000104308604869BEF1000F20F0030040EAEF
:102A8000050040F0040C15D0B8F5005F42D0B8F155
:102A9000000F51D1022D52D0012D47D055B94EE033
:102AA0000120BDE8F08100BF0B60486920F00700FD
:102AB00040EA020C6FF00F004AF6AB2250FA81F0A8
:102AC000CAF6AA22A0FB02231A094AF69003C0F60E
:102AD00001039A5C40F2FF335F284FF03F00C1F8DA
:102AE00014C021EA030100FA02F088BF0431C4E9EE
:102AF00016128860002301220020636584F83520C7
:102B0000BDE8F081032220230320636584F835208B
:102B1000BDE8F081032DCDD8012240230120DFE85C
:102B200005F0030E030500BFE7E700BFAEF1C0707C
:102B3000B0FA80F0400904E0032D04D3BAD1CEF3FB
:102B400000600028B6D0012240230120636584F88C
:102B50003520BDE8F081000070B590F834C0BCF1BC
:102B6000010F46D04FF0010C80F834C0D0F858E087
:102B700090F835C0BCF1010F38D14FF0020C80F84D
:102B800035C04FF0000CC0F854C0D0F800C08468C5
:102B9000056CC06DDCF80060402C26F48026CCF873
:102BA0000060CCF804300B4604BF13460A463F21B0
:102BB00001FA00F0CCF80830CCF80C20CEF8080070
:102BC000DCF8000040F01600CCF800002DB1DCF875
:102BD000000040F00800CCF80000DCF8000040F0F5
:102BE0000100CCF80000002070BD00BF002180F87B
:102BF0003410022070BD0000B0B5044600F014F996
:102C0000054640F27C00C2F200000078611C18BF4B
:102C1000044400BF00F008F9401BA042FAD3B0BD45
:102C2000022818BF704710B544F6E464C2F20004ED
:102C300045F2C441C2F2000120460EF091FF204649
:102C4000BDE810400EF09CBF43F61441C4F20101F0
:102C50000A68024214BF08607047FFF7E1BF000036
:102C60002DE9F04F82B000F13E4241F6004502F1FD
:102C7000FF77C4F2020508224FEAB726A84208BF30
:102C80000722072E38BF4FEAB7224FF0010A00246F
:102C900000274FF00008009208E000BF023708F15B
:102CA0000108202F04F1040400F0B4800E680AFA31
:102CB00008F916EA090FF1D0D1F804A00AF0030BC5
:102CC000ABF10106012E17D80322866802FA07FE2F
:102CD000CA6826EA0E06BA40324382604268CAF3E6
:102CE000001522EA090205FA08F54FEA480C6FEAD6
:102CF0000E062A4342600BE00322BA40D643BBF1E2
:102D0000030FBC4604D1BC464FF0030B22E000BFCA
:102D1000C2688D68324005FA0CF52A43BBF1020FF8
:102D2000C26017D16FF0030202EA5802024404F0B5
:102D30001C030F25D2F820E005FA03FA0D692EEAEC
:102D40000A0E05FA03F343EA0E031362D1F804A056
:102D50000AF0030B02680BFA0CF332401A431AF420
:102D6000403F4FF0010A026098D0002243F644032E
:102D70000192C4F202031A6843F6004E42F4804204
:102D80001A601A68C4F2010E02F480420192019A9C
:102D900028F003024FF6084C7244CFF6FF7C52F83D
:102DA0000C3004F00C060F25B540AB43009D05FA2E
:102DB00006F6334342F80C30DEF808204B6842EA4E
:102DC000090643F60C4CDD0258BF22EA0906CEF88C
:102DD0000860C4F2010CDCF800209D0242EA0906FA
:102DE00058BF22EA0906CCF80060DEF804209D03F3
:102DF00042EA090658BF22EA0906CEF80460DEF866
:102E00000020DB0342EA090658BF22EA0906CEF891
:102E1000006043E702B0BDE8F08F0000002A08BF61
:102E200009048161704700004BF28460C2F2000027
:102E30000068704740F27C004BF28461C2F20000EF
:102E4000C2F2000100780A68104408607047000070
:102E500080B543F60040C4F20200016841F40071FD
:102E60000160016841F480610160016841F4807192
:102E70000160032000F0C2F80F2000F005F800F018
:102E80005FF8002080BD000070B586B0002543F6D5
:102E900040010195C4F202010A68044642F00102B1
:102EA0000A60096801A801F00101019101996946D0
:102EB00001F09CF9049E002E18BF012601F0BCF918
:102EC0004DF68361B040C4F21B31A0FB01014FF00D
:102ED000FF3000EB914144F6CC70C2F200004FF09D
:102EE000804240F2E733C0E90021C0E902530561A6
:102EF000856102F05BF9054610B1284606B070BD49
:102F000044F6CC70C2F2000002F07CFA05460028BC
:102F1000F3D11C2000F036F80F2C0DD81C202146D0
:102F20000022002500F03EF840F28000C2F20000CE
:102F30000460284606B070BD0125284606B070BD65
:102F400082B0002043F640010190C4F202014A68B9
:102F500042F480424A604A6802F480420192019A37
:102F600000900868002240F08050086008680F2137
:102F700000F08050009000986FF0010002B000F067
:102F800011B80000002848BF704700F01F0101225F
:102F900002FA01F14EF200124009CEF2000242F8AC
:102FA0002010704710B54EF60C5CCEF2000CDCF829
:102FB0000030C3F3022E8EF00704042C28BF042433
:102FC000BEF103034FF0FF3E0EFA04F438BF0023B6
:102FD000A14399400EFA03F39A43114300F00F0204
:102FE000043A624409010C3200F16043B0F1FF3F42
:102FF000C8BF03F56442117010BD00004EF60C51BD
:10300000CEF200010A684FF6FF031A4060F30A226D
:1030100042F0806040F0FD7008607047704700002B
:1030200002680020516270472DE9F043D0F800900B
:10303000D9F82400A1B1D9F82830B1F1010800EB8A
:1030400013435DD0A8F10100C0B2032808F0030CBF
:103050000ED24FF0010E0027BCF1000F33D14FE02C
:1030600040EA0240C9F828000020BDE8F08300BF14
:1030700008F0FC0E09F1F404002009F5827500BF88
:1030800054F8107F064603EB174046F00103DBB20D
:1030900046F0020755F82330FFB255F8277000EBD1
:1030A000134000EB174346F00300C0B255F8201060
:1030B000301DC7B2774503EB1143E1D106F1050E90
:1030C000BCF1000F1CD009EB8700D0F80401BCF163
:1030D000010F03EB104313D05FFA8EF009EB800071
:1030E000D0F80401BCF1020F03EB104308D00EF13D
:1030F0000100C0B209EB8000D0F8040103EB1043DB
:1031000043EA024009EB8801C1F804010020BDE850
:10311000F0830000D0F8E0040BF0F0BF01EBC10237
:10312000D0F8E03400EB8200026A18460BF048BF8A
:1031300001EBC102D0F8E03400EB8200D0F860224D
:1031400018460BF09BBF0000D0F8E0040BF0D8BF8E
:1031500010B50446080601F00F0000EBC00104EBB7
:10316000810205D402F51571002382F8553203E07F
:10317000012302F11401537594F894240870012A74
:1031800004BF022010BD2068012284F894240CF0B2
:10319000CBFD002084F8940410BD0000B0B5027986
:1031A000044601F00F00904284BF0120B0BD090623
:1031B0000AD400EBC00104EB810202F51571002373
:1031C00082F8553208E000BF00EBC00104EB810239
:1031D000012302F11401537594F894240025012A67
:1031E0008D70087004BF0220B0BD2068012284F8F1
:1031F00094240DF087F8284684F89454B0BD00005C
:1032000001F00F0101EBC10100EB8100D0F8680271
:1032100070470000B0B50546080601F00F0000EB4E
:10322000C00105EB810C05D40CF5157100248CF858
:10323000554204E001240CF114018CF815404C783F
:103240006FF3DF22002C08708A600B7118BF48836F
:10325000022B04BF0020487195F89404012804BF94
:103260000220B0BD2868012285F894240CF0CAFB26
:10327000002085F89404B0BD10B501F00F0404EBF4
:10328000C40100EB810E4FF0000CCEF868C28EF83E
:1032900055C290F806C0CEF86022CEF86432BCF178
:1032A000010F8EF8544208BFCEF8702200680EF568
:1032B000157162460DF06EF8002010BDB0B50446E1
:1032C000007901F00F05854284BF0120B0BD0806DA
:1032D0000AD401EBC10004EB800000F51571002257
:1032E00080F8552208E000BF05EBC50004EB800024
:1032F000012200F11401427594F89404012201287E
:103300008A700D7004BF0220B0BD206884F8942438
:103310000DF020F825B1002084F89404B0BD00BF62
:103320002068A17904F29C420CF0BEFF002084F8D2
:103330009404B0BD80B501F00F0C0CEBCC0100EB98
:10334000810E714601F814CF4FF0000CC1F814C083
:103350004FF0010C81F801C090F806C0CA60BCF1C2
:10336000010F0B6108BFCEF83020006862460DF0F7
:1033700011F8002080BD00002DE9F04F8BB00568EA
:10338000824628460DF028FA10B10BB0BDE8F08F48
:10339000DAF800000DF04EFA0028F6D0D5F808084B
:1033A000C0F30D21DAF80000CAF8D4140DF042FA87
:1033B0000146DAF80000890703D5416901F00201EE
:1033C000416105F5006103910DF034FA0146DAF828
:1033D0000000C90605953BD5816921F01001816186
:1033E0002C6AC4F34340062804F00F0518D00228C5
:1033F00027D147F6F07014EA000622D005EBC5008D
:103400000AEB8007D7F860123409059822460DF0C0
:1034100015FAD7F8600200EB1610C7F8600207E053
:1034200005980AF29C4108220DF008FAC4F30A1428
:1034300005EBC5000AEB8000D0F868122144C0F803
:103440006812DAF80000816941F010018161059D80
:103450000DF0F0F90003CDF828A040F1ED80DAF886
:1034600000000DF0C5F9002800F0E68006460AF2DB
:103470009C400AF51D784FF430644FF0000B099022
:103480001BE000BF2819022181605FEA8A6042BF09
:103490002819202181605FEA8A40DDF828A042BF18
:1034A00028194FF4005181600BF1010B760804F1EB
:1034B000200408F1240800F0BF80F007F4D0DAF807
:1034C00000005FFA8BF949460DF0ACF98246C0075F
:1034D00062D02819012181600A9F38682118036C85
:1034E0008A68BF79012F29D1170735D4970600F1D3
:1034F0009B8012F0280F4FD143F20B07C4F654778C
:10350000BB4202D312F400422FD1D8F8002009693F
:10351000BBF1000F6FF3DF41A2EB010148F80C1C77
:1035200035D10A9BD3F86422002A00F08380D3F8B7
:1035300060020844C3F8600229E000BF43F20B07B1
:10354000C4F65477FF37BB4216D110040DD4900651
:1035500044BF202088601AE043F20B00C4F6547088
:10356000834219D312F4004016D04FF40040886013
:103570005FEA0A7013D437E0BBF1000F07D10A9954
:10358000D1F8641219B90021099A0CF08DFE0A983D
:103590004946FFF7CDFD00BF5FEA0A7024D5281920
:1035A000082181600A9843F20B020068C4F6547245
:1035B000056C20448168571EBD4205D911F40041B5
:1035C0001CBF4FF4004181600A9800F01DFDBD4210
:1035D000059D09D90A988079012805D10A98099A88
:1035E000006801210CF060FE5FEACA6042BF281942
:1035F000102181605FEA8A707FF547AF6869000635
:1036000004D50399486840F48060486018F81D0CA0
:1036100001287FF437AF002008F81D0C0A984946AE
:1036200000F042FB2EE700BF202088605FEA0A70AE
:10363000B5D4D9E70121A7E7DAF800000DF0FAF8D0
:10364000039E400340F1DE80DAF800000DF0C8F878
:10365000002800F0D78005F5106104910AF29C4122
:103660004FF0000B029104E040080BF1010B00F059
:10367000C980C107F8D00690DAF800005FFA8BF134
:1036800009910DF0BDF8049F0446C00728D00BF047
:103690000F00716B012202FA00F021EA0000706352
:1036A00007EB4B1082609AF80600012814D10BEB4F
:1036B000CB000AEB8000D0E90712BBF1000F1144E8
:1036C000016209D1DAF8240030B9DAF80000029A70
:1036D00001210CF0E9FD00BF09995046FFF71EFDDE
:1036E000200742BF07EB4B1008218160E00642BF74
:1036F00007EB4B1010218160600642BF07EB4B10B7
:1037000040218160A00715D5284659460CF0F6FFE8
:103710000BEBCB000AEB800010F8171F012905D135
:10372000002101700999504600F0BAFA07EB4B10DE
:10373000022181602006069896D50BEBCB010AEB9F
:103740008104A14659F8242FC84658F8047FBA428C
:103750008AD3DAF8005054F81C3FD11B994288BF35
:103760001946089505EB4B1CDCF818590331ADB22E
:10377000B5EB910F28BFBA4204D8059DBA423FF677
:1037800073AF33E004F1040ADAF800100CF51065A9
:10379000079400BF0A98D41B9C42867988BF1C46B8
:1037A000DDE90802A3B200960DF0F4FADAF80000A1
:1037B000E31C0119D8F80000CAF800100719C8F86E
:1037C0000070AA6996B2D9F80020B6EB930F28BF13
:1037D000BA4203D907980368DCE700BFDDF828A0E8
:1037E000039EDDE90550BA423FF63EAF089F0BF05D
:1037F0000F02D7F83418012303FA02F29143C7F8F5
:10380000341831E7DAF800000DF014F8002823D45A
:10381000DAF800000DF00EF800053AD4DAF80000EE
:103820000DF008F8C00444D5D5F80408102120F0A4
:103830000100C5F80408DAF800000CF05FFF9AF800
:103840000400002800F0F580411E032900F0030C5D
:1038500032D200219CE000BF706820F0010070604F
:103860009AF8CC04012807D100208AF8CC045046ED
:103870000021FFF7D3FB02E0504600F0A9FBDAF885
:103880000000416901F0004141610CF0D3FF0005E7
:10389000C4D5B068C00702D0504600F0DDFBDAF8AE
:1038A0000000416901F4006141610CF0C3FFC004F4
:1038B000BAD4DAF80000EAE000F0FC0E05F5366351
:1038C0004FF6A0564FF6C0554FF6E0544FF6006045
:1038D00000214FF67F37CFF6FF76CFF6FF75CFF694
:1038E000FF74CFF6FF7000BFA3F5187297609A5966
:1038F000043122F400129A5143F8587C53F8602C9A
:103900008E4522F4001243F8602C53F8602C42F0EC
:10391000006243F8602CA3F5107297605A5922F4A4
:1039200000125A5143F8387C53F8402C22F400120C
:1039300043F8402C53F8402C42F0006243F8402CEE
:10394000A3F5087297601A5922F400121A5143F82D
:10395000187C53F8202C22F4001243F8202C53F842
:10396000202C42F0006243F8202CA3F500729760EF
:103970001A5822F400121A509F601A6822F400129A
:103980001A601A6842F000621A6003F18003ABD13A
:10399000059D039EBCF1000F4BD005F5106000EBB8
:1039A00041124FF67F334F019360C65905F53062DF
:1039B00026F40016C65102EB4116B360D659BCF18D
:1039C000010F26F40016D651D65946F00066D6519E
:1039D000039E2ED04F1C00EB47157E01AB6085592E
:1039E00002EB471725F400158551BB609359BCF1D4
:1039F000020F23F400139351935943F00063935142
:103A0000039E16D0023100EB41174FF67F364B0173
:103A1000BE60C75827F40017C75002EB41108660FC
:103A2000039ED05820F40010D050D05840F00060D1
:103A3000D050F06940F00110F0619AF80F0048B1E1
:103A4000D6F8840040F00B00C6F8840006F144006C
:103A500007E000BF706942F22B010843706106F174
:103A6000100001680AF29C4241F00B0101603068CD
:103A700020F4FE603060DAF800009AF806100CF0CE
:103A800013FCDAF80000416901F4805141610CF047
:103A9000D1FE0146DAF8000089041AD50BF0F8FFD0
:103AA000DAF800000CF08AFEDAF800408AF8070025
:103AB00000F0BCFB9AF80720014620460DF0DAF82A
:103AC000504600F06FFADAF80000416901F4005145
:103AD00041610CF0AFFE000706D4DAF800000CF0EC
:103AE000A9FE00060DD435E0504600F075FADAF86C
:103AF0000000416901F0080141610CF09BFE0006E5
:103B000028D50599886920F0800088619AF804001A
:103B100002281FD30AF27B24012504E001358542E7
:103B200004F1240416D221780129F7D105F00F0001
:103B300000EBC0000AEB80022806DAF8000002F170
:103B4000140158BF02F515710CF048FD9AF80400F5
:103B5000E4E700BFDAF800000CF06CFEC0024BD4C2
:103B6000DAF800000CF066FE059D80027AD59AF81E
:103B70000400022827D3013805F532610AF51F72C7
:103B8000012305E0013801F1200102F124021AD0DD
:103B90000F681678012EF5D1B7F1FF3FF2DCDAF8A5
:103BA000D46486EA1747FF07ECD102F8013CAF69FD
:103BB00047F08007AF616F693F06E3D40399486817
:103BC00040F400704860DAF80000416901F4001127
:103BD00041610CF02FFE40004AD55046FFF79AFA9B
:103BE000DAF80000416901F0804141610CF022FEE9
:103BF00040077FF5CAAB42E09AF80400022825D3BB
:103C000005990AF13C0501F512640126012705E03A
:103C100001372034874205F1240517D221682A781C
:103C2000012AF5D1B1F1FF3FF2DC07F00F0000EB04
:103C3000C0000AEB8001DAF80000143105F8016CCD
:103C40000CF0CCFC9AF80400E2E700BFDAF80000C0
:103C5000416901F4801141610CF0ECFD059D800289
:103C60003FF585AFDAF800000CF0E4FD4000B4D475
:103C7000DAF800000CF0DEFD40077FF586ABDAF8DD
:103C800000004468610704D55046FFF75DFADAF892
:103C900000004168214341600BB0BDE8F08F000097
:103CA000D0F8E0040BF086BAD0F8E0040BF096BA36
:103CB000F0B581B0002800F025810446056890F831
:103CC000950428B9002084F89404204600F02AF9CD
:103CD0000320B5F1A04F84F8950404BF0020A07123
:103CE00020680CF0D9FA94E80F00267C00960BF0BF
:103CF000DFFE002840F00381206800210CF0F4FD75
:103D0000002840F0FC802179002900F0F180A1F129
:103D1000010C01F0030EBCF1030F4FF0000045D37E
:103D200001F0FC0504F19A02012600235F1C02F851
:103D3000627C22F8487C9F1C02F8863C22F86C3C8E
:103D400002F83E7C22F8247CDF1C043302F8856CE8
:103D500002F8820C42F87E0C42F87A0C42F8760C9B
:103D600002F8616C02F85E0C42F85A0C42F8560CEC
:103D700042F8520C02F83D6C02F83A0C42F8360C4C
:103D800042F8320C42F82E0C02F8196C02F81A7C38
:103D9000178002F8160C42F8120C42F80E0C42F88A
:103DA0000A0CAB4202F19002C0D11846BEF1000FDE
:103DB0002CD000EBC00204EB820501230022BEF1EF
:103DC000010F6B752875E8852A76C5E907226A62B6
:103DD0001CD0451C05EBC50604EB8606BEF1020FA0
:103DE00073753575F5853276C6E9072272620DD096
:103DF000023000EBC00204EB820201231075D08573
:103E0000002053751076C2E90700506200296FD078
:103E1000BCF1030F4FF0000233D301F0FC0004F5B6
:103E2000347100235F1C01F8587C9F1C01F87C3C16
:103E300001F8347CDF1C043301F87B2C01F8782C6A
:103E400041E91D2241F86C2C01F8572C01F8542C43
:103E500041E9142241F8482C01F8332C01F8302CA8
:103E600041E90B2241F8242C01F80F2C01F8107CB9
:103E700001F80C2C41E9022241F8902B8342D1D168
:103E80001A46BEF1000F33D002EBC20004EB8001F2
:103E90000020BEF1010F81F8550281F8542281F80B
:103EA0005802C1E99700C1F8640221D0511C01EB0E
:103EB000C10304EB8303BEF1020F83F8550283F8BC
:103EC000541283F85802C3E99700C3F864020FD074
:103ED000901C00EBC00104EB8101002281F8552207
:103EE00081F8540281F85822C1E99722C1F864226E
:103EF00094E80F00277C00970BF078FF30B1022088
:103F000084F895040125284601B0F0BD0025012064
:103F1000657484F8950420680BF058FF284601B0BA
:103F2000F0BD0000B0B586B00068B0F1A04F01D080
:103F300006B0B0BD002543F630040195C4F202047A
:103F4000206801A940F001002060206800F0010015
:103F5000019001984FF4C05001900220CDE9020574
:103F6000032004900A2005900020C4F20200FEF70E
:103F700077FE6068052140F0800060600095606910
:103F8000002240F480406061606900F4804000904D
:103F900000984320FFF706F84320FEF7F3FF06B032
:103FA000B0BD000010B50446C07928B1022818BF82
:103FB000FDF7A6FA012100E00021D4F8E0040BF09F
:103FC00093F9D4F8E004BDE810400BF041B90000CB
:103FD000D0F8E0040BF070B9D0F8E0040BF076B93B
:103FE00010B5044690F89404012804BF022010BDC7
:103FF000012084F89404617420680CF029FE0020EC
:1040000084F8940410BD0000D0F8E02400F29C4134
:1040100010460BF07FB9000010B5044690F89404E8
:10402000012804BF022010BD2068012184F89414E7
:10403000C168490606D5617B012903D1816B41F432
:10404000803181630CF052FB20680BF0AFFE002042
:1040500084F8940410BD000010B50446D0F8E004C4
:104060000BF0AEF92068D0F8001E41F00101C0F855
:10407000001EE07A002808BF10BD4EF61050CEF2A8
:104080000000016841F00601016010BD2DE9F0411A
:10409000002800F08B8043F60808C4F202080446AA
:1040A000D8F8F8030D4600F00700884207D288F8D8
:1040B000F853D8F8F80300F00700A84276D120683A
:1040C000810717D5410705D5D8F8001041F4E05114
:1040D000C8F80010010705D5D8F8001041F4604178
:1040E000C8F80010D8F80010A26821F0F0011143C0
:1040F000C8F80010C0073FD1D8F8F80300F0070057
:10410000A84207D988F8F853D8F8F80300F0070058
:10411000A8424BD12068410707D5D8F80010E268C3
:1041200021F4E0511143C8F80010000708D5D8F871
:104130000000216920F4604040EAC100C8F8000096
:1041400000F0A2F8D8F800104AF22C32C1F30311A3
:10415000C0F60102515C40F2C41220FA01F140F2B3
:104160008000C2F200000068C2F200021160FEF797
:104170008BFE0020BDE8F0816068811E022907D215
:1041800058F8081C89015CBF0120BDE8F08111E0EE
:10419000012807D158F8081C89035CBF0120BDE83D
:1041A000F08107E058F8081C890703D40120BDE816
:1041B000F08100BFD8F8001021F003010843C8F8CF
:1041C0000000FEF731FE064641F28837D8F80000BD
:1041D000616800F00C00B0EB810F8DD0FEF724FE7B
:1041E000801BB842F2D90320BDE8F0810F220260A3
:1041F00043F60802C4F20202136803F003034360AB
:10420000136803F0F0038360136803F4E053C360A2
:10421000D2F800C04FF4E05303EADC030361D2F8A4
:10422000F80300F0070008607047000040F2C41077
:10423000C2F200000068704740F2C41043F6080163
:10424000C2F20000C4F20201006809684AF23C327E
:10425000C1F38221C0F60102515CC84070470000E2
:1042600040F2C41043F60801C2F20000C4F2020199
:10427000006809684AF23C32C1F34231C0F60102DB
:10428000515CC8407047000010B543F60404C4F206
:104290000204606800F00C0008280BD0042819BF45
:1042A00042F20040C0F2F40041F60030C0F2B70024
:1042B00010BD00BF206821682368490241F6003123
:1042C000C0F2B70100F03F02C3F388105CBF42F2B6
:1042D0000041C0F2F401A1FB00010023FBF7E8FF5D
:1042E00021680222C1F3014102EB4101B0FBF1F070
:1042F00010BD00002DE9F04182B000286AD00446CC
:10430000007843F60006C007C4F202060BD0B0687E
:1043100000F00C00042840F0A1803068800302D532
:104320006068002856D0207880071AD5B06810F051
:104330000C0F09D0B06800F00C00082840F0A880ED
:104340007068400200F1A4803068800702D5E06800
:1043500001283FD13068216920F0F80040EAC1000F
:1043600030602078000739D4207840074ED4A56902
:104370005DB3B06800F00C00082840F0BD80012D4E
:1043800028D07068E16900F480028A4222D1216A53
:1043900000F03F028A421DD147F6C071626A0140B7
:1043A000B1EB821F16D1A26A0023CFF6FF7303EB95
:1043B000C23200F440316FF30F0291420AD1E16A38
:1043C00000F07060B0EB016F04D1002002B0BDE8D6
:1043D000F08100BF012002B0BDE8F08160690028D3
:1043E00040F20000C4F2472076D00121C0F8801EC0
:1043F000FEF71AFD054600BF706F8007B4D4FEF7C4
:1044000013FD401B0228F7D9DDE000BF306C10F02F
:1044100080580AD100200190306C40F08050306408
:10442000306C00F080500190019847F20007C4F210
:1044300000073868C00541D4386840F4807038609F
:10444000FEF7F2FC054600BF3868C00536D4FEF71B
:10445000EBFC401B0228F7D9B5E000BFB06800F0C4
:104460000C00082803D1706840023FF556AF606821
:10447000B0F5803F07D0B0F5A02F40F08D803068B8
:1044800040F480203060306840F4803030608DE04F
:10449000E068002852D00020C4F2472001210160CA
:1044A000FEF7C2FC054600BF306880073FF552AFFB
:1044B000FEF7BAFC401B0228F6D984E0A068012868
:1044C00005D005284ED1306F40F004003067306FC2
:1044D00040F0010030674FE00021C0F8801EFEF779
:1044E000A3FC0546706F80077FF53EAFFEF79CFC8E
:1044F000401B0228F6D966E00027C4F247270020B7
:104500003866FEF791FC022D05460BD1306880011C
:104510005ED5FEF789FC401B02284FF00300F5D959
:1045200054E700BF306880017FF54FAFFEF77CFC99
:10453000401B02284FF00300F4D947E70020C4F2E3
:10454000472000210160FEF76FFC054630688007B8
:104550007FF507AFFEF768FC401B02284FF0030011
:10456000F4D933E7316F002821F001013167316F51
:1045700021F0040131674DD0FEF756FC054641F2AB
:10458000883700BF306F800756D4FEF74DFC401BC4
:10459000B842F7D917E000BF3168002821F4803114
:1045A0003160316821F4802131604FD0FEF73CFC4E
:1045B000054600BF306880033FF5B5AEFEF734FC1A
:1045C000401B6428F6D9032002B0BDE8F08100BF8B
:1045D00004F11C052FCD08430021CFF6FF7140EAFE
:1045E000821001EBC3316FF30F0140EA056008430D
:1045F000706001203866FEF717FC044630688001C1
:104600003FF5E3AEFEF710FC001B02284FF003005D
:10461000F4D9DBE6FEF708FC054641F2883700BF17
:10462000306F800708D5FEF7FFFB401BB8424FF004
:104630000300F5D9CAE600BFB8F1000F7FF497AECA
:10464000306C20F08050306491E600BFFEF7ECFB48
:10465000054600BF306880037FF565AEFEF7E4FBDA
:10466000401B64284FF00300F4D9AFE690F85100E6
:104670007047000070B538B10446406A30B1002080
:10468000206104F1140007E0012070BD6068B0F5FE
:10469000827F03D004F11C00002101600026A66285
:1046A00094F8510020B9204684F8506000F03CF89E
:1046B000022084F8510094E80F0001F4827105682B
:1046C00002F4044225F040050560114403F4006241
:1046D0002369114403F002026369114403F00102EB
:1046E000A369E569114403F40072114405F038022E
:1046F000256A114405F08002A56A114305F40052B1
:1047000011430160626A042101EA134102F01002C0
:1047100011444160C16921F40061C16101206665F5
:1047200084F85100304670BD2DE9F04F87B0044643
:10473000216843F60002C4F2000200209142CDE954
:104740000500CDE90300029000F0928043F20000E2
:10475000C4F20100814240F0B480002743F63000EB
:104760000197C4F20200416940F2004541F48051D2
:1047700041614169C4F2020501F48051019101993E
:104780000197016802AE41F00201016001684FF03B
:10479000020901F0020101910199019701684FF0AE
:1047A000010A41F00101016000684FF0030B00F0C5
:1047B000010001900198182002904FF0050828464A
:1047C0003146CDF80C90CDF810A0CDF814B0CDF84E
:1047D0001880FEF745FA802002A981E8010ECDF885
:1047E000188046F21048A5F580603146C4F20208F0
:1047F000FEF736FA44F24865C2F200054FF4403045
:104800004FF0C0664FF48069C5E908072846C5E93E
:104810000086C5E90277C5E90497C5E90677FEF782
:10482000E9F8002818BFFCF76BFEE564AC6344F2BE
:10483000A86508F14800C2F200054021C5E900065C
:1048400005F1080080E882024FF40030C5E908074E
:104850002846C5E90577EF61FEF7CCF8002818BFB8
:10486000FCF74EFEA564AC6307B0BDE8F08F00BF57
:1048700043F630010190C4F202010A6942F4804219
:104880000A610A6902F480420192019A01900A6861
:1048900042F002020A60096801F0020101910199E7
:1048A0004FF4604102910221CDE9031003200590ED
:1048B0000520069040F20040C4F2020002A9FEF773
:1048C000CFF907B0BDE8F08F2DE9F04182B0044682
:1048D00090F85100012818D10E4600294FF0010030
:1048E00000F0E9801746002A00F0E58060681D4668
:1048F000B0F5827F03D1A068002800F0B580FEF7F4
:1049000093FA94F85010012904D1022002B0BDE8B6
:10491000F08100BF8046012084F85000042000216F
:1049200084F851006165A663A787E7872163A186A4
:10493000E186A2682068B2F5004F2164616439D035
:104940000168490641D5E168002945D0E18F002979
:1049500074D0691C1BD000BF8168C90706D1FEF75F
:1049600063FAA0EB0800A84208D3A7E0C068A16BD7
:1049700021F8020BA163E08F0138E087E08F002867
:104980005CD020688168C907E9D0EFE720688168BA
:10499000C90703D1FEF748FA08E000BFC068A16B61
:1049A00021F8020BA163E08F0138E087E08F002837
:1049B000ECD143E0016821F040010160016821F47D
:1049C0008041016001684906BDD4016841F04001A1
:1049D0000160E1680029B9D1E18F79B3691C1AD06F
:1049E0008168C90706D1FEF71FFAA0EB0800A842AC
:1049F00009D363E0007BA16B0870A06B0130A0635A
:104A0000E08F0138E087E08FC0B120688168C90776
:104A1000E9D0EFE720688168C90703D1FEF704FAFF
:104A200009E000BF007BA16B0870A06B0130A063A0
:104A3000E08F0138E087E08F0028EBD16068B0F5A7
:104A4000827F0ED1A068B0F5004F02D0B0F5806F24
:104A500018D12168B0F5806F0A6822F040020A6020
:104A600010D1204601210FE0042084F85100204697
:104A7000314632463B46009500F06AF902B0BDE887
:104A8000F08100BF2046802100222B46CDF8008017
:104A900008F054FD28B1606D40F0200060652020D2
:104AA0006065012084F85100002084F85000606D9A
:104AB000002818BF012002B0BDE8F081012084F871
:104AC0005100002084F85000032002B0BDE8F081BE
:104AD0002DE9F04184B01D4616460F460446FEF708
:104AE000A3F994F8511001290ED18046002F4FF000
:104AF000010018BF002E03D104B0BDE8F08100BF53
:104B000094F85000012803D1022004B0BDE8F081E0
:104B1000012084F850000320002184F851006165D1
:104B20002763A686E686A163A187E187A068216442
:104B3000B0F5004F2068616407D1016821F04001A1
:104B40000160016841F4804101600168490603D4B5
:104B5000016841F0400101606168731EE268B1FACA
:104B600081F1B3FA83F349095B09B2F5006F41EAB9
:104B700003013BD131B137F8021BC1602763E18EDD
:104B80000139E186E18E002972D0691C1BD000BF7B
:104B90008168890706D4FEF747F9A0EB0800A84210
:104BA00008D346E0216B31F8022BC2602163E08E0E
:104BB0000138E086E08E00285AD020688168890795
:104BC000E9D5EFE720688168890703D4FEF72CF95F
:104BD00008E000BF216B31F8022BC2602163E08E38
:104BE0000138E086E08E0028ECD141E039B1397817
:104BF0000173206B01302063E08E0138E086E08E87
:104C0000B0B3681C0BD123E0216B09780173206BD2
:104C100001302063E08E0138E086E08E40B32068EA
:104C200081688907F0D4FEF7FFF8A0EB0800A842DE
:104C3000F3D3012084F85100002084F850000320B1
:104C400004B0BDE8F08100BFFEF7EEF8E08E78B169
:104C5000206881688907F7D5216B09780173206B7B
:104C600001302063E08E0138E086E08E0028EFD12D
:104C70002046022101222B46CDF8008008F05EFC80
:104C8000E0B1606D40F02000606520206065A068A4
:104C900038B9002002902068C168029180680290B3
:104CA0000298012084F85100002084F85000606DC3
:104CB000002818BF012004B0BDE8F08140F2C41004
:104CC000C2F20000006849F68171C1F25E61A0FB8A
:104CD0000101480D4FF47A71484303906068B0F5C4
:104CE000827F0BD12046802100222B46CDF8008008
:104CF00008F024FC0028C4D1C9E700BF03980028AD
:104D0000C5D0039801380390206880680006BED59E
:104D100003980028BBD0039801380390206880686E
:104D20000006B4D503980028B1D003980138039049
:104D3000206880680006AAD503980028A7D00398A9
:104D400001380390206880680006D7D49FE70000F0
:104D50002DE9F04383B01E4615460F460446FEF784
:104D600063F894F851108146012909D1002F4FF0C2
:104D7000010018BF002D0FD103B0BDE8F08300BFC4
:104D80006068B0F5827F0DD1A06800284FF0020066
:104D900008BF0429F0D1E9E7002EEDD094F85000C7
:104DA000012803D1022003B0BDE8F083012084F87C
:104DB000500094F85100002104281CBF052084F8FD
:104DC00051006165A563E687A6872763E6862068AC
:104DD000A686216461640168490603D4016841F034
:104DE000400101606168731EE268B1FA81F1B3FAB3
:104DF00083F3DDF8288049095B09B2F5006F41EAC9
:104E0000030165D131B137F8021BC1602763E08E21
:104E10000138E086012518F1010032D102E000BF1F
:104E2000FEF702F8E08E18B9E08F002800F0B88095
:104E30002068816889070CD5E18E51B1012D08D118
:104E4000216B002531F8022BC2602163E18E01390C
:104E5000E1868168C907E3D0E18F0029E0D0C0680E
:104E6000A16B012521F8020BA163E08F0138E087D7
:104E7000D6E700BFFDF7D8FFA0EB0900404580F062
:104E8000A580E08E18B9E08F002800F089802068A6
:104E9000816889070CD5E18E51B1012D08D1216BB4
:104EA000002531F8022BC2602163E18E0139E186D1
:104EB0008168C907DED0E18F0029DBD0C068A16B13
:104EC000012521F8020BA163E08F0138E087D1E7CB
:104ED00039B139780173206B01302063E08E0138DD
:104EE000E086012518F1010032D101E0FDF79CFFB9
:104EF000E08E10B9E08F002852D0206881688907C1
:104F00000ED5E18E61B1012D0AD1216B0025097802
:104F10000173216B206801312163E18E0139E18643
:104F20008168C907E2D0E18F0029DFD0C068A16B9A
:104F300001250870A06B0130A063E08F0138E08785
:104F4000D4E700BFFDF770FFA0EB090040453DD25C
:104F5000E08E08B9E08F18B32068816889070ED504
:104F6000E18E61B1012D0AD1216B00250978017311
:104F7000216B206801312163E18E0139E18681686E
:104F8000C907DFD0E18F0029DCD0C068A16B012503
:104F90000870A06B0130A063E08F0138E087D1E793
:104FA0002046022101224346CDF8009008F0C6FABF
:104FB000B0B1606D40F02000606520206065002089
:104FC00084F85000012003B0BDE8F083012084F88C
:104FD0005100002084F85000032003B0BDE8F083A6
:104FE00040F2C410C2F20000006849F68171C1F2BB
:104FF0005E61A0FB0101480D4FF47A7148430290B5
:105000006068B0F5827F21D120468021002243468E
:10501000CDF8009008F092FA0028CAD1A06838B9FB
:10502000002001902068C16801918068019001987A
:10503000012084F85100002084F85000606D0028A1
:1050400018BF012003B0BDE8F08300BF029800281C
:10505000E4D0029801380290206880680006DDD50F
:1050600002980028DAD002980138029020688068FF
:105070000006D3D502980028D0D0029801380290BB
:10508000206880680006C9D502980028C6D002981A
:1050900001380290206880680006D7D4BEE700007F
:1050A0007047000070470000B0B590F83C20012A1E
:1050B00004BF0220B0BD01F108053CCDD1E900CE0E
:1050C00023F47C5322F470521A432EF4F0431A4313
:1050D0002CF4E0431A4324F4C0431A432A43C96919
:1050E00022F48042036811435964002180F83C1087
:1050F0000846B0BD10B590F83C20012A4FF00202DE
:1051000051D080F83D200268D2F804E0D2F808C0FF
:105110000C682EF07003234341F2FF74C4F20004C4
:10512000A24253600EDC40F2FF73C4F200039A42C5
:1051300016DCB2F1804F2BD040F20043C4F20003E2
:1051400024E000BF40F2FF33C4F201039A4213DCB3
:1051500041F60003C4F200039A4219D0002313E081
:1051600040F60003C4F200039A4211D040F6004317
:10517000C4F200030AE000BF44F20003C4F20103DA
:105180009A4205D040F20043C4F201039A4204D18E
:1051900049682CF08003194391600121002280F8B6
:1051A0003D1080F83C20104610BD0000002804BFD0
:1051B0000120704710B5044690F83D0028B9002042
:1051C00084F83C00204600F01FF8022084F83D00DF
:1051D0002068211D08F00AFE012084F8460084F8AA
:1051E0003E0084F83F0084F8400084F8410084F8D1
:1051F000420084F8430084F8440084F8450084F8B1
:105200003D00002010BD0000F0B581B004460068EC
:105210004FF6FF71C4F2000188422DDC40F20041DC
:10522000C4F20001884249D040F60001C4F20001F6
:1052300088425DD041F20041C4F20001884240F052
:10524000DE800020009043F64000C4F202000168B6
:10525000002241F0200101600068052100F02000DB
:10526000009000983720FDF79DFE372001B0BDE883
:10527000F040FDF787BE00BF44F20041C4F20101D7
:1052800088426BD040F20041C4F20101884200F034
:105290007F800021C4F20101884240F0B0800020EC
:1052A000009043F64000C4F20200416841F0010161
:1052B0004160406800F001005DE000BF0020009008
:1052C00043F64000C4F202000168002241F00201EE
:1052D00001600068052100F00200009000981D2088
:1052E000FDF760FE1D2001B0BDE8F040FDF74ABEAD
:1052F000002043F640010090C4F202010A6844F223
:10530000087542F004020A600968C2F2000501F063
:1053100004010091009946F2B801C4F202014FF075
:1053200080624FF48063C5E90012C5E9020005F10F
:105330001001C5E90700686228464FF4006C4FF47D
:10534000005E81E80850FDF755FB002818BFFCF708
:10535000D7F8E562AC6301B0F0BD00BF002000905B
:1053600043F64000C4F20200416841F4003141605C
:10537000406800F4003000900098192005210022B8
:10538000FDF710FE192001B0BDE8F040FDF7FABDB1
:10539000002043F640010090C4F202014A6844F242
:1053A000687542F002024A604968C2F2000501F0E5
:1053B00002010091009946F2B801C4F2020101F520
:1053C00062714FF06062402385E80E0005F10C0128
:1053D0004FF4806C4FF4006E4FF400564FF480771A
:1053E00081E80150C5E908002846C5E90667FDF7D0
:1053F00001FB002818BFFCF783F86562AC6301B0BD
:10540000F0BD000090F83D1001291CBF012070473D
:10541000022180F83D10006841F2FF72C168C4F2B9
:105420000002904241F00101C1600DDC40F2FF71C9
:10543000C4F20001884215DCB0F1804F2AD040F25E
:105440000041C4F2000123E040F2FF31C4F2010147
:10545000884213DC41F60001C4F20001884219D0F1
:10546000002113E040F60001C4F20001884211D08F
:1054700040F60041C4F200010AE000BF44F200011E
:10548000C4F20101884205D040F20041C4F201019A
:10549000884206D1816801F00701062904BF002077
:1054A0007047016841F00101016000207047000071
:1054B00080B590F83C20012A4FF0020200F0C28033
:1054C00080F83D20D0F800C04FF67772DCF8083045
:1054D00023EA0202CCF808200B684F2B28DC1F2B94
:1054E00044DD202B45D0302B43D0402B40F0AC8006
:1054F000D1F804E0C968DCF82030DCF8202022F084
:105500000102CCF82020DCF8182022F0F00242EA58
:10551000011123F00A0242EA0E02CCF81810CCF86E
:105520002020DCF8081041F0470121F0300180E034
:105530006F2B27DDB3F5005F48D0B3F5805F7AD0DD
:10554000702B40F08180D1E901E3C968DCF80820C4
:1055500043EA0E0322F47F4243EA01211143CCF8CF
:105560000810DCF8081041F0770162E00BB1102B55
:105570006AD1DCF8081021F07001194341F00701ED
:1055800057E000BF502B35D0602B5DD1D1F804E03F
:10559000C968DCF82030DCF8202022F01002CCF8BA
:1055A0002020DCF8182022F4704242EA013123F076
:1055B000A00242EA0E12CCF81810CCF82020DCF839
:1055C000081041F0670121F0100132E0D1E901E358
:1055D000C968DCF8082043EA0E0322F47F4243EA5C
:1055E00001211143CCF80810DCF8081041F4804187
:1055F0001FE000BFD1F804E0C968DCF82030DCF817
:10560000202022F00102CCF82020DCF8182022F023
:10561000F00242EA011123F00A0242EA0E02CCF83B
:105620001810CCF82020DCF8081041F0570121F0C8
:105630002001CCF808100022012180F83D10002143
:1056400080F83C10104680BD0122F5E7704700004D
:105650007047000070B504460068C5680669B10768
:1056600016D515F0020113D06FF00201016101217E
:1056700021778069800703D02046FFF7E9FF05E026
:10568000204600F08FF8204600F0D0F90020207767
:10569000700719D515F0040016D020686FF00401CA
:1056A000016102212177806910F4407F04D02046F7
:1056B000FFF7CEFF06E000BF204600F073F820465B
:1056C00000F0B4F900202077300717D515F0080056
:1056D00014D020686FF00801016104212177C069AE
:1056E000800703D02046FFF7B3FF05E0204600F017
:1056F00059F8204600F09AF900202077F00619D5D5
:1057000015F0100016D020686FF01001016108211B
:105710002177C06910F4407F04D02046FFF798FF3E
:1057200006E000BF204600F03DF8204600F07EF97C
:1057300000202077F00718BF15F0010002D13006D5
:1057400009D412E020686FF001010161204600F0E9
:1057500041FB300609D515F0800006D020686FF0B7
:10576000800101612046FFF79BFC700609D515F00A
:10577000400006D020686FF040010161204600F033
:1057800073FBB00658BF70BD15F0200008D021682B
:105790006FF0200220460A61BDE87040FFF782BC2E
:1057A00070BD0000704700002DE9F04190F83C30DA
:1057B000012B04BF0220BDE8F0814FEAB202032AA8
:1057C00000F2FC80DFE802F0023E7EBE036840F299
:1057D00000471C6A1A6A24F0020422F001021A62CD
:1057E0001A46D3F804E052F818CF8E6843F4806567
:1057F000C4F20107BD4244EA060405D1CE6824F094
:105800000C0426F0040634430E68BD4207D1D1E9EA
:1058100005572EF4407E45EA0E0545EA070E2CF0AA
:1058200073073743C3F804E09F614F6809695F63FA
:105830001C629F6947F008079F619F6927F0040772
:105840009F61B1E0036840F200481C6A1A6A24F0C4
:10585000200422F010021A621A46D3F804E052F82B
:1058600018CF8F6843F48065C4F20108454544EAC7
:10587000071407D1CF686FF0400624F0C00406EA91
:10588000071634430F68454507D1D1E905562EF474
:10589000406E4EEA850545EA860E2CF4E64646EA59
:1058A0000727C3F804E09F614F6809699F631C6282
:1058B0009F6947F400679F619F6927F480679F6134
:1058C00071E000BF036840F200481C6A1A6A24F4C1
:1058D000007422F480721A621A46D3F804E052F877
:1058E0001CCF8F6843F48065C4F20108454544EA43
:1058F000072408D1CF6840F2FF463F0224F44064F9
:1059000027EA060634430F68454507D1D1E9055615
:105910002EF4405E4EEA051545EA061E2CF073068D
:105920003743C3F804E0DF614F680969DF631C6235
:10593000DF6947F00807DF61DF6927F00407DF61EF
:1059400032E000BF036840F20045D3F820C01A6A75
:1059500043F4806722F480521A621A465C6852F857
:105960001CEFD1F800808E68C4F20105AF4204D16B
:105970004D6924F4804444EA85142CF4005747EA26
:1059800006372EF4E64646EA08265C60DE614E687D
:1059900009691E641F62DF6947F40067DF61DF6920
:1059A00027F48067DF610902136819431160002141
:1059B000002280F83C200846BDE8F0810121002249
:1059C00080F83C200846BDE8F0810000002804BFB4
:1059D0000120704710B5044690F83D0028B900201A
:1059E00084F83C00204600F01FF8022084F83D00B7
:1059F0002068211D08F0FAF9012084F8460084F897
:105A00003E0084F83F0084F8400084F8410084F8A8
:105A1000420084F8430084F8440084F8450084F888
:105A20003D00002010BD00007047000070470000DE
:105A30007047000041B1082910D0042914BF00F1BB
:105A4000410200F13F020BE090F83E20012A1CBF0A
:105A500001207047022280F83E2013E000F140024E
:105A60001278012A1CBF012070470222082907D0A2
:105A7000042914BF80F8412080F83F2002E000BFD5
:105A800080F84020006801F01F010122036A02FA39
:105A900001F123EA01020262026A114341F2FF723C
:105AA000C4F20002904201620CDC40F2FF71C4F2C9
:105AB0000001884214DCB0F1804F37D040F2004141
:105AC00016E000BF40F2FF31C4F20101884215DC4C
:105AD00041F60001C4F20001884227D0002115E000
:105AE00040F60001C4F2000188421FD040F6004198
:105AF000C4F20001884219D01FE000BF44F2000147
:105B0000C4F20101884211D040F20041C4F2010107
:105B1000884212D1416C40F2004340F48062C4F2EA
:105B2000010341F400419A42416406D1816801F0C9
:105B30000701062904BF00207047016841F00101F8
:105B40000160002070470000B0B50C46054649B121
:105B5000082C15D0042C14BF05F1410005F13F00BD
:105B600010E000BF95F83E00022804BF0220B0BD3F
:105B700005F13E000078012840F0C4801AE000BF23
:105B800005F140000078022804BF0220B0BD082CB7
:105B90000AD0042C14BF05F1410005F13F00007844
:105BA000012840F0AF8005E005F1400000780128B1
:105BB00040F0A880002A4FF0010018BF002B01D14F
:105BC000B0BD00BF02206CB1082C13D0042C14BF50
:105BD00085F8410085F83F004FEAB400032810D94A
:105BE00090E000BF85F83E004FEAB400032808D9D2
:105BF00088E000BF85F840004FEAB400032800F2B7
:105C00008180DFE800F00323436300BF686A4DF63C
:105C10003171C0F60001C163686A4DF69D71C0F62E
:105C200000010164686A4DF6D571D5F800C0C0F670
:105C30000001C164686A0CF1340C11466246FCF73D
:105C40008BFF00285ED14FF400715FE0A86A4DF62B
:105C50003171C0F60001C163A86A4DF69D71C0F6AE
:105C600000010164A86A4DF6D571D5F800C0C0F6F0
:105C70000001C164A86A0CF1380C11466246FCF7B9
:105C80006BFF00283ED14FF480613FE0E86A4DF69B
:105C90003171C0F60001C163E86A4DF69D71C0F62E
:105CA00000010164E86A4DF6D571D5F800C0C0F670
:105CB0000001C164E86A0CF13C0C11466246FCF735
:105CC0004BFFF8B94FF4006120E000BF286B4DF6A0
:105CD0003171C0F60001C163286B4DF69D71C0F6AD
:105CE00000010164286B4DF6D571D5F800C0C0F6EF
:105CF0000001C164286B0CF1400C11466246FCF7B0
:105D00002BFF08B10120B0BD4FF480512868C26854
:105D10001143C16004F01F010122036A02FA01F17C
:105D200023EA01020262026A114341F2FF72C4F2E5
:105D30000002904201620BDC40F2FF71C4F20001EC
:105D4000884213DCB0F1804F36D040F2004115E0BC
:105D500040F2FF31C4F20101884215DC41F6000136
:105D6000C4F20001884227D0002115E040F600016E
:105D7000C4F2000188421FD040F60041C4F2000185
:105D8000884219D020E000BF44F20001C4F20101B2
:105D9000884211D040F20041C4F20101884213D17F
:105DA000416C40F2004340F48062C4F2010341F4CC
:105DB00000419A42416407D1816801F00701062938
:105DC00002D10020B0BD00BF016841F001010160B7
:105DD0000020B0BDB0B504460068B0F1804F02D1DC
:105DE000FDF728F8206840F20045C4F2000505F5EB
:105DF0007C4188421CD144F26821C2F2000142F287
:105E00002C30D1E90023C2F2000090ED0E0AD0ED53
:105E1000100A40F29060C2F200000132C06A43F101
:105E20000003C1E90023012101220BF049FE206893
:105E3000A84218BFB0BD40F67030C2F20000B0F901
:105E4000F014B0F9200700EE101A01EE100A40F22B
:105E50000060B8EEC00AF8EEC10AC2F20000BDE868
:105E6000B0400BF05FB800007047000070B582B022
:105E7000044690F8420020280AD113460A46002919
:105E80004FF0010018BF002B06D102B070BD00BF5B
:105E9000022002B070BD00BF012020630026222036
:105EA0006663A262A385666484F842002168E06BA1
:105EB0004EF2BD1C4EF21D3E4EF24105C0F6000CE6
:105EC000C0F6000EC0F600050431C0E90FCEC0E9EF
:105ED0001356FCF741FED8B310206064202084F8EC
:105EE00042000120216B012940F0B2800021009185
:105EF00021680A6800924A680092009A51E8031FDC
:105F0000226841F0100142E80313002BBDD0216844
:105F100051E8031F226841F0100142E80313002BEF
:105F2000B3D0216851E8031F226841F0100142E814
:105F30000313002BA9D0216851E8031F226841F008
:105F4000100142E80313002B9FD02168D6E700BF61
:105F500001962068016801914168019101992169C8
:105F600031B300BF50E8030F216840F4807041E86E
:105F70000302EAB1206850E8030F216840F4807002
:105F800041E80302A2B1206850E8030F216840F401
:105F9000807041E803025AB1206850E8030F21687D
:105FA00040F4807041E8030212B12068DAE700BFD4
:105FB000206850E8050F216840F0010041E8050223
:105FC000BAB3206850E8050F216840F0010041E8AD
:105FD000050272B3206850E8050F216840F0010007
:105FE00041E805022AB3206850E8050F216840F017
:105FF000010041E80502002ADAD11AE0206850E8E1
:10600000050F216840F0400041E80502DAB1206840
:1060100050E8050F216840F0400041E8050292B1C8
:10602000206850E8050F216840F0400041E8050273
:106030004AB1206850E8050F216840F0400041E86F
:106040000502002ADAD10020216B01293FF44EAF6E
:10605000012002B070BD0000B0B50446006841F2F6
:106060000005C4F20105A84219D1152910D140F24A
:106070006E6043F6704143F6C442C2F20000C2F2C1
:106080000001C2F200020AF0F7FF206801E000BF41
:10609000284645F24231C2F2000100220A7005F59D
:1060A0008061884218BFB0BD42F27865C2F2000537
:1060B00028464FF4807105F0A9FE45F2C410C2F2E3
:1060C000000029464FF48072FFF7D0FEE06B0068B5
:1060D000016821F008010160B0BD000010B5044660
:1060E0000068416994F84120212A58D111F08001BB
:1060F00055D000BF50E8050F216820F0800041E82E
:106100000502EAB1206850E8050F216820F0800000
:1061100041E80502A2B1206850E8050F216820F08F
:10612000800041E805025AB1206850E8050F216857
:1061300020F0800041E8050212B12068DAE700BFD4
:10614000A06B002818BFFCF7D3FA00BF206850E806
:10615000030F216820F0C00041E80302DAB1206893
:1061600050E8030F216820F0C00041E8030292B11B
:10617000206850E8030F216820F0C00041E80302C6
:106180004AB1206850E8030F216820F0C00041E8C0
:106190000302002ADAD1202084F8410020684169F6
:1061A00094F84220222A40F0A98011F0400100F02A
:1061B000A58000BF50E8050F216820F0400041E8AD
:1061C0000502EAB1206850E8050F216820F0400080
:1061D00041E80502A2B1206850E8050F216820F0CF
:1061E000400041E805025AB1206850E8050F2168D7
:1061F00020F0400041E8050212B12068DAE700BF54
:10620000E06B002818BFFCF773FA00BF206850E865
:10621000030F216820F4907041E80302BAB32068AC
:1062200050E8030F216820F4907041E8030272B334
:10623000206850E8030F216820F4907041E80302C1
:106240002AB3206850E8030F216820F4907041E8D9
:106250000302002ADAD11AE0206850E8050F21680D
:1062600020F0010041E80502DAB1206850E8050F8E
:10627000216820F0010041E8050292B1206850E851
:10628000050F216820F0010041E805024AB12068AD
:1062900050E8050F216820F0010041E80502002ABE
:1062A000DAD1206B012824D1206850E8030F21683F
:1062B00020F0100041E80302DAB1206850E8030F33
:1062C000216820F0100041E8030292B1206850E8F4
:1062D000030F216820F0100041E803024AB1206852
:1062E00050E8030F216820F0100041E80302002A63
:1062F000DAD1202084F8420000202063002010BD65
:1063000070470000B0B582B0044600680168C368F9
:10631000426901F02F05202D03F0200506D12DB193
:10632000204602B0BDE8B04008F060B85FEA017CEA
:106330001EBF02F0010E03F4907212EB0E0255D153
:10634000226B012A05D111F0100218BF13F01002C0
:1063500036D10A0622D513F080021FD094F84110DE
:10636000212941D1A168B1F5805F03D121690029BC
:1063700000F08082216A4A1C226209784160E18C27
:1063800001390A04E1842FD1C16821F08001C16084
:10639000C16841F04001C16002B0B0BD490623D5DB
:1063A00013F0400120D0C16821F04001C1602021DC
:1063B000204684F8411002B0BDE8B04000F030BD86
:1063C00000210191016801914168019101994169A0
:1063D000490600F18D80A18DE28DE38D002B1CBF5D
:1063E000891A5FEA01420CD102B0B0BDCA0718BFDA
:1063F00013F4807240F036814A0700F139813EE1A2
:10640000206850E8030F226820F4907042E80303EC
:10641000DBB1206850E8030F226820F4907042E856
:10642000030393B1206850E8030F226820F49070B2
:1064300042E803034BB1206850E8030F226820F4C0
:10644000907042E80303002BDAD1206850E8050F72
:10645000226820F0010042E80503DBB1206850E823
:10646000050F226820F0010042E8050393B120687F
:1064700050E8050F226820F0010042E805034BB107
:10648000206850E8050F226820F0010042E805036B
:10649000002BDAD1202084F84200002020632068FD
:1064A00050E8030F226820F0100042E80303DBB13C
:1064B000206850E8030F226820F0100042E8030330
:1064C00093B1206850E8030F226820F0100042E8E2
:1064D00003034BB1206850E8030F226820F010003E
:1064E00042E80303002BDAD1022289B2A3E100BF04
:1064F000E26B11684B68A58D99B2002900F092817A
:10650000A94280F08F81E385D169B1F5807F00F0E9
:106510009D8050E8030F216820F4807041E8030259
:10652000E2B1206850E8030F216820F4807041E850
:1065300003029AB1206850E8030F216820F48070AC
:1065400041E8030252B1206850E8030F216820F4AB
:10655000807041E803020AB12068DAE7206850E859
:10656000050F216820F0010041E80502BAB3206858
:1065700050E8050F216820F0010041E8050272B3E0
:10658000206850E8050F216820F0010041E805026D
:106590002AB3206850E8050F216820F0010041E887
:1065A0000502002ADAD11AE0206850E8050F2168B8
:1065B00020F0400041E80502DAB1206850E8050FFC
:1065C000216820F0400041E8050292B1206850E8BF
:1065D000050F216820F0400041E805024AB120681B
:1065E00050E8050F216820F0400041E80502002A2C
:1065F000DAD1202084F8420000202063206850E88F
:10660000030F216820F0100041E80302DAB120688E
:1066100050E8030F216820F0100041E8030292B116
:10662000206850E8030F216820F0100041E80302C1
:106630004AB1206850E8030F216820F0100041E8BB
:106640000302002ADAD1E06BFCF752F80220606303
:10665000A08DE18D401A81B2204602B0BDE8B04065
:10666000FFF7FABC626C42F0010262644A0706D589
:10667000BEF1000F03D0626C42F0020262648A072E
:1066800006D5BEF1000F03D0626C42F004026264D2
:10669000BCF1000F06D555EA0E0203D0626C42F041
:1066A00008026264626C002A3FF49EAE11F0200181
:1066B00018BF002D03D0204607F098FE20684169DE
:1066C000626C01F0400102F00802891800F0A2801B
:1066D00050E8030F216820F4907041E80302C2B330
:1066E000206850E8030F216820F4907041E803020D
:1066F0007AB3206850E8030F216820F4907041E8D5
:10670000030232B3206850E8030F216820F4907030
:1067100041E80302EAB12068DAE700BF206850E8E8
:10672000050F216820F0010041E80502DAB1206878
:1067300050E8050F216820F0010041E8050292B100
:10674000206850E8050F216820F0010041E80502AB
:106750004AB1206850E8050F216820F0010041E8A7
:106760000502002ADAD1206B012824D1206850E8E4
:10677000030F216820F0100041E80302DAB120681D
:1067800050E8030F216820F0100041E8030292B1A5
:10679000206850E8030F216820F0100041E8030250
:1067A0004AB1206850E8030F216820F0100041E84A
:1067B0000302002ADAD1202084F84200002020635E
:1067C0002068416949064FD550E8050F216820F03F
:1067D000400041E80502AAB3206850E8050F21688F
:1067E00020F0400041E8050262B3206850E8050F40
:1067F000216820F0400041E805021AB3206850E803
:10680000050F216820F0400041E80502D2B1206860
:10681000DAE700BF2046FFF773FD0020606402B096
:10682000B0BD00BF8D427FF4DFADD069B0F5807F91
:106830007FF4DAAD02222046626302B0BDE8B040C8
:10684000FFF70ABCE06B78B14EF23501C0F60001EB
:106850000165FBF797FF00283FF4C6ADE06B016DC3
:1068600002B0BDE8B0400847204602B0BDE8B040E5
:10687000FFF746BD216A31F8022B6FF35F224260B9
:1068800021627CE5002804BF0120704710B5044652
:1068900090F8410028B9002084F84000204600F01C
:1068A00021F8242084F841002068C16821F40051B7
:1068B000C160204607F01AFE2068016921F490416A
:1068C0000161416921F02A014161C16841F400512F
:1068D000C16000202021606484F8411084F84210D7
:1068E000606310BD2DE9F04F87B00446006844F6A0
:1068F0000001C4F2000100268842CDE90566CDE919
:106900000366029600F0968041F20041C4F2010154
:10691000884200F0DB8041F20001C4F201018842AC
:1069200040F04881002743F630000197C4F202008E
:106930004169002541F0100141614169C4F202053D
:1069400001F01001019101990197016802AE41F037
:1069500002010160016846F2280801F0020101917C
:106960000199019701684FF0020941F001010160AE
:1069700000684FF0030A00F00100019001988020A8
:1069800002904FF0070B05F580603146C4F2020813
:10699000CDE90397CDF814A0CDF818B0FCF760F955
:1069A0004FF40070CDE9020904A880E8800C284665
:1069B0003146FCF755F944F2C87508F58C60C2F20F
:1069C00000054FF0006685E8C1004FF400304FF439
:1069D000806A4FF48079C5E908072846C5E9037A3B
:1069E000C5E90577C5F81C90FCF704F8002818BF26
:1069F000FAF786FDE563AC6344F6280508F5926076
:106A0000C2F200054021C5E9000605F1080080E852
:106A100082042846C5E90577C5E907976F62FBF749
:106A2000E9FF002818BFFAF76BFDA56305F13800F0
:106A30002525B6E043F630000196C4F20200016954
:106A400041F480210161016901F4802101910199E2
:106A50000196016841F004010160006802A900F09C
:106A60000400019001984FF4406002900220CDE9AB
:106A7000030603200590072006900020C4F20200C0
:106A800000F50060FCF7ECF844F6880546F22800B3
:106A9000C2F20005C4F202004FF000614FF48062C0
:106AA00085E843002846C5E90362C5E90566C5E9EE
:106AB00007666E62FBF79EFF002818BFFAF720FDFD
:106AC000E56305F1380027256BE000BF002643F69B
:106AD00030000196C4F20200416946F2280841F0F4
:106AE000200141614169C4F2020801F020010191D5
:106AF00001990196016841F040010160006802A916
:106B000000F04000019001984FF484400290022070
:106B1000CDE9030603200590082006900020C4F26A
:106B2000020000F5C050FCF79BF844F6E80508F5B4
:106B30008060C2F200054FF02067C5E900074FF4FE
:106B400000304FF48069C5E908062846C5E90266A9
:106B5000C5E90496C5E90666FBF74CFF002818BF97
:106B6000FAF7CEFCE563AC6344F6481508F58F6090
:106B7000C2F200054021C5E9000705F1080080E8E0
:106B800042022846C5E90566C5E907666E62FBF75D
:106B900031FF002818BFFAF7B3FCA56305F13800F0
:106BA00047250460284605210022FCF7FBF928460A
:106BB000FCF7E8F907B0BDE8F08F000070B582B0CF
:106BC000044690F8420020280AD113460A460029BC
:106BD0004FF0010018BF002B06D102B070BD00BFFE
:106BE000022002B070BD00BF002622202663A262F0
:106BF000A385666484F842002168E06B4EF2BD1CF8
:106C00004EF21D3E4EF24105C0F6000CC0F6000EDD
:106C1000C0F600050431C0E90FCEC0E91356FBF7FA
:106C20009BFF38B110206064202084F842000120CE
:106C300002B070BD01962068016801914168019120
:106C40000199216931B300BF50E8030F216840F476
:106C5000807041E80302EAB1206850E8030F216820
:106C600040F4807041E80302A2B1206850E8030FAD
:106C7000216840F4807041E803025AB1206850E86E
:106C8000030F216840F4807041E8030212B12068CC
:106C9000DAE700BF206850E8050F216840F00100E6
:106CA00041E80502E2B1206850E8050F216840F094
:106CB000010041E805029AB1206850E8050F2168FB
:106CC00040F0010041E8050252B1206850E8050F8C
:106CD000216840F0010041E80502002ADAD100BF36
:106CE000206850E8050F216840F0400041E80502A7
:106CF000F2B1206850E8050F216840F0400041E8FB
:106D00000502AAB1206850E8050F216840F0400054
:106D100041E8050262B1206850E8050F216840F0A3
:106D2000400041E80502002A4FF00000D8D154E7A6
:106D3000002002B070BD00007047000070470000E6
:106D4000B0B5044690F8410020281CBF0220B0BD19
:106D500000294FF0010060D0002A134608BFB0BDE3
:106D60004FF0000C21202162A384E384C4F844C0C6
:106D700084F84100A06B4EF2353E4EF2E5352268B4
:106D8000C0F6000EC0F60005C0E90FE54EF2410561
:106D9000C0F600050432C0E9135CFBF7DDFE38B134
:106DA00010206064202084F841000120B0BD00BFA5
:106DB00020686FF0400140F8141B50E8000F216874
:106DC00040F0800041E8050242B300BF206850E86F
:106DD000050F216840F0800041E80502F2B120680B
:106DE00050E8050F216840F0800041E80502AAB193
:106DF000206850E8050F216840F0800041E8050256
:106E000062B1206850E8050F216840F0800041E839
:106E10000502002A4FF00000D8D1B0BD0020B0BD5F
:106E20007047000070470000FEE7000010B586B014
:106E30000446D0F8EC0090E80E00C068CDE90321CC
:106E4000CDE901039DED040A9DED041A9DED032A91
:106E50009DED033A20EE010A22EE032A9DED021A6F
:106E60009DED023A30EE020A21EE031A9DED012A51
:106E70009DED013A31EE000A22EE031A31EE000ACE
:106E80004FF07E50059006F0FDFB9DED051A81EE5A
:106E9000000A8DED050A059805909DED050AD4F8C8
:106EA000EC10D4F8000191ED001A20EE010A81EDFA
:106EB000000A9DED050A91ED011A91ED022A20EEDE
:106EC000010A81ED010A91ED033A9DED050A20EEDC
:106ED000020A81ED020A9DED050A20EE030A81ED0A
:106EE000030A42F21041C2F200019DED030A91ED46
:106EF0006F1A20EE010AB6EE001A20EE010A80EDAC
:106F0000040A9DED020A91ED6F2A20EE020A20EE9E
:106F1000010A80ED050A9DED040A91ED6F2A20EE2D
:106F2000420A20EE010A80ED0A0A9DED010A91ED68
:106F30006F2A20EE020A20EE010A80ED0B0A9DED79
:106F4000010A91ED6F2A20EE420A20EE010A80ED3F
:106F5000100A9DED040A91ED6F2A20EE420A20EE00
:106F6000010A80ED110A9DED020A91ED6F2A20EED3
:106F7000020A20EE010A80ED160A9DED030A91ED4A
:106F80006F2A20EE420A20EE010A80ED170AD4F89B
:106F9000F80091ED740A90ED1C1A81EE002A90ED34
:106FA000230A80ED1C2A91ED741A44F2000180EE50
:106FB000010A9FED0A1AC4F21C61B4EE412AF1EEF7
:106FC00010FAB4EE410A80ED230AC8BF0167F1EE62
:106FD00010FAC8BFC0F88C1006B010BD00401C46A7
:106FE000B0B542F21044C2F20004012020704CF609
:106FF0007740C3F22B20C4F8CC0104F5D87080ECA4
:10700000030AB7EE000A0025F4EE401A201D0621FF
:107010000022032384F83851C4E95055C4E952557D
:1070200084ED6F2AF1EE10FAC8BFF0EE401AC4EDFD
:10703000741A00F0A9FE04F5E07004F5E473012170
:1070400001220BF0A3FCD4F8EC104FF07E52C1E902
:107050000025C1E9025547F2AD01C0F6000146F630
:107060002D6247F2511347F2E95504F1D00CC0F6F6
:107070000002C0F60003C0F600058CE82E0040F2C6
:107080000111D4F80401E1854AF24451C0F601012E
:107090009022F9F777FAD4F8FC0040F23011C2F2EE
:1070A00000019022F9F76EFAB0BD000010B5044659
:1070B000D0F8F81040F23010C2F200009022F9F738
:1070C00061FAD4F81C1142F2C430C2F20000482226
:1070D000F9F758FAD4F80C1142F27C30C2F20000F1
:1070E0004822F9F74FFA10BD70B542F21045C2F2CE
:1070F0000005281D062100220323002601F030F997
:1071000040F23014C2F200044AF2D451C0F6010138
:1071100020469022F9F736FAD5F8EC104FF07E525F
:10712000C1E90026C1E9026640F20111D5F8040167
:10713000E9854AF24451C0F601019022F9F722FA9A
:10714000D5F8FC0021469022F9F71CFA70BD00002A
:1071500010B584B00446D0F8EC0040F2FC5190ED3C
:10716000000A90ED011A90ED022A30EE000A90ED2F
:10717000033A8DED030A31EE010A8DED020A32EE7B
:10718000020A8DED010A33EE030A8DED000AC2F208
:1071900000010988A27B237BD4F80C015143594399
:1071A000F9F74CFA9DED010AD4F80C01B1EE400A52
:1071B00080ED000A009941609DED030A029A039B4D
:1071C000019CB1EE400A80ED020AC260C0E90623CC
:1071D000C0E9081403639DED020A9DED011AB1EEAA
:1071E000400AB1EE411A80ED0D0A80ED0E1AC1631E
:1071F00004B010BD70B52DED088B84B042F210457F
:10720000C2F20005B0EE429A95ED582A95ED593A32
:1072100095ED5A4A95ED6F5A30EE420AB6EE00BA35
:1072200085ED5B0A20EE0B0A30EEC32A31EE441ADC
:1072300020EE050A85ED5C2A85ED5D1A8DED030AC9
:1072400022EE0B0A20EE050A8DED020A21EE0B0A52
:1072500020EE050A8DED010AD5F804014AF24451E9
:10726000C0F601019022B0EE628AB0EE61AAF9F791
:1072700089F99DED030AD5F804019DED021A9DEDF3
:10728000012A0399019AB1EE400AB1EE411AB1EE1A
:10729000422A80ED010A80ED021A80ED032A816105
:1072A00002629DED020A029AB1EE400A80ED090ADF
:1072B00002639DED010AC1630199B1EE400A80EDC0
:1072C0000D0AC0E912129DED030AB1EE400A80EDED
:1072D000140AD5E95201084306D095ED5E2A95EDD2
:1072E0005F1A95ED600A09E000200121B0EE480A1E
:1072F000B0EE491AB0EE4A2AC5E9521095ED643A4B
:1073000095ED6F4A22EE032A33EE045A24EE0A6A00
:1073100023EE011A24EE097A82EE052A86EE056A2A
:1073200081EE051A87EE057A23EE000A24EE083A6C
:1073300080EE050A83EE053A32EE062A85ED5E2AD6
:1073400037EE011A85ED5F1A21EE011A22EE022AAC
:1073500033EE000A85ED600A32EE011A20EE000AD3
:1073600030EE010A06F08EF9B7EE001A81EE001A2F
:1073700085ED660A2C1D8DED001A95ED5E0A9DEDDA
:10738000001AA86820EE010A80ED000A95ED5F0A58
:107390009DED001A20EE010A80ED010A95ED600ACC
:1073A0009DED001A20EE010A80ED020A95ED5B0AC0
:1073B00095ED5C1A95ED5D2A21EE011A20EE000A8A
:1073C00030EE010A22EE021A31EE000A06F05AF9F6
:1073D0009FED7E1A0020B4EE410A85ED650AF1EEBC
:1073E00010FAB8BF012095ED660A9FED792A0021B9
:1073F000B4EE420A9FED772A95ED6C1A95ED6F3A3F
:10740000F1EE10FAC8BF01210840B4EE420A002193
:10741000F1EE10FAB8BF0121084085F83901D5F81E
:10742000180121EE030A80ED000A95ED6C0A95ED36
:107430006F1A002620EE010A80ED070A95ED6C0A0E
:1074400095ED6F1A20EE010A80ED0E0A95ED6C0A9B
:1074500095ED6F1A20EE010A80ED150A95ED6D0A83
:1074600095ED6F1A20EE010A80ED1C0A95ED6D0A6C
:1074700095ED6F1A20EE010A80ED230AD5F8B801C8
:10748000D5F81C110860D5F8B8010861D5F8B80125
:107490000862204601F066F8686890ED000A85ED04
:1074A000540A90ED011A85ED551A90ED022A20EE4E
:1074B000010A85ED562A90ED033A21EE011A85ED79
:1074C000573A22EE033A3BEE411A22EE022A30EE00
:1074D000030A71EE420A05F5D0700AF059FF95EDE6
:1074E000680A9FED3D8A95ED551A20EE080A85ED54
:1074F000680A95ED540A95ED562A95ED573A22EE15
:10750000000A21EE031A30EE410A30EE000A11F0B3
:1075100073FA20EE080A85ED690A95ED540A95ED97
:10752000551A95ED572A95ED563A20EE020A21EEAE
:10753000031A31EE000A23EE031A3BEE411A22EE43
:10754000022A71EE420A05F5D4700AF021FF95ED8A
:107550006A0A686820EE080A85ED6A0A016995EDF5
:10756000761A9FED1E2AC5F8601130EE411A406967
:10757000B4EE421AF1EE10FAC5F86401C5F868617C
:1075800004DDB5F8D40101380AE000BF9FED142AEC
:10759000B5F8D401B4EE421AF1EE10FA02DA013075
:1075A000A5F8D40100B201EE100A9FED0E2AB8EE44
:1075B000C11A21EE021A31EE001A85ED6B1A85ED23
:1075C000760A04B0BDEC088B70BD00BF9A99993E55
:1075D000CDCC1441CDCC2441E12E65420000344392
:1075E000000034C30000B4432DE9F04F85B000F132
:1075F000780500F180080446284641460CF0BAF9A7
:1076000084F8C800B4F87800274627F8A80FB4F823
:107610005A0004F15801A4F8AA0028463A460091FD
:107620000BF066FF84F8C8003888A346B4F88210CF
:107630002BF8B00FA4F8B210384641465A460BF06A
:1076400057FF214684F8C80051F8900F254645F8A9
:10765000A00F58462A460BF013F984F8C8002846B4
:1076600059460BF097F9D4F8EC1084F8C80091E86B
:107670004C00C968A246CDE90116B4F878104FF065
:107680000109CDE903322AF8B81FA4F8BA90D4F85A
:107690002C019DED030A9DED011A9DED042A9DED3F
:1076A000023A20EE010A23EE022A30EE420A30EEC0
:1076B000000A80ED000A9DED041A9DED032A9DED60
:1076C000023A9DED014A21EE021A23EE043A31EE10
:1076D000031A31EE011A80ED011A9DED041A9DED99
:1076E000042A9DED033A9DED034A21EE021A24EE91
:1076F000033A9DED022A9DED024A31EE431A22EE35
:10770000042A9DED013A9DED014A31EE421A23EE25
:10771000042A32EE011AB0EEC00A80ED021A0BF014
:1077200065F842F21046C2F2000686ED610AD4F80E
:107730002C0190ED010AB0EEC00A0BF057F886ED6F
:10774000620AD4F82C0190ED020AB0EEC00A0BF0E8
:107750004DF886ED630A204630F8481F254625F887
:10776000C01F51462A46A5F802900CF07DF82988E2
:1077700084F8C8003980584629463A46A4F8AA90A9
:107780000BF0B6FE84F8C80028885146A4F8BA0069
:107790002846AAF800900CF0EDF884F8C80006F529
:1077A000E072504639460BF0A3FE84F8C80096ED0F
:1077B000731A96ED720AB6EE002A21EE022AB4EE92
:1077C000420AF1EE10FA07DA86F83891B4EE410A6F
:1077D000F1EE10FA0CDC25E096F83891B9F1000FC3
:1077E00018BF4FF00109B4EE410AF1EE10FA19DDAD
:1077F000B9F1000F16D0D6E9501096F839210131B1
:1078000040F10000002A04BF10461146B1F13302D6
:1078100070F10002C6E95010C0F01C81002086F80B
:10782000380121E09FED9B2A31EE403A21EE022AF9
:1078300083EE022A9FED963AB9F1000F21EE031A6A
:10784000B7EE003AB0EE434AB4EE410A4FF0000002
:1078500018BFB0EE424AF1EE10FAC8BFB0EE443A9B
:1078600086ED673AC6E95000002084F82C00B4F891
:107870005800B4F88210A4F8A8000098A4F8AA1040
:1078800041463A460BF034FE04F1980884F8C800EB
:107890003846594642460BF02BFEB4F898C0B4F86F
:1078A0009A2084F8C80002FB0CF3D4F81C21E3B33F
:1078B0000027002002EB870196ED670A91ED001A80
:1078C00040F00107FFB220EE010ABB4281ED000A41
:1078D0002BD902EB870196ED670A91ED001A40F073
:1078E0000207FFB220EE010ABB4281ED000A1CD95B
:1078F00002EB870196ED670A91ED001A40F003074D
:10790000FFB220EE010ABB4281ED000A0DD902EB65
:10791000870196ED670A91ED001A0430C7B220EE98
:10792000010ABB4281ED000AC4D896ED610A9FEDC1
:107930005A1A92ED0C2A80EE010A0120294620EE07
:10794000020A82ED0C0A96ED610A92ED0D2A80EE94
:10795000010A20EE020A82ED0D0A96ED610A92ED0F
:107960000E2A80EE010A20EE020A82ED0E0A96ED42
:10797000620A92ED0F2A80EE010A20EE020A82EDE1
:107980000F0A96ED620A92ED102A80EE010A20EEAF
:10799000020A82ED100A96ED620A80EE010A92ED6B
:1079A000111A20EE010A82ED110AA4F8BA0040462D
:1079B0005246A4F8B8C00BF09BFD84F8C80096F8B6
:1079C0003811D4F8BC00B9B396ED6F0A9FED331AA5
:1079D00090ED043A20EE012AB4EE423AF1EE10FAAC
:1079E00005DD80ED042A96ED6F0AB0EE423A9FED78
:1079F0002C2A20EE024AB4EE443AF1EE10FABCBF53
:107A000080ED044A96ED6F0A90ED053A20EE011ADA
:107A1000B4EE413AF1EE10FA05DD80ED051A96ED6F
:107A20006F0AB0EE413A20EE020AB4EE403AF1EEAF
:107A300010FAB8BF80ED050A0021C16004F13800DA
:107A400004F1300251460AF01BFF84F8C80005B06B
:107A5000BDE8F08F40F2FC55C2F200052A88237B76
:107A6000D4F8E800D4F8EC105A43F8F78BFD2A88D4
:107A7000237BD4F8F800D4F8FC105A435A43F8F7A3
:107A800081FD012084F82C0005B0BDE8F08F00BF17
:107A9000CDCCCC3D6666663FDA0FC93F0AD7233CA2
:107AA0000AD723BC2DE9F0412DED068B884643F61D
:107AB0007041C2F20001498940F23C67C1F30016EF
:107AC0000446C2F20007CEB13878002808BF11F092
:107AD000030013D1002584F84850E564C4E900553B
:107AE000A560C7E90455FFF7FFFA42F21040C2F261
:107AF0000000A0F8D451C0F8D8517D603E7004F168
:107B0000240604F10C0004F118013246F8F7ACFF2A
:107B100094F8480001284FD0022840F0C38094ED2B
:107B2000060A94ED071A94ED082A21EE011A20EEB8
:107B3000000A30EE010A22EE021A31EE001AB1EE0E
:107B4000C10A94ED03AA94ED049A94ED058AB4EE6B
:107B5000400AF1EE10FA80F10381B0EECA1AB0EEDD
:107B6000C92AB4EE412AF1EE10FAC8BFB0EE421AAB
:107B7000B0EEC82A9FED7E3AB4EE412AF1EE10FA3B
:107B8000C8BFB0EE421AB4EE431AF1EE10FA43DA6F
:107B9000BFEE001A30EE010A9FED761AB0EEC00A71
:107BA000B4EE410AF1EE10FA36DA3869C72800F26D
:107BB000B380013031E000BF94ED000A94ED032A58
:107BC000E06C94ED011A94ED023A32EE000A94ED65
:107BD000042A94ED054A013032EE012A34EE031AEC
:107BE000B0F57A7F84ED000A84ED012A84ED021A53
:107BF000E06457D39FED5D3A022080EE030A82EEE7
:107C0000032A81EE031A84F8480084ED000A84ED0B
:107C1000012A84ED021A45E00020386194ED000A43
:107C200094ED032A94ED011A32EE400A94ED042AF1
:107C300094ED023A72EE410A97ED021A94ED052A8C
:107C400033EE011A04F1180032EE411AD0EC031A97
:107C500084ED030AC4ED040A84ED051AFFF7CAFA9D
:107C6000F9F7AAFD84ED0E0AF9F7AEFD84ED0F0ACF
:107C7000F9F7B2FD97ED011A30EE410A84ED100AD2
:107C8000F9F7B2FD42F21040C2F2000084ED110A91
:107C900000F5A8730ECBD0F85C0104F1280C8CE839
:107CA0000E006063F8684CF6CD41CCF6CC414843F9
:107CB00049F699114FEA7000C1F69911884224D80B
:107CC00096ED000ADFED2E0A404603F095FA98ED96
:107CD000080AB5EE400AF1EE10FA04DA9FED290A1F
:107CE0000020C8F82000BDEEC00A10EE100A05F012
:107CF0001FFC94F8480040B978690130B0F5967FD0
:107D0000786184BF012084F84800F8680130F86089
:107D1000BDEC068BBDE8F0819FED170A94ED002ABB
:107D20009FED164A94ED013A2AEE001A94ED025A9C
:107D300022EE042A32EE011A29EE002A23EE043A3A
:107D400033EE022A28EE000A25EE043A33EE000A4A
:107D500084ED001A84ED012A84ED020A5EE700BF7B
:107D6000B0EE410A10F044FFF7E600BF00007A448D
:107D70000AD7A33C0AD7A33D0AD7233CA4707D3F72
:107D800000002042000000002DE9F047044640F2C8
:107D9000FC570420C2F20007C0F20800386000203F
:107DA000207418469A469046894621736273A373DD
:107DB0000DF056FD51466061F8F71EFC388800FB57
:107DC0000AF00DF04DFD3988A06101FB0AF1F8F7CA
:107DD00035FC388800FB0AF00DF042FD3988E0617F
:107DE00001FB0AF1F8F72AFC388800FB09F00DF0D6
:107DF00037FD3988206201FB09F1F8F71FFC504676
:107E00000DF02EFD51466062F8F7F6FB388800FB56
:107E100009F00DF025FD3988206001FB09F1F8F724
:107E20000DFC388800FB0AF00DF01AFD39886060FF
:107E300001FB0AF1F8F702FC388800FB08F00DF0AE
:107E40000FFD3988A06001FB08F1F8F7F7FB3888CF
:107E500000FB09F00DF004FD3988C4F8E80001FBCF
:107E600009F1F8F7EBFB217BD4F8E83004F130009E
:107E700001220AF08BFD388800FB09F00DF0F0FCC0
:107E80003988C4F8EC0001FB09F1F8F7D7FB217B36
:107E9000D4F8EC3004F1380001220AF077FDB8F193
:107EA000000F13D0388800FB08F00DF0D9FC39889A
:107EB000C4F8F00001FB08F1F8F7C0FB617BD4F8CF
:107EC000F03004F1400001220AF060FD388800FB28
:107ED0000AF00DF0C5FC3988C4F8F40001FB0AF182
:107EE000F8F7ACFBA17BD4F8F43004F14800012290
:107EF0000AF04CFD388809FB09F670430DF0B0FC20
:107F00003988C4F8F8007143F8F798FB217BD4F85E
:107F1000F83004F150000A460AF038FD3888704302
:107F20000DF09EFC3988C4F8FC007143F8F786FB1D
:107F3000217BD4F8FC3004F158000A460AF026FDF3
:107F4000388870430DF08CFC3988C4F8000106FBBA
:107F500001F00DF085FC3988C4F80401D4F8000163
:107F60007143F8F76BFB3988D4F804017143F8F7D3
:107F700065FB217BD4F8003104F160000A460AF069
:107F800005FD217BD4F8043104F168000A460AF0AB
:107F9000FDFCB8F1000F13D0388808FB09F56843E1
:107FA0000DF05EFC3988C4F808016943F8F746FB18
:107FB000217B627BD4F8083104F170000AF0E6FC02
:107FC00038880AFB09F568430DF04AFC3988C4F883
:107FD0000C0105FB01F00DF043FC3988C4F81001D9
:107FE000D4F80C016943F8F729FB3988D4F810015B
:107FF0006943F8F723FB227BA17BD4F80C3104F111
:1080000078000AF0C3FC217BA27BD4F8103104F184
:1080100080000AF0BBFC388870430DF021FC3988E1
:10802000C4F814017143F8F709FB217BD4F814312B
:1080300004F188000A460AF0A9FC38880AFB0AF60F
:1080400070430DF00DFC3988C4F818017143F8F73E
:10805000F5FAA17BD4F8183104F190000A460AF031
:1080600095FC388868430DF0FBFB3988C4F81C0187
:108070006943F8F7E3FA217BA27BD4F81C3104F1C1
:1080800098000AF083FC3888217B484348430DF070
:10809000E7FB3988227BC4F8200151435143F8F7AC
:1080A000CDFA3888217B484348430DF0D9FB398805
:1080B000227BC4F8240151435143F8F7BFFA3888B2
:1080C000217B484348430DF0CBFB3988227BC4F821
:1080D000280151435143F8F7B1FA3888217B4843CE
:1080E0000DF0BEFB3988227BC4F82C015143F8F710
:1080F000A5FA3888217B48430DF0B2FB3988227BF2
:10810000C4F83001D4F82C015143F8F797FA217BD9
:10811000D4F8203104F1A0000A460AF037FC217B94
:10812000D4F8243104F1A8000A460AF02FFC217B80
:10813000D4F8283104F1B0000A460AF027FC217B6C
:10814000D4F82C3104F1B80001220AF01FFC217B85
:10815000D4F8303104F1C00001220AF017FC0020ED
:1081600084F82C00A062BDE8F08700002DE9F04FF4
:1081700083B00446C07B40F2FC580028C2F20008DD
:108180006AD00020B8F80020A37B2074D4F8F40053
:1081900061685A43F8F7F6F9B8F80010A27B6068F6
:1081A0005143F8F74BFAB8F80010A27BD4F8180145
:1081B00051435143F8F742FAB8F80010227BA37BF1
:1081C000D4F80C0151435943F8F738FA94F80EC02B
:1081D000BCF1000F2CD00020002104E001316145EA
:1081E00000F1040024D2D4F8F4301F1897ED000AEF
:1081F000B5EE400AF1EE10FAF0D0227C676A03EB8C
:10820000820383ED000AB954D4E90532257B17585F
:10821000227C5B5CD4F80C6194F80EC012FB053331
:1082200006EB8303013243F8047C2274D6E700BFD7
:1082300094F810A0BAF1000F72D0E169626AD4F824
:1082400018C1AAF1010003280AF003008DE8051007
:1082500014D2002341E000BFB8F80020A37BD4F87B
:10826000F40061685A43F8F78DF9B8F80010A27B62
:1082700060685143F8F7E2F965E000BF082000EBC1
:10828000CA09102000EB0A1504200AEB4A030C2649
:108290000AF0FC0B013200EB8A0006EB8306002398
:1082A00002EB030E1EF8018C51F82870CCF8007018
:1082B000D75C043351F827709B454CF800709EF84A
:1082C000017051F827704CF809709EF8027051F84F
:1082D00027704CF80670AC44E2D1009D40F2FC5887
:1082E000DDE90167C2F20008D5B1F05C03FB0A3298
:1082F00051F82000012D47F8220011D0581C325CA3
:1083000000FB0A0051F82220022D47F8202007D058
:10831000981C325C00FB0A0051F8221047F820102C
:10832000207BA4F878A0A4F87A00A4F88000A4F830
:1083300082A0A4F890A0A4F892A0A4F89800A4F8B1
:108340009AA0A4F848A0B8F80020637BD4F8F00005
:10835000A1685A43F8F716F903B0BDE8F08F0000A2
:108360002DE9F04704464069894619469A469046E9
:10837000F8F742F940F2FC57C2F200073988A069C9
:1083800001FB0AF1F8F75AF93988E06901FB0AF1B3
:10839000F8F754F93988206A01FB09F1F8F74EF92A
:1083A000606A5146F8F728F93988206801FB09F11D
:1083B000F8F744F93988606801FB0AF1F8F73EF9EB
:1083C0003988A06801FB08F1F8F738F93988D4F842
:1083D000E80001FB09F1F8F731F93988D4F8EC002D
:1083E00001FB09F1F8F72AF9B8F1000F06D0398836
:1083F000D4F8F00001FB08F1F8F720F93988D4F837
:10840000F40001FB0AF1F8F719F93988D4F8F800FB
:1084100009FB09F67143F8F711F93988D4F8FC0023
:108420007143F8F70BF93988D4F800017143F8F774
:1084300005F93988D4F804017143F8F7FFF8B8F169
:10844000000F07D03988D4F8080108FB09F251431E
:10845000F8F7F4F83988D4F80C010AFB09F56943F8
:10846000F8F7ECF83988D4F810016943F8F7E6F822
:108470003988D4F814017143F8F7E0F83988D4F852
:1084800018010AFB0AF25143F8F7D8F83988D4F8F2
:108490001C016943F8F7D2F8002084F82C00A06290
:1084A000BDE8F0872DE9F04381B0044690F82A003A
:1084B00010B101B0BDE8F08304F1780504F1800942
:1084C000284649460BF056FA84F8C800B4F87800FC
:1084D000264626F8A80FB4F85A0004F15808A4F864
:1084E000AA002846414632460BF002F884F8C8003C
:1084F00030882746B4F8821027F8B00FA4F8B210DD
:10850000304649463A460AF0F3FF214684F8C8004F
:1085100051F8900F254645F8A00F38462A460AF034
:10852000AFF984F8C800284639460AF033FA84F8CF
:10853000C800B4F85800B4F882103080A4F8AA102B
:108540004046494632460AF0D3FF84F8C800A5F1F8
:108550000802304639460AF0CBFF84F8C80001B063
:10856000BDE8F0832DE9F04F81B08346FFF7FEFDB3
:10857000DBF8CC1009B1584688479BF8280048BB67
:108580009BF80D00002800F0B7819BF80C005D46B9
:1085900025F8B80F01240BF160000BF130012A46D9
:1085A000ABF8BA400AF0A4FF9BF80C105E4626F820
:1085B000C01F3072A6F15000A6F1800132467480CF
:1085C0000AF096FF3072A6F18802284631460AF07A
:1085D00057F93072DBF8D01009B1584688479BF83C
:1085E000290050BB0BF160050BF1680628463146A7
:1085F0000BF0C0F90BF158078BF8C8000BF15001D4
:1086000028463A460AF074FFBBF858105D4625F834
:10861000A81F35F83E1C8BF8C800698038463146E3
:108620002A460AF065FF8BF8C800A5F1200128460C
:108630003A460AF025F98BF8C800DBF8D41009B1E6
:10864000584688479BF8100040F2FC540028C2F2BC
:10865000000400F08B805846FFF724FFDBF8D810A9
:1086600009B1584688479BF82B00A8BB584630F8FC
:10867000781F5D4625F8B81F0BF13808A146012484
:1086800041462A46ABF8BA400AF032FF8BF8C800E0
:10869000584630F8481F5F4627F8C01F29463A461B
:1086A000ABF8C2400BF0E0F85E4636F8981F8BF846
:1086B000C8002980304639462A46ABF8BA404C46B5
:1086C0000AF016FF8BF8C800A6F16802404629465A
:1086D0000AF0D6F88BF8C800DBF8DC1009B1584670
:1086E00088479BF82C0030BB584630F8982F5D46E1
:1086F00025F8A82F2E4626F8082F35F84E2C35F8E9
:108700002E3CA5F130016A812A466B80A5F1500705
:108710000AF0EEFE85F820002846394632460AF077
:10872000E7FE85F82000A5F15802384631460BF0E7
:108730009BF885F82000DBF8E01009B1584688471F
:108740009BF80CA0BAF1000F00F0C280DBF82030DB
:10875000DBF8F8E0AAF1010003280AF0030825D2AB
:108760000020B8F1000F78D1B2E000BF9BF80F00F5
:1087700000283FF470AF22889BF80C30DBF8E8004B
:10878000DBF8EC105A43F7F7FDFE22889BF80C301B
:10879000DBF8F800DBF8FC105A435A43F7F7F2FE17
:1087A000DBF8E0100029C9D1CAE700BF082000EBC0
:1087B000CA0C10200AEB4A010C2200EB0A16042016
:1087C00002EB81010AF0FC02009303F1080500EBC3
:1087D0008A0052420123744694ED001A15ED020AF4
:1087E00004EB0009B4EE401AF1EE10FAB8BF84EDC4
:1087F000000A99ED001A15ED010A04EB0C07B4EE1E
:10880000401AF1EE10FAB8BF89ED000A97ED001A90
:1088100095ED000A0433B4EE401AF1EE10FAB8BF39
:1088200087ED000A671897ED001A95ED010A3444A8
:10883000B4EE401AF1EE10FAB8BF87ED000AD7186F
:10884000012F05F11005C7D1581E40F2FC54009BC2
:10885000C2F20004B8F1000F3AD000FB0A0103EBAA
:1088600080020EEB810191ED001A92ED000AB4EE48
:10887000401AF1EE10FAB8BF81ED000AB8F1010F0D
:1088800026D0421C02FB0A2103EB82020EEB81017F
:1088900091ED001A92ED000AB4EE401AF1EE10FAD2
:1088A000B8BF81ED000AB8F1020F11D0811C01FBA5
:1088B0000A1003EB81010EEB800090ED001A91EDA0
:1088C000000AB4EE401AF1EE10FAB8BF80ED000ACB
:1088D0002288DBF80000DBF8E81002FB0AF2F7F769
:1088E00051FEDBF8E41009B158468847DBF8000078
:1088F00001B0BDE8F08F00BF0BF160000BF130015B
:108900000BF138020AF0F4FD8BF8C800DBF8D01048
:1089100000297FF462AE62E680B58AB001F5A071ED
:1089200004910821002208919B210392CDE906229F
:108930008DF80410CDF80520029204A901AA03AB1A
:10894000F9F73EFA0AB080BD80B58AB001F5A07192
:108950000491082100230891A1214FEA122C0393CE
:10896000CDE9063301918DF80820ADF80A3004A94D
:1089700001AA03AB8DF809C0F9F722FA0AB080BD4D
:1089800080B58AB001F5A0710491082100220891F8
:1089900088210392CDE906228DF80410CDF8052038
:1089A000029204A901AA03ABF9F70AFA0AB080BD42
:1089B0004A78038A82754A88438282828B88028839
:1089C00003824280037FC98801806BB11FFA81FC5A
:1089D000ACEB020346F2BF32CFF6FF72934213DCD8
:1089E0004268013216E000BF89B200EE101A9FED16
:1089F000161AB8EE400A9FED152A20EE010A20EE65
:108A0000020A80ED020A7047426849F641418B42F2
:108A100001DB013A426001EE10CA9FED0B2A00EE25
:108A2000102AB8EE411A9FED093AB8EEC00A21EEBD
:108A3000021A816821EE031A20EE020A30EE010AC2
:108A4000C16080ED020A70470000B4430000803727
:108A500070B582B044F6E466C2F200060446B04245
:108A600008D140F20040C4F202004FF480510022CD
:108A7000FAF7D4F9B0208DF806000DF10601204672
:108A800001220A23FCF724F80DF1070120460122F8
:108A90000A23FBF719FF9DF80750B44202D028467D
:108AA00002B070BD40F20040C4F202004FF48051A9
:108AB0000122FAF7B3F9284602B070BD10B504469A
:108AC00044F6E460C2F20000844205D02046FBF781
:108AD000CDFD012836D00DE040F20040C4F2020086
:108AE0004FF480510122FAF799F92046FBF7BEFDB9
:108AF000012827D02046FBF7B9FD012822D02046C7
:108B0000FBF7B4FD01281DD02046FBF7AFFD01287F
:108B100018D02046FBF7AAFD012813D02046FBF70A
:108B2000A5FD01280ED02046FBF7A0FD012809D0A5
:108B30002046FBF79BFD012804D02046FBF796FD5D
:108B4000012801D1012010BD2046FBF78FFD01381F
:108B5000B0FA80F0400910BD2DE9F04381B044F631
:108B6000E469DDF82080C2F200091D46174604467C
:108B700048450E4608D140F20040C4F202004FF4CE
:108B800080510022FAF74AF90DF102012046012234
:108B90000A238DF80260FBF79BFF2046394604222A
:108BA0000A23FBF795FF0DF10301204601220A235A
:108BB0008DF80350FBF78CFF204641462A460A23D6
:108BC000FBF786FF4C4503D001B0BDE8F08300BF42
:108BD00040F20040C4F202004FF480510122FAF743
:108BE0001DF901B0BDE8F08370B582B044F6E466CB
:108BF000C2F200060446B0420D4608D140F20040E1
:108C0000C4F202004FF480510022FAF707F9032062
:108C10008DF805000DF10501204601220A23FBF71E
:108C200057FF0DF10601204601220A238DF8065058
:108C3000FBF74EFF0DF10701204601220A23FBF747
:108C400043FE9DF80750B44202D0284602B070BDE2
:108C500040F20040C4F202004FF480510122FAF7C2
:108C6000DDF8284602B070BDF0B581B0064644F686
:108C7000E460C2F200001C46154686420F4611D041
:108C80000DF10301304601220A238DF80370FBF732
:108C90001FFF3046294622460A23FBF715FE01B086
:108CA000F0BD00BF40F20046C4F2020630464FF469
:108CB00080510022FAF7B2F88DF8037044F6E467A9
:108CC000C2F200070DF10301384601220A23FBF727
:108CD000FFFE3846294622460A23FBF7F5FD3046BB
:108CE0004FF480510122FAF799F801B0F0BD00006D
:108CF00070B582B044F6E466C2F200060446B042A3
:108D000008D140F20040C4F202004FF4805100222A
:108D1000FAF784F8A0208DF806000DF10601204630
:108D200001220A23FBF7D4FE0DF1070120460122A0
:108D30000A23FBF7C9FD9DF80750B44202D028462C
:108D400002B070BD40F20040C4F202004FF4805106
:108D50000122FAF763F8284602B070BDB0B582B0C0
:108D600044F6E462C2F2000290420C460AD00DF1D1
:108D7000070101220A238DF80740FBF7A9FE02B084
:108D8000B0BD00BF40F20045C4F2020528464FF4D2
:108D900080510022FAF742F844F6E460C2F2000083
:108DA0000DF1070101220A238DF80740FBF790FE21
:108DB00028464FF480510122FAF730F802B0B0BDD6
:108DC0002DE9F04F83B044F6E465C2F20005044695
:108DD000A84208D140F20040C4F202004FF4805192
:108DE0000022FAF71BF802208DF806000DF10601AB
:108DF000204601220A23FBF76BFE0F208DF80700A7
:108E00000DF10701204601220A23FBF761FE8020B5
:108E10008DF8080002A9204601220A23FBF758FE1C
:108E2000AC4200F0558103260DF1090120460122D4
:108E30000A238DF809600125FBF74AFE0E270DF184
:108E40000A01204601220A238DF80A70FBF740FE32
:108E50000DF10B01204601220A23FBF735FD9DF899
:108E60000B0000F0E000802800F07A810DF109018C
:108E7000204601220A238DF809600125FBF728FE10
:108E80000DF10A01204601220A238DF80A70FBF732
:108E90001FFE0DF10B01204601220A23FBF714FDF2
:108EA0009DF80B0000F0E000802800F059810326B7
:108EB0000DF10901204601220A238DF809600125E0
:108EC000FBF706FE0E270DF10A01204601220A23B8
:108ED0008DF80A70FBF7FCFD0DF10B012046012215
:108EE0000A23FBF7F1FC9DF80B0000F0E00080285E
:108EF00000F036810DF10901204601220A238DF888
:108F000009600125FBF7E4FD0DF10A01204601226D
:108F10000A238DF80A70FBF7DBFD0DF10B012046EB
:108F200001220A23FBF7D0FC9DF80B0000F0E000C3
:108F3000802800F0158103260DF109012046012249
:108F40000A238DF809600125FBF7C2FD0E270DF1FC
:108F50000A01204601220A238DF80A70FBF7B8FDAA
:108F60000DF10B01204601220A23FBF7ADFC9DF811
:108F70000B0000F0E000802800F0F2800DF1090104
:108F8000204601220A238DF809600125FBF7A0FD88
:108F90000DF10A01204601220A238DF80A70FBF721
:108FA00097FD0DF10B01204601220A23FBF78CFCF3
:108FB0009DF80B0000F0E000802800F0D18003262F
:108FC0000DF10901204601220A238DF809600125CF
:108FD000FBF77EFD0E270DF10A01204601220A2330
:108FE0008DF80A70FBF774FD0DF10B01204601228C
:108FF0000A23FBF769FC9DF80B0000F0E0008028D5
:1090000000F0AE800DF10901204601220A238DF8FF
:1090100009600125FBF75CFD0DF10A0120460122E4
:109020000A238DF80A70FBF753FD0DF10B01204662
:1090300001220A23FBF748FC9DF80B0000F0E0003A
:10904000802800F08D8003260DF1090120460122C1
:109050000A238DF809600125FBF73AFD0E270DF173
:109060000A01204601220A238DF80A70FBF730FD21
:109070000DF10B01204601220A23FBF725FC9DF888
:109080000B0000F0E00080286AD00DF109012046B5
:1090900001220A238DF80960FBF71AFD0DF10A0180
:1090A000204601220A238DF80A70FBF711FD0DF10D
:1090B0000B01204601220A23FBF706FC9DF80B005A
:1090C00000F0E0008038B0FA80F0450948E000BFC9
:1090D00040F20044C4F2020420464FF480510122C1
:1090E000F9F79CFE44F6E4660A27C2F200060DF189
:1090F00009084FF00E0B0DF10A090DF10B0A00BF24
:1091000020464FF480510022F9F788FE03208DF8A5
:1091100009003046414601220A23FBF7D9FC3046BC
:10912000494601220A238DF80AB0FBF7D1FC3046EC
:10913000514601220A23FBF7C7FB9DF80B5020463E
:109140004FF480510122F9F769FE05F0E000803804
:10915000B0FA80F04FEA501502D0013F3806CFD167
:10916000284603B0BDE8F08F2DE9F04F83B044F6F8
:10917000E465C2F200050446A84208D140F200406E
:10918000C4F202004FF480510022F9F747FE02209A
:109190008DF806000DF10601204601220A23FBF797
:1091A00097FC0F208DF807000DF1070120460122E2
:1091B0000A23FBF78DFC00208DF8080002A9204649
:1091C00001220A23FBF784FCAC4200F04181032614
:1091D0000DF10901204601220A238DF809600125BD
:1091E000FBF776FC0E270DF10A01204601220A2327
:1091F0008DF80A70FBF76CFC0DF10B012046012283
:109200000A23FBF761FB9DF80B002028C0F0668164
:109210000DF10901204601220A238DF8096001257C
:10922000FBF756FC0DF10A01204601220A238DF8B6
:109230000A70FBF74DFC0DF10B01204601220A23B9
:10924000FBF742FB9DF80B002028C0F04781032666
:109250000DF10901204601220A238DF8096001253C
:10926000FBF736FC0E270DF10A01204601220A23E6
:109270008DF80A70FBF72CFC0DF10B012046012242
:109280000A23FBF721FB9DF80B002028C0F0268164
:109290000DF10901204601220A238DF809600125FC
:1092A000FBF716FC0DF10A01204601220A238DF876
:1092B0000A70FBF70DFC0DF10B01204601220A2379
:1092C000FBF702FB9DF80B002028C0F00781032666
:1092D0000DF10901204601220A238DF809600125BC
:1092E000FBF7F6FB0E270DF10A01204601220A23A7
:1092F0008DF80A70FBF7ECFB0DF10B012046012203
:109300000A23FBF7E1FA9DF80B002028C0F0E68065
:109310000DF10901204601220A238DF8096001257B
:10932000FBF7D6FB0DF10A01204601220A238DF836
:109330000A70FBF7CDFB0DF10B01204601220A2339
:10934000FBF7C2FA9DF80B002028C0F0C780032667
:109350000DF10901204601220A238DF8096001253B
:10936000FBF7B6FB0E270DF10A01204601220A2366
:109370008DF80A70FBF7ACFB0DF10B0120460122C2
:109380000A23FBF7A1FA9DF80B002028C0F0A68065
:109390000DF10901204601220A238DF809600125FB
:1093A000FBF796FB0DF10A01204601220A238DF8F6
:1093B0000A70FBF78DFB0DF10B01204601220A23F9
:1093C000FBF782FA9DF80B002028C0F08780032667
:1093D0000DF10901204601220A238DF809600125BB
:1093E000FBF776FB0E270DF10A01204601220A2326
:1093F0008DF80A70FBF76CFB0DF10B012046012282
:109400000A23FBF761FA9DF80B00202866D30DF1C3
:109410000901204601220A238DF80960FBF758FB59
:109420000DF10A01204601220A238DF80A70FBF78C
:109430004FFB0DF10B01204601220A23FBF744FAF2
:109440009DF80B000025202838BF012546E000BF0D
:1094500040F20044C4F2020420464FF4805101223D
:10946000F9F7DCFC44F6E4660A27C2F200060DF1C7
:1094700009084FF00E0B0DF10A090DF10B0A00BFA0
:1094800020464FF480510022F9F7C8FC03208DF8E4
:1094900009003046414601220A23FBF719FB3046FA
:1094A000494601220A238DF80AB0FBF711FB30462A
:1094B000514601220A23FBF707FA9DF80B5020467C
:1094C0004FF480510122F9F7A9FC202D4FF000053F
:1094D00038BF012502D3013F3806D1D1284603B059
:1094E000BDE8F08FF0B581B044F6E467C2F2000742
:1094F00015460446B8420E4608D140F20040C4F278
:1095000002004FF480510022F9F788FC02208DF808
:1095100001000DF10101204601220A23FBF7D8FAD0
:109520000DF10201204601220A238DF80260FBF7AB
:10953000CFFA0DF10301204601220A238DF80350D2
:10954000FBF7C6FABC4201D001B0F0BD40F20040CA
:10955000C4F202004FF480510122F9F75FFC01B020
:10956000F0BD00002DE9F04182B044F6E468C2F29B
:1095700000081D461646044640450F4608D140F2F5
:109580000040C4F202004FF480510022F9F746FC7B
:1095900002208DF806000DF10601204601220A2363
:1095A000FBF796FA0DF10701204601220A238DF8F8
:1095B0000770FBF78DFAF01B0130C2B22046294636
:1095C0000A23FBF785FA444502D002B0BDE8F081DA
:1095D00040F20040C4F202004FF480510122F9F73A
:1095E0001DFC02B0BDE8F081F0B581B02DED0C8B13
:1095F00098B004464AF21820C0F6010090E8E00056
:1096000015A89FED4E8AE0C012A8B6EE009AE0C001
:1096100004F6B83015A9B0EE480AF0EE490A022265
:109620000223F8F789F89FED46CA9FED46DA9FEDD1
:1096300046BA9FED46AA04F6F24012A9B0EE4C0AD3
:10964000F0EE4D0AB0EE4B1AF0EE4B1AB0EE4A2A8D
:10965000F0EE4A2A0222F72301F09CFD0FA8E0C099
:109660000CA8E0C004F6E8500FA9B0EE480AF0EEEE
:10967000490A02220223F8F75FF804F622700CA9C7
:109680000222F723B0EE4C0AF0EE4D0AB0EE4B1A70
:10969000F0EE4B1AB0EE4A2AF0EE4A2A01F07AFDBB
:1096A00009A8E0C006A8E0C041F21800204409A9BA
:1096B000B0EE480AF0EE490A02220223F8F73CF81D
:1096C00041F25210204406A90222F723B0EE4C0AC0
:1096D000F0EE4D0AB0EE4B1AF0EE4B1AB0EE4A2AFD
:1096E000F0EE4A2A01F056FD03A8E0C041F24820FE
:1096F000204403A9B0EE480AF0EE490A02220223F0
:109700008DE8E000F8F718F841F28230204469460D
:10971000B0EE4C0AF0EE4D0AB0EE4B1AF0EE4B1ADA
:10972000B0EE4A2AF0EE4A2A0222F72301F032FD77
:10973000012018B0BDEC0C8B01B0F0BD00803B45A2
:109740000080BB450000FA4400007A443333333FC5
:10975000B0B52DED088B92B004464AF22420C0F635
:1097600001008268D0E900100E92CDE90C104AF297
:109770003C20C0F601008268D0E900109FED468AC7
:1097800000250B92CDE9091004F1C8000FA9F6EEEF
:10979000000AB0EE480A002200231195CDE90F55CA
:1097A000F7F7CAFF9FED3DBA9FED3EAA9FED3E9AA7
:1097B000DFED3B0A04F5AC700CA9B0EE4B0AB0EE3D
:1097C0004A1AF0EE4A1AB0EE492AF0EE492A00226F
:1097D000B72301F0DFFC9FED350A04F2022009A94E
:1097E000F0EE480AB0EE4A1AF0EE4A1AB0EE492AF4
:1097F000F0EE492A0022B52301F0CCFC4AF23020D9
:10980000C0F601008268D0E900100592CDE903108E
:109810004AF24820C0F601008268D0E900100292A6
:10982000CDE9001004F53E7006A9B0EE4B0AF0EE4B
:10983000490A002200230895CDE90655F7F77CFF79
:109840009FED1B0ADFED1B0A04F5627003A9B0EE61
:109850004A1AF0EE4A1AB0EE492AF0EE492A0022DE
:10986000F72301F097FC9FED140A04F23240694699
:10987000F0EE480AB0EE4A1AF0EE4A1AB0EE492A63
:10988000F0EE492A0022B72301F084FC012012B037
:10989000BDEC088BB0BD00BF0000FA4400803B4522
:1098A0000000484200007A44000000000000FF442D
:1098B0000080BB450000C84200606A462DE9F041C7
:1098C0002DED0E8B9CB004464AF26C20C0F60100D0
:1098D0009FED69AA8668D0E90087B6EE00BA002538
:1098E00004F5A56019A9B0EE4A0AF0EE4B0A02226F
:1098F0000223CDE91A55CDE91855CDE9165515962F
:10990000CDE91387F7F718FF9FED5D9A9FED5D8A0C
:109910009FED5DCA9FED5DDA9FED580A04F5B760D3
:1099200016A9F0EE490AB0EE481AF0EE481AB0EE69
:109930004C2AF0EE4D2A0222912301F02BFC9FEDE0
:1099400054EA04F2626013A9B0EE4E0AF0EE490A3E
:10995000B0EE481AF0EE481AB0EE4C2AF0EE4C2A5F
:109960000222B72301F016FC04F5EB6010A9B0EE5B
:109970004A0AF0EE4B0A022202231295CDE9105555
:10998000CDE90E55CDE90C65CDE90A87F7F7D4FE90
:1099900004F5FD600DA902229123B0EE4E0AF0EE0F
:1099A000490AB0EE481AF0EE481AB0EE4C2AF0EE32
:1099B0004D2A01F0EFFB04F692000AA90222B72318
:1099C000B0EE4E0AF0EE490AB0EE481AF0EE481A30
:1099D000B0EE4C2AF0EE4C2A01F0DCFB4AF25420A7
:1099E000C0F601008268D0E900100692CDE90410AB
:1099F0004AF26020C0F601008268D0E900100392AC
:109A0000CDE9011004F6881007A9B0EE4A0AF0EE7D
:109A10004B0A022202230995CDE90755F7F78CFE80
:109A200004F6182004A9B0EE4E0AF0EE490AB0EE92
:109A3000481AF0EE481AB0EE4C2AF0EE4D2A0222F7
:109A4000912301F0A7FB9FED142A9FED120A04F663
:109A5000C22001A9F0EE490AB0EE481AF0EE481A09
:109A6000F0EE422A0022B72301F094FB01201CB043
:109A7000BDEC0E8BBDE8F08100803B450080BB450E
:109A80000000FA4400007A443333333FCDCC4C3EDF
:109A90000060EA4600606A4600000000B0B584B08D
:109AA00044F2605042F2000101230024C2F200009F
:109AB000C4F20101C0F60073012503944FF4803213
:109AC000047680F82040C0E90A34C56180F830404F
:109AD00080E81600C0E903444561F7F731FF00282C
:109AE00018BFF7F70DFD1020CDE9000544F26050D6
:109AF000C2F2000069460294F7F77EFE002818BF04
:109B0000F7F7FEFC04B0B0BDB0B584B044F2A85085
:109B100042F2002101230024C2F20000C4F201013C
:109B2000C0F60073012503944FF48032047680F868
:109B30002040C0E90A34C56180F8304080E8160052
:109B4000C0E903444561F7F7FBFE002818BFF7F7AB
:109B5000D7FC0820CDE9000544F2A850C2F200006D
:109B600069460294F7F748FE002818BFF7F7C8FCCB
:109B700004B0B0BD10B544F2F05046F20041C2F25C
:109B80000000C4F20001032200234FF0012480E80A
:109B90000E0000F10C014FF4102C4FF4001E81E870
:109BA000085084618383F8F799FB002808BF10BD33
:109BB000BDE81040F7F7A4BC10B544F2186046F6B3
:109BC0000001C2F20000C4F20001032200234FF0A2
:109BD000012480E80E0000F10C014FF4102C4FF42A
:109BE000001E81E8085084618383F8F777FB002822
:109BF00008BF10BDBDE81040F7F782BC80B544F245
:109C0000406043F20001C2F20000C4F202010160B0
:109C1000F8F73EFD002808BF80BDBDE88040F7F79B
:109C20006FBC000080B582B0002043F63001019087
:109C3000C4F202010A6842F480020A600A6802F46F
:109C400080020192019A00900868002240F40010FE
:109C500008600868052100F40010009000980C20AE
:109C6000F9F7A0F90C20F9F78DF92F200521002232
:109C7000F9F798F92F20F9F785F938200521002206
:109C8000F9F790F93820F9F77DF9392005210022FC
:109C9000F9F788F93920F9F775F93A2005210022FA
:109CA000F9F780F93A20F9F76DF93B2005210022F8
:109CB000F9F778F93B20F9F765F9442005210022EE
:109CC000F9F770F94420F9F75DF9452005210022E4
:109CD000F9F768F94520F9F755F9462005210022E2
:109CE000F9F760F9462002B0BDE88040F9F74AB9BB
:109CF000F0B5ABB04AF20430C0F6010090E81E5057
:109D0000806924AD85E81E502A9024A800210BF01C
:109D10006FF940F2D467C2F2000738604AF2CC20F3
:109D2000C0F6010090E87E0080690DF1740C8CE8AB
:109D30007E0023901DA800210BF05AF978604AF2AA
:109D4000B020C0F6010090E84E00D0E904548069CC
:109D50000DF1580C8CE84E001C9016A80021CDE99E
:109D60001A540BF045F9B8604AF27820C0F60100A9
:109D700090E84E00D0E9045480690DF13C0C8CE869
:109D80004E0015900FA80021CDE913540BF030F9C7
:109D9000F8604AF29420C0F6010090E84E00D0E945
:109DA000045480690DF1200C8CE84E000E9008A838
:109DB0000021CDE90C540BF01BF938614AF2E82080
:109DC000C0F6010090E84E00D0E9045480690DF11E
:109DD000040C8CE84E00079001A80021CDE9055441
:109DE0000BF006F978612BB0F0BD00002DE9F04FC3
:109DF00087B0002443F63000CDE905440194C4F255
:109E00000200016840F2004841F00201016001686F
:109E1000C4F2020801F00201019101990194016864
:109E200008F5C05941F0400101600168002201F0CD
:109E3000400101910199019401684FF4E05B41F008
:109E400001010160016801F0010101910199019492
:109E5000016841F008010160016801F00801019109
:109E600001990194016841F004010160016801F069
:109E70000401019101990194016841F080010160A0
:109E8000016801F08001019101990194016841F09C
:109E90002001016000684FF4E05100F020000190C3
:109EA00001984846F8F7BAFFA8F5806630461021B9
:109EB00001220127F8F7B2FF40464FF480510022FB
:109EC000F8F7ACFF404601210122F8F7A7FF4FF455
:109ED000041002AD4FF0020ACDE9030708F58050E7
:109EE0002946CDF808A0F8F7BBFE48462946CDE93B
:109EF00002B7CDE90444F8F7B3FE30462946CDE970
:109F000002740497F8F7ACFE1020CDE90207304642
:109F10002946CDE9047AF8F7A3FE302002904FF4E9
:109F20008810CDE9030708F580602946F8F798FE08
:109F30004FF48050CDE9020740462946CDE9047729
:109F4000F8F78EFE40462946CDE90277CDE9047A3E
:109F5000F8F786FE072005210022F9F723F80720ED
:109F6000F9F710F807B0BDE8F08F0000B0B544F67F
:109F70008C6043F20001C2F20000C4F201014FF410
:109F80008272002380E80E0000F10C014FF0020CF9
:109F90004FF0010E4FF40074102581E808500A219B
:109FA000C0E90645C0E90833C0E90A31FAF762FBA7
:109FB000002808BFB0BDBDE8B040F7F7A1BA000067
:109FC00080B544F6E46043F60001C2F20000C4F23A
:109FD00000014FF48272002380E80E0000F11401AA
:109FE0004FF4007C4FF0100E81E808500A21C0E9C0
:109FF0000333C0E90833C0E90A31FAF73BFB002814
:10A0000008BF80BDBDE88040F7F77ABA70B58EB062
:10A0100044F2004544F68470C4F201050021C2F206
:10A020000000532240F2CF73CDE90611CDE90411AF
:10A03000C0E90052C0E9021301618161FBF7B6F883
:10A04000002818BFF7F75CFA44F68470C2F20000EB
:10A05000FBF7BCFC002818BFF7F752FA44F68474EB
:10A060006020C2F200040190002601A920460022CF
:10A07000CDE902660596FBF797FB002818BFF7F7B6
:10A080003FFA20680996A84222D040F20041C4F26B
:10A090000101884234D040F60001C4F20001884238
:10A0A0004BD10020089043F63000C4F20200016852
:10A0B000022241F0080101600068032300F008005B
:10A0C000089008984FF48040099005F5484014E046
:10A0D0000020089043F63000C4F202000168032219
:10A0E00041F0200101600068022300F02000089088
:10A0F00008984020099005F55040012115E000BF67
:10A10000002143F630000891C4F2020002680023E7
:10A1100042F0040202600068032200F0040008908C
:10A1200008984020099005F544400226CDE90A61CF
:10A1300009A9CDE90C32F8F793FD0EB070BD00000F
:10A1400080B586B044F63C7000220021C2F20000C7
:10A15000C4F20102A72340F2CF7C0591CDE903119F
:10A16000CDE90011C0E90023C0E9021CC0E90411D7
:10A170008161FBF71BF8002818BFF7F7C1F94FF40E
:10A180008050029044F63C70C2F2000002A9FBF736
:10A190008FF9002818BFF7F7B3F944F63C70C2F204
:10A1A00000006946FAF7A6FF002818BFF7F7A8F9DC
:10A1B00006B080BD80B586B045F2140040F2004282
:10A1C0000021C2F20000C4F20002532340F2CF7C0F
:10A1D0000591CDE90311CDE90011C0E90023C0E9E3
:10A1E000021C01618161FAF7E1FF002818BFF7F74F
:10A1F00087F94FF48050029045F21400C2F200003B
:10A2000002A9FBF755F9002818BFF7F779F945F2CD
:10A210001400C2F200006946FAF76CFF002818BF6C
:10A22000F7F76EF906B080BDB0B594B040F6000502
:10A2300045F25C00C4F200050021C2F2000045F2C4
:10A2400007220D91CDE90B110991CDE90711CDE957
:10A250000511CDE90311CDE90111C0E90051C0E9B3
:10A26000021201618161FAF7A1FF002818BFF7F718
:10A2700047F94FF480500A9045F25C00C2F20000AA
:10A280000AA9FBF715F9002818BFF7F739F945F2C5
:10A290005C00C2F20000FBF799FB002818BFF7F73B
:10A2A0002FF945F25C000024C2F2000008A9CDE9B4
:10A2B0000844FAF71FFF002818BFF7F721F96020BC
:10A2C000CDE901040394059445F25C04C2F2000454
:10A2D00001A920460822FBF767FA002818BFF7F704
:10A2E0000FF9206844F20042C4F2010200219042BA
:10A2F0000F911FD040F20041C4F2010188422FD0DB
:10A30000A8424AD100200E9043F63000C4F2020069
:10A310000168022241F0080101600068032300F097
:10A3200008000E900E984FF480400F9005F5013014
:10A3300014E000BF43F630000E91C4F20200016841
:10A34000032241F0200101600068022300F0200098
:10A350000E900E9840200F9005F50330012114E077
:10A36000002143F630000E91C4F20200026800237F
:10A3700042F0040202600068032200F004000E9024
:10A380000E9840200F9005F500300225CDE91051C0
:10A390000FA9CDE91232F8F763FC14B0B0BD00008C
:10A3A00080B582B045F2A40041F200420021C2F221
:10A3B0000000C4F20002A72340F2CF7CCDE90011D7
:10A3C000C0E90023C0E9021C8161FAF7EFFE002812
:10A3D00018BFF7F795F845F2A400C2F200006946ED
:10A3E000FAF788FE002818BFF7F78AF802B080BD98
:10A3F00070B59CB040F2004545F2EC00C4F2010596
:10A400000021C2F20000D1221591CDE91311119162
:10A41000CDE90F11CDE90D11CDE90B11CDE90911F0
:10A42000CDE90711CDE90511CDE90311CDE9011100
:10A43000C0E90051C0E90212C0E904118161FAF7D4
:10A44000B5FE002818BFF7F75BF84FF48050129064
:10A4500045F2EC00C2F2000012A9FBF729F800282F
:10A4600018BFF7F74DF845F2EC00C2F20000FBF719
:10A47000ADFA002818BFF7F743F845F2EC000024C6
:10A48000C2F2000010A9CDE91044FAF733FE00280B
:10A4900018BFF7F735F86020CDE9090445F2EC0064
:10A4A000C2F2000009A90022CDE90B44CDE90D4418
:10A4B0000F94FBF779F9002818BFF7F721F845F258
:10A4C000EC044FF40050C2F200040026069001A9EB
:10A4D00020460596CDE90366CDE901660896FAF7B0
:10A4E000E3FD002818BFF7F70BF8206844F200419D
:10A4F000C4F20101884217961ED0A84234D040F61B
:10A500000001C4F2000188424BD10020169043F6AE
:10A510003000C4F202000168022241F0080101602B
:10A520000068032300F00800169016984FF480404E
:10A53000179005F5843014E00020169043F63000A3
:10A54000C4F202000168032241F0200101600068AA
:10A55000022300F02000169016984020179005F571
:10A560008830012115E000BF002143F6300016912C
:10A57000C4F202000268002342F004020260006894
:10A58000032200F00400169016984020179005F55D
:10A5900082300226CDE9186117A9CDE91A32F8F701
:10A5A0005FFB1CB070BD000080B545F2341041F275
:10A5B0000001C2F20000C4F2010100234FF00C0CB4
:10A5C0004FF4612280E80E00C0E90333C0E905C3FF
:10A5D000C361FCF757F9002808BF80BDBDE8804083
:10A5E000F6F78EBF10B545F27C1044F6000C48F229
:10A5F000A062C2F20000C4F2000CC0F201024FF4EB
:10A60000805300214FF4806E0C24C0E900C2C0E9E1
:10A610000231C0E904E4C0E90611FCF733F900286F
:10A6200008BF10BDBDE81040F6F76ABF80B545F21F
:10A63000C41041F20041C2F20000C4F20101002343
:10A640004FF00C0C4FF4E13280E80E00C0E9033308
:10A65000C0E905C3C361FCF715F9002808BF80BD38
:10A66000BDE88040F6F74CBF80B544F2842040F24C
:10A670001411C2F20000C2F20001002204F066FCD4
:10A68000002818BFF6F73CFF44F2842040F2D411B2
:10A69000C2F20000C2F2000104F0BEFE002818BFA2
:10A6A000F6F72EFF44F2842040F27021C2F200003F
:10A6B000C2F2000104F06AF9002818BFF6F720FF83
:10A6C00044F28420C2F2000004F0D0FE002808BF4B
:10A6D00080BDBDE88040F6F713BF0000FEE7000034
:10A6E000FEE700002DE9F04F83B0B0F80090D0F8FD
:10A6F00006E0D0F80AA000F11A01B9F1020FA9F1A1
:10A7000001027AD39EED011AA9F10203032B02F094
:10A710000303CDF80890CDE9003203D20025F146BD
:10A7200039E000BF22F0030B0EF1080CF1460AF1EC
:10A73000080E0024002500BF09EB040292ED012A57
:10A740000AEB040632EE412A82ED002AD6F8048094
:10A750000CEB04074AF8048097ED002A043532EE2A
:10A76000412A82ED012A5EF80430AB45736092ED18
:10A77000032A32EE412A87ED002AF3684EF80430AE
:10A7800092ED042A04F1100432EE412A82ED032AEC
:10A790003269F260D0D1009FCE46DDE9012967B36E
:10A7A0006B1C0EEB830696ED002A0EEB850432EE51
:10A7B000412A84ED002A5AF82340012F4AF8254007
:10A7C0001BD0AC1C0EEB840C9CED002A022F32EE49
:10A7D000412A86ED002A5AF824604AF823600CD0FA
:10A7E000EB1C0EEB830595ED002A32EE411A8CED41
:10A7F000001A5AF823304AF824300EEB890313ED7F
:10A80000021A0EEB820431EE000A84ED000AD0F841
:10A8100002400AEB82054C45C5ED000A3CBF0134FD
:10A82000C0F80240A9EB04089FEDD11A00F10E0315
:10A830001FFA88F000254845B0EE410AB0EE413AD3
:10A84000B0EE412AB0EE414ACD608D604D600D60A2
:10A8500080F02381A9EB0802C64312F0030706EB40
:10A86000090C73D00EEB800292ED000A012F20EE4E
:10A87000000A10EE104A0C6092ED002A12EE104A07
:10A880004C6092ED003A0AEB800292ED004A23EE12
:10A89000044A14EE104A8C6092ED003A00F1010473
:10A8A00013EE102ACA605AD00EEB840292ED005AC1
:10A8B000022F25EE055A35EE000A10EE106A0E60E2
:10A8C00092ED005A35EE022A12EE106A4E600AEB43
:10A8D000840692ED005A96ED006A00F1020425EE1E
:10A8E000065A35EE044A14EE102A8A6096ED005A94
:10A8F00035EE033A13EE102ACA6030D00EEB840214
:10A9000092ED005A25EE055A35EE000A10EE107A47
:10A910000F6092ED005A35EE022A12EE107A4F6067
:10A920000AEB840792ED005A97ED006AC41C25EEED
:10A93000065A35EE044A14EE102A8A6097ED005A42
:10A9400035EE033A13EE102ACA6008E09FEDB83ADC
:10A950000446B0EE434AB0EE432AB0EE430ABCF1DF
:10A96000030FC0F09A806FF00F0202EB8402A9EB94
:10A9700004060AEB02070EEB020400BF94ED045A32
:10A98000043E25EE055A35EE000A10EE102A0A6044
:10A9900094ED045A35EE022A12EE102A4A6094ED24
:10A9A000045A97ED046A25EE065A35EE044A14EE71
:10A9B000102A8A6097ED045A35EE033A13EE102AF6
:10A9C000CA6094ED055A25EE055A35EE000A10EEE0
:10A9D000102A0A6094ED055A35EE022A12EE102A6A
:10A9E0004A6094ED055A97ED056A25EE065A35EE54
:10A9F000044A14EE102A8A6097ED055A35EE033AA0
:10AA000013EE102ACA6094ED065A25EE055A35EE6B
:10AA1000000A10EE102A0A6094ED065A35EE022A5A
:10AA200012EE102A4A6094ED065A97ED066A25EE5A
:10AA3000065A35EE044A14EE102A8A6097ED065A3B
:10AA400035EE033A13EE102ACA6094ED075A25EE4C
:10AA5000055A35EE000A10EE102A0A6094ED075AE6
:10AA600035EE022A12EE102A4A6094ED075A97ED4D
:10AA7000076A04F1100425EE065A35EE044A14EE76
:10AA8000102A8A6097ED075A07F1100735EE033A4E
:10AA900013EE102ACA607FF471AF05EE109AB8EE7B
:10AAA000455A23EE023A24EE054A22EE022A20EE0F
:10AAB000050A33EE443A32EE400A83EE000A484576
:10AAC0009D6010EE101A196080F0AA805968C24388
:10AAD00002EE101AA9EB080111F0030502EB0901BF
:10AAE00048D00EEB800292ED001A0AEB800220EEB5
:10AAF000011A92ED003A31EE021A31EE431AB0EE2D
:10AB0000C11A11EE102A012D00F101049A6034D00F
:10AB10000EEB840292ED003A0AEB840220EE033A37
:10AB200092ED004A33EE023A33EE443AB0EEC33AC5
:10AB300031EE031A11EE102A022D00F102049A6080
:10AB40001BD00EEB840292ED003A0AEB840220EE59
:10AB5000033A92ED004A33EE023A33EE443AB0EE55
:10AB6000C33A31EE031A11EE102AC41C9A6004E0B5
:10AB7000000000009FED2E1A0446032950D36FF009
:10AB80000F0101EB8402A9EB04000AEB02017244FD
:10AB900092ED043A91ED044A20EE033A33EE023A84
:10ABA00033EE443AB0EEC33A31EE031A11EE107AA6
:10ABB0009F6092ED053A91ED054A20EE033A33EE9F
:10ABC000023A33EE443AB0EEC33A31EE031A11EED4
:10ABD000107A9F6092ED063A91ED064A20EE033A14
:10ABE00033EE023A33EE443AB0EEC33A31EE031A92
:10ABF00011EE107A9F6092ED073A91ED074A20EE30
:10AC0000033A33EE023A33EE443AB0EEC33A31EE51
:10AC1000031A1032103111EE107A04389F60B7D148
:10AC200081EE051A11EE100A986003B0BDE8F08FAE
:10AC300000000000F0B581B000268D0004460180C0
:10AC4000C0F8026028460AF00BFEC4F80600284649
:10AC50000AF006FE274647F80E6F47F8040CD4F8B2
:10AC6000060029467E60F5F7C7FC57F8040C294614
:10AC7000F5F7C2FCBE617E613E61FE6001B0F0BDD1
:10AC800044F6A810C2F20000F8F776BB421A02EEB2
:10AC9000102AB8EEC22A03EE101A04EE100AB4EE1F
:10ACA000402AB7EE000AB8EEC33AB8EEC44AF1EE55
:10ACB00010FAB8BFF0EE410A30EE600A20EE040A46
:10ACC00023EE201A31EE000ABDEEC00A10EE100A83
:10ACD0007047000010B52DED028B044690F99800E6
:10ACE000B0F1FF3F41DC216C606B9FEDA62A03EEC3
:10ACF000101A01EE100A23EE022AB4EE421AF1EE07
:10AD000010FA32DB20689FEDA02A01EE100AB0EEA7
:10AD1000C13AB4EE423AF1EE10FA26DB206902EEB7
:10AD2000100A31EE422A82EE011A9FED982A04F1B0
:10AD30009900B0EEC11AB4EE421AF1EE10FA11DD2C
:10AD400001684268013140F2F51342F10002CB1A6A
:10AD5000016072F10001426024BF012084F8A1006B
:10AD600003E000BF0021416001604CF6CD40C3F616
:10AD70004C50C4F8900010EE100AD4F8A2102061D4
:10AD800010EE900A30EEC00A206010EE100AA061AA
:10AD900009B120468847D4F89400616800EE101A83
:10ADA000A0B301684268D0F808C0A06901EE101A8B
:10ADB00030EE010AA16800EE900A20EE200AD4F8D5
:10ADC000903010EE100A00EE101A01EE102A30EE4C
:10ADD000010A20EE801A00EE103A20EE011AD4F893
:10ADE0000CE0606211EE100A2063B4F8600001EE1E
:10ADF00010EA02EE10CA032831EE028A23D304F1CE
:10AE00006200FFF76FFC28EE000A25E0A269A06847
:10AE100000EE902AD4F8903020EE200A10EE102A8E
:10AE200000EE100AE168626220EE801A00EE103A2D
:10AE3000B4F8602021EE001A11EE100A032A08EE81
:10AE4000101A2063DBD2E06901EE100A30EEC11A5D
:10AE500028EE011A81EE000AD4F8A61010EE100AAE
:10AE6000E06209B12046884794F89800410721D54F
:10AE7000D4F89410A26800EE102A21B1496801EEBE
:10AE8000101A30EE010AA169E26901EE101A02EE11
:10AE9000102AD4F8903031EE021AB6EE002A21EED4
:10AEA000021A20EE010A01EE103A21EE000A10EE1D
:10AEB000101A2163810631D5A169A26A00EE101A29
:10AEC00001EE102A20EE011AB5EE401AF1EE10FA4A
:10AED00024DD616DB0EEC01A00EE101AB4EE401A17
:10AEE000F1EE10FA1ADD216D02EE101A30EE023A80
:10AEF000B4EE431AF1EE10FA02DD00210DE000BFBE
:10AF000032EE411A30EE010A80EE020A216B01EEA8
:10AF1000101A20EE010A10EE101A2163810711D4D5
:10AF200041064ED4C1076BD1626AA36A216BD4F883
:10AF30002CC001EE101A00EE103A02EE102A03EEB9
:10AF400010CAB8E0E268D4F89410B4F8600008EED3
:10AF5000102AE9B18968032800EE101A38EE008A39
:10AF600018D3D4F89010226900EE101A82F0004134
:10AF700004F1620000EE901AFFF7B4FB28EE000A1D
:10AF800018E000BF6F12833A17B7D1383333733FDD
:10AF90000328E6D220696169D4F8902000EE101AE7
:10AFA00001EE100A30EE410A28EE000A01EE102AE6
:10AFB00080EE010A94F8980010EE101AE162410642
:10AFC000B0D5E16AD4F83CC0E36DD4F8902000EE2F
:10AFD000101A01EE102A02EE103A03EE10CA20EE0B
:10AFE000010A31EE021A22EE032A80EE010A82EEF5
:10AFF000011A30EE010A10EE101AE162C10793D077
:10B00000616AA26AD4F82CC000EE102A02EE101A6F
:10B0100030EE024A03EE10CA216C236B34EE034A71
:10B02000B0EEC44A05EE101A01EE103AB4EE454AED
:10B03000F1EE10FA30EE014A0DDDA16905EE101AAD
:10B0400020EE055AB5EE405AF1EE10FA03DD9FED01
:10B05000501A00212163616C9FED4D7A06EE101AA3
:10B06000B4EE464AB1EE465AF1EE10FAB4EE454A55
:10B07000C8BFB0EE460AF1EE10FAB4EE464AB8BFC9
:10B08000B0EE450AF1EE10FAB4EE454AC8BFB0EE94
:10B09000471AF1EE10FAB4EE464AB8BFB0EE471ABE
:10B0A000F1EE10FA04DCB4EE454AF1EE10FA02DAE1
:10B0B00011EE101A216331EE000A10EE101A30EE74
:10B0C000020A30EE030AA16210EE101AC006616394
:10B0D00018D5A06BD4F89010A26D03EE101A04EEF0
:10B0E000102A05EE100A20EE030A33EE043A24EE8D
:10B0F000054A80EE030A84EE033A30EE030A10EEAE
:10B10000100A6063206CB0EE405A04EE100AB4EEF0
:10B11000440AF1EE10FAB1EE443AC8BFB0EE445A18
:10B1200004DCB4EE435AF1EE10FA0BDAB4EE435AF3
:10B13000F1EE10FAB8BFB0EE435A15EE100AB0EEB9
:10B14000450A6063B4EE442AF1EE10FAC8BFB0EECF
:10B15000442A04DCB4EE432AF1EE10FA09DAB4EE24
:10B16000432AF1EE10FAB8BFB0EE432A12EE100AED
:10B1700060622069A169606110EE100AA06311EE9F
:10B18000100AC4F83CC0E1612062BDEC028B10BD26
:10B190000000000070B5054610EE900A686410EEDD
:10B1A000100A002628642E6008681C4668604868FB
:10B1B000A86088681146E86011EE100A286511EE53
:10B1C000900A686512EE100AA86512EE900AE8650A
:10B1D00005F162002E63A5F86020FFF72BFDC5F88E
:10B1E0008C6085F89840C5F89D60C5F8996085F831
:10B1F000A1606E6370BD0000002857D0017890ED0B
:10B200000F1A90ED102A80ED070A30EEC00A0029CF
:10B21000C0ED060A80ED0F0A80ED101A80ED112AAC
:10B2200048D0012940F0908090ED015A90ED026ADB
:10B2300030EE414A31EE011A90ED037A24EE054AD0
:10B2400020EE065A30EE410A32EE000AD0E90C1226
:10B2500080ED0C0A20EE070A34EE051A90ED082A5C
:10B2600090ED043A80ED0B0A31EE000A32EE000A4E
:10B27000B4EE430AF1EE10FA80ED094A80ED0A5A65
:10B28000C0E90D1280ED080AC2BF80ED083AB0EEA9
:10B29000430A7047B1EE431AB4EE410AF1EE10FAD8
:10B2A000BCBF80ED081AB0EE410A70479FED280A36
:10B2B000704700BF90ED024A90ED0A6A90ED012AB6
:10B2C00090ED053A24EE004A90ED035A34EE064A1A
:10B2D00020EE022AD0E90C1230EE410AB4EE434AC5
:10B2E00080ED0C0A20EE050AF1EE10FA80ED092A35
:10B2F00080ED0A4AC0E90D1280ED0B0A06DCB1EEC2
:10B30000433AB4EE434AF1EE10FA03DAB0EE434AA0
:10B3100080ED0A3A32EE042A90ED041A30EE020A69
:10B32000B4EE410AF1EE10FA80ED080A07DCB1EE46
:10B33000411AB4EE410AF1EE10FAA8BF7047B0EE20
:10B34000410A80ED081A704790ED080A704700BF67
:10B3500000000000002818BF002A01D1704700BF7C
:10B3600080B501701168416051688160916880ED1D
:10B37000040AC160C0ED050A20302821F5F75EF906
:10B38000BDE88040704700000A6842604A688260F9
:10B390008968C160704700000000000000000000E4
:10B3A000EFF30980BFF36F8F154B1A681EF0100F73
:10B3B00008BF20ED108A20E9F04F10602DE9090048
:10B3C0004FF0500080F31188BFF34F8FBFF36F8FA2
:10B3D0000CF046F84FF0000080F31188BDE809003A
:10B3E00019680868B0E8F04F1EF0100F08BFB0EC05
:10B3F000108A80F30988BFF36F8F704700BF00BFCA
:10B40000EC0600204FF0804100220023C4F2C82344
:10B41000C0E9001240F24F21C0E902220361C3F2E9
:10B42000066141F2FC1240F2C33349F28D7C3C309C
:10B43000C3F20442C3F21C43C4F2820C80E80E1033
:10B44000704700002DE9F04F81B02DED0E8B82B0DA
:10B450000C461E2184F84610817C028A036842EA69
:10B46000014841689F0DC3F3CA256FF3DF2347EA04
:10B470008127D0F808B0D0F80C90A3F5806620465C
:10B480006FF3DF2720F8026FC1F30136A7F580675D
:10B490008672C1F381368780C1F34A076FF3DF22DA
:10B4A000C672A5F58066A7F58067A2F58062468022
:10B4B000C78002811BB9002202814260026049F309
:10B4C000C0125FFA89F343EA022394F835204FEA69
:10B4D0000960019383F00103022743EAE070152A13
:10B4E00038BF012749F3C036C9F30725002818BF24
:10B4F000002745EA062694F836504FEA094200969E
:10B5000086F0010646EAE276152D4FF0200538BF99
:10B510001025002E08BF2F4484F8347094F8407032
:10B520004FEAC936152F4FF0020738BF012707EA47
:10B53000E67794F8426002234FEA4935152E38BF6A
:10B54000012303EAE5734FEA594694F8415046EA6D
:10B55000C83A2026152D38BF10265FEA893548BF26
:10B56000374494F84360080C2022152E4FEAE1710D
:10B5700084F8387038BF10225FEA093748BF134497
:10B5800094ED048A40EA014084F839300EF0B4FCAE
:10B59000B0EE480A09EE100A00F0B6FAB0EE40AA82
:10B5A000B0EE490A00F0B0FA3AEE400A00F0ACFA08
:10B5B0009FEDEBBA9FEDEBCA9FEDEBDA9FEDEBEA67
:10B5C00028EE0B1A29EE0C2A32EE011A28EE0C2A6C
:10B5D00029EE0D3AB4EE4E0A4BF3C03133EE022A97
:10B5E000F1EE10FAB8BFB0EE421A94ED078ACBEA3A
:10B5F000014084ED041A0EF07FFCB0EE480A09EE1B
:10B60000100A00F081FAB0EE40AAB0EE490A00F04C
:10B610007BFA3AEE400A00F077FA28EE0B1A29EE90
:10B620000C2A40F2D05032EE011A28EE0C2A29EEF4
:10B630000D3AB4EE4E0AC2F2000033EE022AF1EEE9
:10B6400010FAB8BFB0EE421A837A4FEA195141EAB4
:10B65000083183F001020A40012A01F0010184ED62
:10B66000071A09D194F84430009E83F0010384F84E
:10B670004430827207E000BF81F001073B40009E2A
:10B68000012B08BF82720AF01003C57A194484F8AE
:10B690003A1085F0010101EA1312012A4FEAD9415B
:10B6A00008D194F84430C27283F0020384F8443025
:10B6B00007E000BFB3FA83F35B092B40012B08BFFF
:10B6C000C27205784FEA995242EA882285F0010356
:10B6D00041EA4831134002F0010207D094F8447067
:10B6E000037087F0040784F8447005E082F00107D6
:10B6F0002F40012F08BF0370457801F0100385F03B
:10B70000010101EA13111A44012984F83B2007D1F1
:10B7100094F84420417082F0080284F8442006E046
:10B72000B3FA83F252092A40012A08BF4170837894
:10B730004FEA196141EA082183F001020A4001F051
:10B74000010107D094F84430827083F0100384F82C
:10B75000443005E081F001073B40012B08BF8270B7
:10B760001022C37802EA59528F1883F0010101EACE
:10B770001211012984F83C7008D194F84420C1705A
:10B7800082F0200284F8442007E000BFB2FA82F27F
:10B7900052091A40012A08BFC1704379102101EAF9
:10B7A000D95183F0010202EA1112012A08D194F85A
:10B7B0004430427183F0800384F8443007E000BFD6
:10B7C000B1FA81F77F093B40012B08BF4271037931
:10B7D0004FEA996242EA881783F001023A4007F083
:10B7E00001052943012A84F83D1007D194F844103B
:10B7F000027181F0400184F8441005E085F00101F8
:10B800001940012908BF027183794FEA197141EA91
:10B81000081183F001020A4001F0010108D094F8F8
:10B820004530827183F0010384F8453006E000BFA3
:10B8300081F001073B40012B08BF82711022C379C0
:10B8400002EA59628F1883F0010101EA12110129FD
:10B8500084F83E7008D194F84520C17182F002024C
:10B8600084F8452007E000BFB2FA82F252091A407C
:10B87000012A08BFC171037A4FEA997141EA880130
:10B8800083F001020A4001F0010107D094F845302D
:10B89000027283F0040384F8453005E081F001076B
:10B8A0003B40012B08BF02721022437A02EAD962A0
:10B8B0008F1883F0010101EA1211012984F83F7009
:10B8C00008D194F84520417282F0080284F845209E
:10B8D00007E000BFB2FA82F252091A40012A08BFFB
:10B8E000417206F00F03591E477BB1FA81F14909F5
:10B8F00087F001020A40012A4FEA06110AD194F8A2
:10B9000036304273B3FA83F35B0984F83630019B17
:10B9100008E000BFB3FA83F35B093B40012B019BB6
:10B9200008BF427303F00F035A1E077BB2FA82F27C
:10B93000520987F0010632401943012A84F8341075
:10B9400016D194F835100273B1FA81F1490984F8DF
:10B95000351002B0BDEC0E8B01B0BDE8F08F00BF1A
:10B96000CCCC4C3ECDCC4C3FCDCC4C3E0000FA4331
:10B97000B3FA83F149093940012908BF027302B0C3
:10B98000BDEC0E8B01B0BDE8F08F000010B52DEDC1
:10B99000048B0446B0F91000B0EE408A00EE100AA5
:10B9A000B8EEC00AB0EE609A00F0AEF8B4EE490A04
:10B9B000F1EE10FA1ADAB4F9120000EE100AB8EE3D
:10B9C000C00A00F0A1F8B4EE480AF1EE10FA0DDD5D
:10B9D0000020C4F8000194ED060AC4F8AA01208DE5
:10B9E000B8EEC00A013084ED0D0A2085BDEC048B51
:10B9F00010BD000090ED060A0022B8EEC00AC0F8A3
:10BA00000021C0F8AA21002980ED0D0A18BF828507
:10BA1000704700002DE9F04141F600480E4605460A
:10BA2000C4F20208F5F766FC40F2C017C2F2000744
:10BA300097F90000BCEEC00A854210EE104A12D001
:10BA400040464FF480510122F7F7E8F940464FF4A1
:10BA500000610122F7F7E2F940464FF480610122CC
:10BA6000F7F7DCF93D7040F2C857C2F2000778687A
:10BA7000201AB04205D938787C60B0FA80F04009CD
:10BA800038702620E840C0070FD1387838B94046D2
:10BA90004FF480510022F7F7C1F9387828B14046B9
:10BAA0004FF480510122F7F7B9F91520E840C0079B
:10BAB0000FD1387838B940464FF400610022F7F7CB
:10BAC000ADF9387828B140464FF400610122F7F70C
:10BAD000A5F90B20E840C00718BFBDE8F081387811
:10BAE00038B940464FF480610022F7F797F938786B
:10BAF00040B140464FF480610122BDE8F041F7F7C4
:10BB00008DB900BFBDE8F08110EE100A20F00040B2
:10BB100000EE100A7047000010EBE17041EBE1729B
:10BB200080EAE17082EAE17170470000B4EE601AC9
:10BB3000F1EE10FAB4EE401AB8BFB0EE601AF1EEB2
:10BB400010FAC8BFB0EE401AB0EE410A70470000CC
:10BB500010B5B0F9042004894280B1F800E0C48037
:10BB60009EFA8EF34FEA134CA0F804C04C88C2EB47
:10BB7000234224BA240C04818C8812F57A6F24BAEB
:10BB80004FEA144444818979017303DA818C0131CD
:10BB900005E000BF818CB2F57A6F01DD0139818447
:10BBA00047F6F5628A1A92B240F216239A429EFA3A
:10BBB000BEF309D80FFA8CF200EE102A0021B8EE7D
:10BBC000C00A818480ED0B0A09B20F2203EB4131D8
:10BBD0000270016110BD000010B504468088B4F900
:10BBE000082060800888E28000BA000CA0804888A5
:10BBF000DFED1F0A03BA1B0C23818B889FED1B0A04
:10BC00001BBA1B0C63818979C0BA21731146B0EE4F
:10BC1000601AFFF73BF8A188B4F9022009B28A1A2A
:10BC200012F57A6F208103DAA08C013005E000BFA5
:10BC3000A08CB2F57A6F01DD0138A08447F6F56279
:10BC4000821A92B240F216239A4207D800EE101AD6
:10BC50000020B8EEC00AA08484ED0B0A00B20F22C7
:10BC600001EB40302270206110BD00BF0000FA439C
:10BC7000CDCC4C3F10B5044600F004F801202073F1
:10BC800010BD000080B591F846C0BCF1040F8FBF15
:10BC90004FF0010C4FF0030C81F846C04FF0000C40
:10BCA00080F800C091F846C093F90EE0ACF1010CA9
:10BCB000BEF1040F81F846C0CFBF01210321997363
:10BCC0000021C17292F888104FF0000C4B1E4FFA01
:10BCD00083FEBEF1040F4FF00001C8BF0121BEF189
:10BCE000050FB8BF002382F8883092F8B83281700F
:10BCF000591E4FFA81FEBEF1040F4FF00003C8BF7A
:10BD00000123BEF1050FB8BF002182F8B81292F8E6
:10BD1000E814C37001394FFA81FEBEF1040F4FF0F1
:10BD20000003C8BF0123BEF1050FB8BF002182F890
:10BD3000E81492F81817037101394FFA81FEBEF129
:10BD4000040F4FF00003C8BF0123BEF1050FB8BFB9
:10BD5000002182F8181792F84819437101394FFAF7
:10BD600081FEBEF1040F4FF00003C8BF0123BEF1F6
:10BD7000050FB8BF002182F8481992F8781B83712B
:10BD800001394FFA81FEBEF1040F4FF00003C8BF26
:10BD90000123BEF1050FB8BF002182F8781B92F88D
:10BDA000A81DC37101394FFA81FEBEF1040F4FF097
:10BDB0000003C8BF0123BEF1050FB8BF002182F800
:10BDC000A81D92F8D81F037201394FFA81FEBEF107
:10BDD000040F4FF00003C8BF0123BEF1050FB8BF29
:10BDE000002141F2082E82F8D81F12F80E1043727B
:10BDF00001394BB2042BC8BF4FF0010C052BB8BF63
:10BE0000002102F80E1080F80AC080BD2DE9F04F25
:10BE100081B04F1F00F0FC8043F6A0380C46054669
:10BE20004FF00009C2F200084FF0000B15F80900AE
:10BE3000A52837D105EB09063046052105F0BCFDE4
:10BE400001282FD17078B17840EA0120093019FA21
:10BE500080FAA24526D881B2304605F031FD01288E
:10BE600020D1B6F80500F11DB0F5827F22DDA0F2E9
:10BE700001220D2A38D8DFE802F007697781178997
:10BE80008D959DA5ADB3B7BF087B88F82E000868D7
:10BE90008A684968C8F82A20C8F82610C8F822001D
:10BEA00002E000BF0BF1010A1FFA8AF94F45D346A1
:10BEB000BCD8ADE002280FDD032829D040F20112E2
:10BEC000904233D0B0F5827FEED1887888F81E009A
:10BED0000888A8F81C00E7E701282BD0022804BF37
:10BEE000087888F80B00DFE740F20512904200F076
:10BEF000878040F203329042D6D108688A68496848
:10BF0000C8F8A520C8F8A110C8F89D00CCE700BF6C
:10BF100008684A68CB688968C8F81830C8F81410EF
:10BF2000C8F81020C8F80C00BEE700BF0868C8F8C1
:10BF3000A900B9E70868D1F807204968C8F80720C0
:10BF4000C8F80410C8F80000AEE700BF8889A8F858
:10BF50003B0008688A684968C8F83720C8F8331079
:10BF6000C8F82F00A0E700BF08688A684968C8F8C9
:10BF70004520C8F84110C8F83D0095E748680968B1
:10BF8000C8F84D00C8F849108EE700BF087888F857
:10BF9000510089E7D1F803000968C8F85500C8F8CE
:10BFA000521081E748680968C8F85D00C8F8591060
:10BFB0007AE700BF087988F865000868C8F861006A
:10BFC00072E700BF8888A8F86A000868C8F86600A9
:10BFD0006AE700BF08F16C002822F4F78EFA63E7E5
:10BFE0000888A8F894005FE78888A8F89A0008688D
:10BFF000C8F8960058E700BF087888F89C0053E717
:10C00000887888F821000888A8F81F004CE700BF4E
:10C0100001B0BDE8F08F00002DE9F04F81B02DEDAB
:10C02000088B82B01446042872D0022800F09A804F
:10C03000012840F05D8491F84500169F0D464007A9
:10C040000DD514989FEDB82A90ED031A9FEDB70A0D
:10C05000B4EE421AF1EE10FA0CDCF87A50B1988D79
:10C060009FEDB31A00EE100AB8EE400A002808BF90
:10C07000B0EE410A95F839004FF4257200F00F0137
:10C08000C1EB1010B5F9021040F6D02610FB0210DB
:10C0900001EE100AB8EEC11A84ED001A002895F8D6
:10C0A0003800B5F9041000F00F03A3EB101010FBDB
:10C0B000021001EE100AB8EEC11A84ED011A95F8CB
:10C0C0003A10B5F90A3001F00F0111FB023101EE0F
:10C0D000101AB8EEC11AC2F2000684ED021A08BFA7
:10C0E00050EA010000F01A819FED913A96ED041A92
:10C0F0009FED902AB4EE430A31EE021AF1EE10FAE7
:10C1000086ED041A40F0D0809FED8B0A36E100BF27
:10C1100040F6D029C2F2000999F8010001283BD16C
:10C1200045F24230C2F20000807A00F03000302840
:10C1300032D1D9F80C000DF0B1FE9FED810B53EC1C
:10C14000102B0DF007FA0DF0D3F99FED7F1A00EEDA
:10C15000100AB4EE410AF1EE10FAC9F80C0032DA16
:10C1600035E000BF43F67047C2F20007788910F04F
:10C17000030100F0B380022900F0B880012940F0EB
:10C18000C180400700F1068240F6D020C2F20000D4
:10C190000121018031E200BFD9F80C000DF07EFED4
:10C1A0009FED6B0B53EC102B0DF0D4F90DF0A0F9B3
:10C1B00000EE100AB5EE400AF1EE10FAC9F80C00D4
:10C1C00005DC9FED651AB0EE410A89ED031A9FED7B
:10C1D000632A9FED633A43F6704A32EE402AB4EE8A
:10C1E000430AC2F2000AB1EE401AF1EE10FAB8BFEB
:10C1F000B0EE412ABAF80A0084ED0C2A00F00301DF
:10C20000022984ED0D0A4BD19AF8341044F6DF234D
:10C210000F299CBF002289F8032042F26052024499
:10C2200092B29A420BD89AF844200F2A9CBF9AF8EF
:10C2300045205FEA027204BF002289F8022001F063
:10C24000F002102A68D109074FF0000140F0638323
:10C2500099F80320002A40F05E83012089F803004A
:10C26000E06DD4E91023C117F4F79AF81046194687
:10C27000FFF752FC0546D4E910020E461146FFF7BF
:10C280004BFC5FEA61014FEA3000401B71EB060096
:10C29000E06D80F23383C117401BB14136E300BF2C
:10C2A000E06DC11700F058BC9FED2E2AB4EE420A93
:10C2B000F1EE10FA5ED09FED2C2AB4EE420AF1EEB8
:10C2C00010FA57D09FED292AB4EE420AF1EE10FA87
:10C2D00040F07C849FED260A50E000BF40F6D0205D
:10C2E000C2F200000021018061E100BF400700F1BF
:10C2F000538140F6D020C2F2000040F201110180CB
:10C300007BE100BF40F6D020C2F200000078022896
:10C3100040F04C8178E100BF0021FCE29FED0E0A65
:10C3200086ED040A31E000BF0000344300007A4388
:10C33000000034426F12033BCDCCAC3F00BF00BFC6
:10C340009A9999999999054000E0C44500BF00BFAA
:10C350009A999999999905C000000000000048C277
:10C360000000FA44000048420000484300005C42DC
:10C37000333353409FEDD12A20EE020AB4EE401A27
:10C38000F1EE10FAC8BF86ED040A96ED050AFFF734
:10C39000BBFB9FEDCB8A1FED109AB0EE401AB0EEBA
:10C3A000480AF0EE490AFFF7C1FB80EE080AB7EE33
:10C3B00000AA94ED001A3AEE400A21EE000A84ED3C
:10C3C000000A96ED050AFFF79FFBB0EE401AB0EEAB
:10C3D000480AF0EE490AFFF7A9FB80EE080A94ED3F
:10C3E000011A94ED002A94ED023A3AEE400A21EE49
:10C3F000000A96ED041A21EE022A20EE014A21EEEF
:10C40000030A84ED002A84ED014A84ED020A95F8BE
:10C410003F00000705D09FEDAB1A20EE010A84ED26
:10C42000020AB5EE400AF1EE10FA03D00020706166
:10C4300066E000BF38780028F8D0B5F906009FED17
:10C44000A28A9FEDA29A00EE100A95ED041AB8EEAA
:10C45000C0AAB0EE480AF0EE490AFFF767FB9FED6D
:10C460009C1A30EE0A0A80EE011AB0EE080AF6EEC7
:10C47000000A31EE001AFFF759FBB4F94C00B0EE98
:10C4800040AA00EE100AB8EEC0BA9FED920A96EDEF
:10C49000071A2BEE000A30EE011A9FED8F0ADFED2E
:10C4A0008F0A86ED071AFFF741FB9FED8D1A2AEEE2
:10C4B0000B2A86ED070A2BEE011A32EE000A31EE46
:10C4C000001A9FED880ADFED880AFFF72FFBB5F908
:10C4D000060086ED050A800000EE100AB8EEC0AA3C
:10C4E00095ED040AB2EE081A20EE011AB0EE480AE1
:10C4F000F0EE490AFFF71AFB30EE0A0A86ED060A4B
:10C50000B4F94C009FED791A00EE100AB8EEC00A9B
:10C510009FED772A31EE400A20EE028AB0EE480AFB
:10C5200006F064F9B0EE409AB0EE480A07F038FB26
:10C5300094ED001A94ED012A94ED023A20EE024A9D
:10C5400029EE022A21EE000A21EE095A30EE020AF3
:10C5500096ED052A35EE444A96ED065A33EE022A48
:10C5600030EE441A32EE052A34EE003A34EE400A38
:10C5700031EE021A33EE025A30EE020A32EE432A4C
:10C5800084ED031A84ED045A84ED050A84ED062A2D
:10C59000AEE100BF002100E0012140F6D022C2F24E
:10C5A000000202201070517002282DD028BB42F2E8
:10C5B0002C30C2F2000090ED0E0A1FED961A90ED9D
:10C5C000112A20EE010A9FEDF11A40F6D02022EE4A
:10C5D000011A84ED080A84ED0B1ABDEEC00AC2F2FE
:10C5E0000000BDEEC11A80ED010A80ED021A44F28E
:10C5F0004820C2F200000521017397F8340000F0D2
:10C600000F00022840F0EF8040F29065C2F2000572
:10C6100095F83400C0066DD5288DB0F5617F69D8D6
:10C6200044F24820C2F200001421017340F2740663
:10C63000B7F90800C2F2000695ED060A96ED011A58
:10C6400002EE100A9FEDE68AB8EEC22A22EE082A10
:10C6500020EE010A30EE021A94ED090AD4ED0A0A1E
:10C6600084ED081AFFF762FAB7F9060084ED080AAC
:10C6700002EE100A40F6D020C2F2000095ED070A43
:10C6800096ED001A8068B8EEC22A22EE082A20EE43
:10C69000010A00F56171A0F5E16030EE021A00EECA
:10C6A000101A02EE100AB8EEC00AF8EEC20A84EDC3
:10C6B0000B1AFFF73BFA84ED0B0A94E00AD7233DEF
:10C6C00000E02B45CDCCCC3E00002544000025C425
:10C6D00000005CC3ACC527370000C8420000C8C2D8
:10C6E000CDCC4C3D00803B4500803BC5000080C563
:10C6F000E84F493AB7F908009FEDBA1A00EE100A60
:10C70000B8EEC00A20EE010A10EE100A0DF0C6FBCA
:10C710000546F8690E460DF0C1FB9FEDB30B53ECD7
:10C72000102B0DF0C3F92A4633460CF013FF0546D3
:10C73000206A0E460DF0B2FB2A4633460CF00AFF83
:10C740000CF0D6FE94ED090AD4ED0A0A01EE100AA7
:10C750002062FFF7EBF9B7F9060084ED080A00EE56
:10C76000100A9FEDA31AB8EEC00A20EE010A10EEDF
:10C77000100A0DF093FB054638690E460DF08EFB4E
:10C780009FED9D0B53EC102B0DF090F92A4633468C
:10C790000CF0E0FE0546E06A0E460DF07FFB2A46EF
:10C7A00033460CF0D7FE0CF0A3FE40F6D021C2F2C7
:10C7B0000001896801EE100AE06201F5617000EE87
:10C7C000100AA1F5E16002EE100AB8EEC00AF8EE18
:10C7D000C20AFFF7ABF944F24820C2F2000005217B
:10C7E00084ED0B0A017340F6D028C2F2000898F8D5
:10C7F000000001287CD1B7F908009FED7A1A00EEFD
:10C80000100AB8EEC00A20EE010A10EE100A0DF070
:10C8100045FB0546F8690E460DF040FB9FED720B97
:10C8200053EC102B0DF042F92A4633460CF092FEE1
:10C830000546206A0E460DF031FB2A4633460CF0C1
:10C8400089FE0CF055FE94ED090AD4ED0A0A01EEBA
:10C85000100A2062FFF76AF9B7F9060084ED080AAA
:10C8600000EE100A9FED621AB8EEC00A20EE010A2F
:10C8700010EE100A0DF012FB054638690E460DF059
:10C880000DFB9FED5D0B53EC102B0DF00FF92A46BD
:10C8900033460CF05FFE0546E06A0E460DF0FEFAE8
:10C8A0002A4633460CF056FE0CF022FED8F808104B
:10C8B00001EE100AE06201F5617000EE100AA1F5C8
:10C8C000E16002EE100AB8EEC00AF8EEC20AFFF705
:10C8D0002DF944F24820C2F20000052184ED0B0A34
:10C8E000017302B0BDEC088B01B0BDE8F08F00BF52
:10C8F00002B0BDEC088B01B0BDE8F08FD4E9101296
:10C900002B1846EBE077581847EB0201C9E90801FC
:10C91000BAF80A00012144F2482B02B2C2F2000B1D
:10C9200012F59B4F8BF8111004DA99F8021061B1DF
:10C9300000213AE09AF8451001F00F0101294FF06B
:10C94000000132D199F802207ABB012089F8020057
:10C95000E06DD4E91023C117F3F722FD1046194604
:10C96000FFF7DAF80546D4E910020E461146FFF744
:10C97000D3F85FEA61014FEA3000401B71EB06001B
:10C98000E06D05DAC117401BB14109E00000B64176
:10C99000D4E910122B1846EBE077581847EB020148
:10C9A000C9E90801BAF80A0001219AF834608BF845
:10C9B0000F100F2E24D842F26052024492B244F675
:10C9C000DF239A421CD89AF845309AF844201B0776
:10C9D0001DD10F2A1BD8E36DDF17C9E9083716E010
:10C9E0006F1283BA0AD723BCB81E85EB51B8AEBF0D
:10C9F000A69BC4BB00BF00BF7B14AE47E17AA4BFB7
:10CA000002B244F69F539A4205DC9AF8442002F0A1
:10CA1000F002102A0CD199F802204AB9012289F8B3
:10CA20000220E26D43F698231A44D317C9E908237C
:10CA30009BF80E209BF810309BF811701A433A4374
:10CA400040F290624FF00503C2F2000218BF1423B7
:10CA5000002992F8341018BF14230F078BF80D30FB
:10CA60003ED4002106F0F00020288BF8101055D19C
:10CA700030074FF0000029D199ED030A9FED7E1A8F
:10CA8000B4EE410AF1EE10FA20DB40F21C61C2F272
:10CA90000001897C012919D1E06DD4E910750CF0F1
:10CAA0008AFF80460E46384629460CF09BFF9FEDD4
:10CAB000700B53EC102B0CF0F9FF424633460CF090
:10CAC00049FD0DF09FFAC9E9080101209AF80C1000
:10CAD0008BF80E00C90728D1D9E908013EE000BF54
:10CAE000C9064FF00001BDD5128DB2F5617FB9D8EE
:10CAF00040073DD406F0F0002028B2D106F00F0028
:10CB000002284FF00001ADD199ED030A9FED5A1AAA
:10CB1000B4EE410AF1EE10FA34DAA3E700209AF8F5
:10CB20000C108BF80E00C907D6D0E06DD4E9107553
:10CB30000CF041FF80460E46384629460CF052FF65
:10CB40009FED4B0B53EC102B0CF0B0FF42463346DD
:10CB50000CF000FD0DF056FAC9E908010DF0CCF912
:10CB6000A06302B0BDEC088B01B0BDE8F08F00BF40
:10CB700099ED030A9FED401AB4EE410AF1EE10FA66
:10CB8000FFF66FAF40F21C60C2F20000807C01280B
:10CB90007FF467AFE06DD4E910750CF00CFF8046B0
:10CBA0000191384629460CF01DFF9FED2F0B53ECE9
:10CBB000102B0CF07BFF019B42460CF0CBFC0DF0E0
:10CBC00021FAC9E9080101214CE700BF9FED2B2A9A
:10CBD000B4EE420AF1EE10FA12D09FED292AB4EE1B
:10CBE000420AF1EE10FA0BD09FED262AB4EE420A6B
:10CBF000F1EE10FA08D1B1EE0A0AFFF7BFBB00BF91
:10CC00009FED292AFFF7B8BB9FED202AB4EE420A18
:10CC1000F1EE10FA04D19FED1C0AFFF7AFBB00BF85
:10CC20009FED1C2AB4EE420AF1EE10FA04D19FEDFA
:10CC3000180AFFF7A3BB00BF9FED172AB4EE420A04
:10CC4000F1EE10FA0AD09FED152AB4EE420AF1EE89
:10CC500010FA03D09FED122AFFF78EBB9FED112A29
:10CC6000FFF78ABB00BF00BF000000000000D03FFC
:10CC7000666666666666D63F0070C1450000704213
:10CC800000009642000082429A99C94000008C42FE
:10CC90003333B3400000A0420000B4420000C84259
:10CCA000CDCCCC3DB81E853D0AD7A33DF0B581B0B3
:10CCB00043F69057C2F2000714463A780D46002A10
:10CCC00006463DD13846A821F3F7B8FC0320386169
:10CCD00078614BF2E40143F63860C0F60101C2F21C
:10CCE0000000B961F8614FF4806038620020B862DA
:10CCF0007862F862396640F2C871C2F2000101310F
:10CD000079661021B96653213867F8667867BFF3F2
:10CD10005F8F3970452147227970BA70FA70397186
:10CD2000522120227971BA71F971542139727972C4
:10CD3000B872F87238737873B873F873BFF35F8F93
:10CD4000EFF311874FF0200181F311883046294617
:10CD5000224600F005F887F3118801B0F0BD00000D
:10CD60002DE9F04F81B043F6905300EB4000C2F242
:10CD7000000303EBC007F86A14460228894613D063
:10CD8000012849D058B93D4655F8246F6868B0422B
:10CD900040F28080F1430844A04280F08280002667
:10CDA000304601B0BDE8F08F57F8245F0026381DEB
:10CDB000A7F1040BBA46A7F10808009022E000BFD3
:10CDC000DBF80000EA4311440144471BB94238BF75
:10CDD0000F46D8F80000A74228BF274628444946F6
:10CDE0003A46F3F78AFBDBF800007919E41B0D1AC9
:10CDF0003E44B94418BF0D46002CBFF35F8FCAF8FC
:10CE000000505FD000980168A942D9D9EA43DBF805
:10CE100000001144D9E700BFBA465AF8245FDAF897
:10CE20000410A94204D9EA43386A114404E000BF5F
:10CE3000386AEA4311440144A14238BF0C46461BFC
:10CE400057F81C0FB44228440ED249462246F3F745
:10CE500054FB6019BFF35F8FCAF8000026463046C6
:10CE600001B0BDE8F08F00BF49463246F3F745FBFD
:10CE7000A4EB0608386809EB06014246F3F73DFBD0
:10CE8000BFF35F8FCAF800802646304601B0BDE888
:10CE9000F08F00BF396AF24310440844A042FFF407
:10CEA0007EAF57F81C0F79683044A1EB060AA24503
:10CEB0000CD949462246F3F720FB3019BFF35F8FA8
:10CEC00028602646304601B0BDE8F08F49465246FC
:10CED000F3F713FBA4EB0A08386809EB0A01424692
:10CEE000F3F70BFBBFF35F8FC5F800802646304693
:10CEF00001B0BDE8F08F000082B080B582B0CDE90E
:10CF0000042304AA019201AA00F006F802B0BDE8C9
:10CF1000804002B0704700002DE9F04F9BB0914671
:10CF200006AA16924022002505901A900DF1580885
:10CF300000208B461792CDE918550AE03B46CDF804
:10CF400004A004F02DFE19985946B0F1FF3F40F3BC
:10CF5000EB821BF8013B252B1CD0002B00F0D48268
:10CF6000DDE91720411C914207D8169A13541998ED
:10CF7000179A01301990084618919042E3D11699FA
:10CF80001A98FFF793FE1899884240F0B7821895D7
:10CF9000D9E700BF04314FF0000A11F8033CA3F1B8
:10CFA00023070D2F00F25A800222DFE807F007570F
:10CFB00057575757575709570B57570C082202E036
:10CFC000042200E0012211F8023C4AEA020AA3F11D
:10CFD00023070D2F00F24A800222DFE807F00747FF
:10CFE00047474747474709470B47470C082202E096
:10CFF000042200E0012211F8013C4AEA020AA3F1EE
:10D0000023070D2F3CD80222DFE807F0083A3A3A0E
:10D010003A3A3A3A0A3A0C3A3A0D00BF082202E08C
:10D02000042200E001220B784AEA020AA3F1230756
:10D030000D2F1CD80222DFE807F00D1A1A1A1A1A4F
:10D040001A1A0F1A0B1A1A074AEA020A0431A4E73D
:10D050000122F9E70822F7E70422F5E70339A3F1F3
:10D060003A0212F10A0F07D310E000BF0239A3F110
:10D070003A0212F10A0F09D200222E2B40D083E08F
:10D080000139A3F13A0212F10A0FF5D3023100225D
:10D0900002EB820203EB420211F8013C303AA3F1A9
:10D0A0003A0717F10A0F27D302EB820203EB420281
:10D0B0000B78303AA3F13A0717F10A0F1ED302EBAF
:10D0C000820203EB42024B78303AA3F13A0717F1A0
:10D0D0000A0F55D302EB820203EB42028B78303AFF
:10D0E000A3F13A0717F10A0F01F10401D0D2023976
:10D0F0002E2B05D048E000BF013900BF2E2B43D1B5
:10D100000E4616F8013FA3F13A0717F10A0F03D2B2
:10D110000027314639E000BF0231002707EB8707BF
:10D1200003EB47070B78303FA3F13A0616F10A0FDD
:10D130002BD307EB870703EB47074B78303FA3F16F
:10D140003A0616F10A0FC0F0098107EB870703EBD7
:10D1500047078B78303FA3F13A0616F10A0FC0F06B
:10D16000FF8007EB870703EB4707CB78303FA3F13E
:10D170003A0616F10B0F01F10401CFD8013904E092
:10D1800001312E2BBCD000BF002703F0FB06682E18
:10D1900022D101F1040B00BF1BF8033C03F0FB019B
:10D1A000682921D11BF8023C03F0FB01682940F0FB
:10D1B0004B801BF8013C03F0FB01682916D11BF8DA
:10D1C000043B03F0FB016829E6D0ABF1030BA3F1AC
:10D1D000580120290ED93DE001F1010BA3F15801BE
:10D1E000202907D936E000BFABF1020BA3F15801AB
:10D1F00020292FD8DFE801F01E1C1C1C1C1C1C1C45
:10D200001C1C1C3A4A1C1C1C1C1C1C1C1C1C1C1C12
:10D21000781C1C861C121C1C1E0000BFD9F80000C4
:10D22000011DC9F800100168009240460A2285E6F7
:10D2300089E600BFD9F80000011DC9F80010016897
:10D2400000924046102279E6ABF1010BA3F15801A0
:10D250002029CFD9252B7FF476AEDDE91720411C9C
:10D2600091423FF68AAE169A25237FE6DDE9172024
:10D27000D9F80030411C1F1D9142C9F800703FF6DB
:10D280007CAE1A68169B1A5471E600BFD9F80010DC
:10D2900042F210750B1DC9F800300C68002C2146B5
:10D2A000C4F1000348BF19460A2904935AD34FF02A
:10D2B000020800BF64295FD3B1F57A7F56D3A94233
:10D2C00058D341F25973CDF2B713A1FB033648F29C
:10D2D0009F63C0F2010399424FEA563108F10408F6
:10D2E000E8D8A8F1010847E0D9F800001022011D94
:10D2F000C9F80010016808200090404608230195F5
:10D300001FE600BFD9F800100A1DC9F800200C68FC
:10D3100006E000BFB0F1FF3F04F101047FF713AE58
:10D320002778002F3FF40FAEDDE917214B1C934205
:10D3300007D8169847541998179A01301946189328
:10D3400019909142E6D116991A98FFF7AFFC1899F7
:10D35000884240F0D38019981895DBE7013114E733
:10D36000023112E74FF0010806E000BF08F10108A2
:10D3700002E000BF08F10208B84538BFB8466AB1FC
:10D380000021002C48BF01210AF0040341EA930167
:10D39000551A1AF0020605D126E000BF00251AF042
:10D3A000020621D007BB002800F1A480B4F1FF3FA2
:10D3B00046DD5FEA4A7166D5DDE917214B1C9342D1
:10D3C00008D816982B2242541998179A01301946FA
:10D3D0001893199091424ED116991A98FFF766FC4E
:10D3E0001899884244D089E05FEACA71DBD1002DE8
:10D3F000D9D0039603E000BF002835467AD46E1ECC
:10D40000AE4238BFA84539D2DDE917214B1C934203
:10D4100008D81698202242541998179A01301946B4
:10D42000189319909142E7D116991A98FFF73EFC8C
:10D430001899884262D1199800211891DCE700BF41
:10D44000DDE917214B1C934208D816982D2242542F
:10D450001998179A013019461893199091420FD1D3
:10D4600016991A98FFF722FC1899049C884245D116
:10D47000002018901998002805D53BE0039E92E7FC
:10D48000049C002836D46EB90DF158084046214658
:10D490000A223B460095CDF804A004F081FB00254C
:10D4A00051E500BF0AF001013943EDD1002DEBD069
:10D4B0006E1EAE4238BFA845E6D2DDE917214B1CEF
:10D4C000934208D81698302242541998179A01307E
:10D4D000194618931990914209D116991A98FFF795
:10D4E000E5FB1899884209D1199800211891002864
:10D4F0003546DDD500250DF1580824E54FF0FF3005
:10D500001BB0BDE8F08F00BF40B1189A52B105982A
:10D5100006A9FFF7CBFBDDE9181004E000201BB0E3
:10D52000BDE8F08F002108441BB0BDE8F08F00007B
:10D5300044F23441C4F20101086070472DE9F04320
:10D5400081B0089C984615460E468146F5F76CFC5E
:10D55000201A00EB0804F5F767FC40F2C411C2F290
:10D5600000010968C1F3CB3161430091D9F8001083
:10D570008A683240921BB2FA82F25209AA4203D15F
:10D58000002001B0BDE8F083074618F101000ED17C
:10D5900030E000BF009801380090D9F800008068A2
:10D5A0003040801BB0FA80F04009A842E8D0F5F77F
:10D5B0003BFCC01BA04227D200980028EAD10024DF
:10D5C000EBE700BF88683040801BB0FA80F040096C
:10D5D000A842D5D088683040801BB0FA80F040095E
:10D5E000A842CDD088683040801BB0FA80F0400956
:10D5F000A842C5D088683040801BB0FA80F040094E
:10D60000A842DFD1BCE700BFD9E900014268B1F50B
:10D61000827F22F0E00242600BD1D9F80810B1F508
:10D62000004F02D0B1F5806F03D1016821F04001B5
:10D630000160D9F82810B1F5005F07D1016821F425
:10D6400000510160016841F400510160012089F836
:10D650005100002089F85000032001B0BDE8F0839C
:10D66000074B19680868B0E8F04F80F30988BFF3EA
:10D670006F8F4FF0000080F31188704700BF00BF2C
:10D68000EC060020B5EE400AF1EE10FADCBF9FED8B
:10D69000310A70479FED304AB0EE401AB6EE000AEC
:10D6A00021EE000A21EE042AB1EE413A21EE441A9D
:10D6B00020EE004A34EE034A30EE005A84EE055A5A
:10D6C000B4EE424AF1EE10FA30EE450A04DCB4EE54
:10D6D000414AF1EE10FA3CDA20EE004A34EE034AF9
:10D6E00030EE005A84EE055AB4EE424AF1EE10FADA
:10D6F00030EE450A04DCB4EE414AF1EE10FA28DAC5
:10D7000020EE004A34EE034A30EE005A84EE055A09
:10D71000B4EE424AF1EE10FA30EE450A05DCB4EE02
:10D72000414AF1EE10FAA8BF704720EE004A34EEED
:10D73000034A30EE005A84EE055AB4EE424AF1EE46
:10D7400010FA30EE450AB3DCB4EE414AF1EE10FABD
:10D75000AEDB7047000000006F12833A82B0F3F72F
:10D76000D3FE4BF29C0A4FF00109C0F6010A0FF2FA
:10D770007C0B27A428A529A632A70FF2D00800BF4A
:10D7800007F064FC00200FA115A217A3CDF80090AC
:10D79000CDF804A0FFF7B0FB0020594622462B46E7
:10D7A000CDF800A0FFF7A8FB002031463A464346DB
:10D7B000CDF800A0FFF7A0FB012007F003FC09F162
:10D7C0000109DDE720202573257348656C6C6F2007
:10D7D000776F726C643A2025640D0A25730000008F
:10D7E0001B5B313B33326D00493A2000202025730A
:10D7F00025735468697320697320616E20657272A5
:10D800006F72206D657373616765210D0A25730062
:10D810001B5B313B33316D00453A200020202573DE
:10D820002573546869732069732061207761726E73
:10D83000696E67206D657373616765210D0A2573D5
:10D84000000000001B5B313B33336D00573A200072
:10D8500084B00AF0B5FE039042F2006444F2000086
:10D8600047F2000242F2F05542F2103B43F64858AC
:10D8700043F6A03940F6703645F2403AC2F2000451
:10D88000C4F21C504FF0FF31CFF6FF72C2F2000518
:10D89000C2F2000BC2F20008C2F20009C2F2000696
:10D8A000C2F2000A03AFC4E90F02616443F6DC4030
:10D8B000C2F2000001900420414622464B46CDF8BA
:10D8C00000B00295FEF7A8FB20462946324608F034
:10D8D000E3F88AF800003846012107F07BFBE5E712
:10D8E00084B00AF06DFE03904AF22030C0F60100C9
:10D8F0008268D0E900109FED360ACDE9001045F2AC
:10D900000C20DFED340A0292C2F200006A460021C8
:10D91000FDF720FDDFED310A9FED2F1ADFED302AF4
:10D92000B2EE040AF7EE001AB0EE602AF9F758FBDF
:10D9300044F68470C2F200000021F8F77BF800BFC3
:10D94000F3F786F80028FBD145F25420DFED250AD5
:10D950009FED251ADFED211AC2F20000B0EE000A99
:10D9600007F0AAF942F22C3445F20C2840F2846701
:10D970004BF28865C2F20004C2F20008C2F200074E
:10D98000C2F2000503AE00BF20464146FAF78AF80E
:10D9900097ED021A94ED0E0AD4ED100ABCEEC11AEE
:10D9A00011EE100A0121012204F08AF8B88E01302C
:10D9B00081B2B1F57A7F28BF4FF47A70B88606F04D
:10D9C00053FF3046012185ED000A07F003FBDBE73A
:10D9D00000401C45000016448096184B6F12833A95
:10D9E000000000000AD7233C6666663F86B00AF056
:10D9F000E7FD059045F2F420C2F20000FDF702FDBC
:10DA000042F20065C2F2000541F61820A5F8480070
:10DA100000200021C4F2FA40CCF21631C5E9090118
:10DA200042F2103042F2F056C2F2000043F6A03447
:10DA300040F2846842F2103943F6DC4A43F6485714
:10DA400040F6703BC2F20006C2F200040830C2F297
:10DA50000008C2F20009C2F2000AC2F20007C2F2D4
:10DA6000000B0490012039462A462346CDE9009A4E
:10DA70000296FEF7D1FA049845F2F4230090284666
:10DA800031462246C2F20003CDF804B006F040FD54
:10DA900088F80100022039462A462346CDE9009A3B
:10DAA0000296FEF7B9FA42F22C33284631465A461E
:10DAB000C2F2000306F010FF88F8020005A8012159
:10DAC00007F088FACEE700000AF07AFD40F284649D
:10DAD00042F22C3644F2482743F67045C2F2000465
:10DAE0004FF00508C2F20006C2F20007C2F20005BC
:10DAF0002078052816D30EE008F0CEF808F046FA94
:10DB000008F074FB08F034FF08F0C6FF09F04EF887
:10DB10002078052806D3306CB16BC4F80480C7E9BF
:10DB2000010107E0411C2170316CB26B042879605F
:10DB3000BA60E1D195F8440000F00F000128DBD075
:10DB400008F096FB222007F03DFA08F095FB222012
:10DB500007F038FA09F07AF8222007F033FA09F0D2
:10DB6000D1F8222007F02EFA08F084FB222007F0DB
:10DB700029FA09F099F8222007F024FA20780528DC
:10DB8000D0D3C8E782B00AF01BFD019007F054F82B
:10DB900042F2103042F278774CF6CD4440F67035C0
:10DBA000C2F2000042F2F05943F6485A45F2423BB5
:10DBB000C2F20007CCF6CC44C2F2000500F108081E
:10DBC000C2F20009C2F2000AC2F2000B01AE2AE062
:10DBD00009F0DCFC43F6A034C2F2000494F8230000
:10DBE00003F070F940F2B851C2F20001D5F85809BB
:10DBF000898803F009F994F8220040F224514CF688
:10DC0000CD44C2F20001CCF6CC44086048465146EF
:10DC10002A464346FEF72EF8584607F0A3F830464A
:10DC2000052107F0D7F93868411C6043B0F1333F54
:10DC30003960EBD844F24820C2F20000807F062809
:10DC400006D8DFE800F0050B11171D232B0000BFDD
:10DC500044F27020C2F20000BAE700BF40F2B420E4
:10DC6000C2F20000B4E700BF40F2EA20C2F20000B6
:10DC7000AEE700BF40F2FC20C2F20000A8E700BF00
:10DC800040F2D820C2F20000A2E700BF40F2C62056
:10DC9000C2F20000642109F01BFC9BE740F2A220C5
:10DCA000C2F20000642109F045FC93E780B54FF013
:10DCB000500080F31188BFF36F8FBFF34F8F0AF0CE
:10DCC00085FC30B14EF60450CEF200004FF080518A
:10DCD0000160002080F3118880BD0000B0B592B0D3
:10DCE000002443F64000CDE90A44CDE908440594F8
:10DCF000CDE90344CDE901440094C4F20200016877
:10DD0000022541F080510160006800F080500090D1
:10DD1000009847F200000094C4F20000016841F44A
:10DD200080410160006800F480400090009801206C
:10DD300006904FF4803007904FF480000D9006203D
:10DD40000E90A820CDE90F050720119006A80C958C
:10DD5000F6F7D0FA10B172B6FEE700BF0F20CDE99A
:10DD600001054FF4A05004904FF48050059001A895
:10DD700005210394F6F78AF910B172B6FEE700BFE9
:10DD800012B0B0BD4EF68850CEF20000016841F4EA
:10DD9000700101607047000080B544F63C70C2F22B
:10DDA0000000F7F757FC44F68470C2F20000BDE8AB
:10DDB0008040F7F74FBC000044F6CC70C2F2000080
:10DDC000F7F748BC45F21400C2F20000F7F742BC76
:10DDD00010B545F2A404C2F200042046F7F73AFC5D
:10DDE0002046BDE81040F2F727BF0000B0B540F66E
:10DDF000FF3E0568C4F2000E40F2004C7045C4F2CC
:10DE0000010C27DCB0F1804F31D040F20043C4F266
:10DE1000000398422BD040F60003C4F2000398425E
:10DE200025D041F6FF73C4F2000398422ADC704506
:10DE30003CDCB0F1804F5FD040F20043C4F20003FD
:10DE4000984259D040F60003C4F20003984253D0E0
:10DE500057E000BF40F60043C4F20003984206D0EA
:10DE6000604504D00023C4F201039842D9D14B6825
:10DE700025F0700243EA020541F6FF73C4F2000385
:10DE80009842D4DD43F6FF73C4F20103984221DCCB
:10DE900042F20003C4F2000398422DD00023C4F2E2
:10DEA0000103984228D0604526D02AE040F600437E
:10DEB000C4F2000398421FD041F60003C4F20003ED
:10DEC000984219D041F60043C4F20003984213D09F
:10DED00017E000BF44F20003C4F2010398420BD0E4
:10DEE00044F60003C4F20103984205D044F2004313
:10DEF000C4F20103984204D1CB6825F4407243EA8E
:10DF000002050A688C684B69C46240F480648262CE
:10DF1000644504BF09690163026825F0800142F08D
:10DF2000040219430260012242610160B0BD000099
:10DF300010B5846B616A814212D0A16A814217D008
:10DF4000E16A81421CD0216B814220D1C069082145
:10DF50000028217704BF012084F8410017E000BFAA
:10DF6000C16901200029207708BF84F83E000EE037
:10DF7000C0690221217750B9012084F83F0006E0F2
:10DF8000C0690421217710B9012084F8400020469F
:10DF9000F7F74CFD0020207710BD000010B5846B12
:10DFA000616A81420AD0A16A814209D0E16A814254
:10DFB00008D0216B814207D1082004E0012002E053
:10DFC000022000E0042020772046F7F731FD0020F2
:10DFD000207710BD10B5846B616A81420CD0A16AB4
:10DFE00081420FD0E16A814212D0216B814215D06B
:10DFF000012084F83D0016E00120207784F83E00DF
:10E0000011E000BF02202077012084F83F000AE0E1
:10E0100004202077012084F8400004E008202077C5
:10E02000012084F841002046F7F710FB00202077FC
:10E0300010BD0000806B0021C185F8F761B90000B8
:10E04000806B01684A6990F84130212B2ED112F083
:10E0500080022BD00022C28451E8031F026821F005
:10E06000C00142E80313EBB1016851E8031F0268E5
:10E0700021F0C00142E80313A3B1016851E8031F76
:10E08000026821F0C00142E803135BB1016851E866
:10E09000031F026821F0C00142E8031313B10168B5
:10E0A000DAE700BF202180F8411001684A6990F842
:10E0B0004230222B7CD112F0400279D00022C2855E
:10E0C00051E8031F026821F4907142E80313C3B3BF
:10E0D000016851E8031F026821F4907142E80313BC
:10E0E0007BB3016851E8031F026821F4907142E894
:10E0F000031333B3016851E8031F026821F49071E0
:10E1000042E80313EBB10168DAE700BF016851E8A8
:10E11000051F026821F0010142E80513DBB1016827
:10E1200051E8051F026821F0010142E8051393B18F
:10E13000016851E8051F026821F0010142E805135A
:10E140004BB1016851E8051F026821F0010142E866
:10E150000513002BDAD1016B012924D1016851E8A4
:10E16000031F026821F0100142E80313DBB10168CC
:10E1700051E8031F026821F0100142E8031393B134
:10E18000016851E8031F026821F0100142E80313FF
:10E190004BB1016851E8031F026821F0100142E809
:10E1A0000313002BDAD1202180F8421000210163F3
:10E1B000416C41F010014164F8F7A2B80168806B2E
:10E1C0000968C90500F19F800021C185016851E8F7
:10E1D000031F026821F4807142E80313E3B1016870
:10E1E00051E8031F026821F4807142E803139BB1D8
:10E1F000016851E8031F026821F4807142E80313AB
:10E2000053B1016851E8031F026821F4807142E8AC
:10E210000313002BDAD100BF016851E8051F026823
:10E2200021F0010142E80513BBB3016851E8051F65
:10E23000026821F0010142E8051373B3016851E857
:10E24000051F026821F0010142E805132BB30168A4
:10E2500051E8051F026821F0010142E80513002B77
:10E26000DAD11AE0016851E8051F026821F0400187
:10E2700042E80513DBB1016851E8051F026821F08F
:10E28000400142E8051393B1016851E8051F026897
:10E2900021F0400142E805134BB1016851E8051F28
:10E2A000026821F0400142E80513002BDAD1202159
:10E2B00080F84210016B012925D100BF016851E8A7
:10E2C000031F026821F0100142E80313DBB101686B
:10E2D00051E8031F026821F0100142E8031393B1D3
:10E2E000016851E8031F026821F0100142E803139E
:10E2F0004BB1016851E8031F026821F0100142E8A8
:10E300000313002BDAD100214163016B012918BFEF
:10E31000F8F712BD818DF7F79FBE0000806B0121D9
:10E320004163016B012918BFF8F708BD818D4908C9
:10E33000F7F792BE0168806B0968C90548BFF8F716
:10E340006FBD0021C18400BF016851E8051F02684C
:10E3500021F0800142E8051383B3016851E8051FED
:10E36000026821F0800142E805133BB3016851E8DF
:10E37000051F026821F0800142E80513F3B101682E
:10E3800051E8051F026821F0800142E80513002BC7
:10E39000DAD113E0016851E8031F026841F040013F
:10E3A00042E80313002B08BF7047016851E8031FC0
:10E3B000026841F0400142E8031393B1016851E85B
:10E3C000031F026841F0400142E803134BB10168AA
:10E3D00051E8031F026841F0400142E80313002B9B
:10E3E000D8D17047806BF8F71DBD000081B090F860
:10E3F0004210222920D18368B3F5805F08D10169DA
:10E40000002965D000F128010A6803685B680AE00A
:10E41000014651F8282F13B90369002BF5D0036882
:10E420005B6803F07F0313700A6801320A60C18DD4
:10E4300001390A04C18501D001B070470168CA687A
:10E4400022F02002CA60CA6822F48072CA604A6957
:10E4500022F001024A61202280F842200022426319
:10E46000036B012B3ED1026351E8031F026821F0C8
:10E47000100142E803130168DBB151E8031F026891
:10E4800021F0100142E80313016893B151E8031F22
:10E49000026821F0100142E8031301684BB151E812
:10E4A000031F026821F0100142E803130168002BEA
:10E4B000DAD10A68D20606D5002200920A680092D4
:10E4C000496800910099818D01B0F7F7C5BD00BF83
:10E4D0000168826A49686FF35F2122F8021B826239
:10E4E000A5E700BF01B0F8F727BC000010B504464F
:10E4F0000068D4E902C22369016921F44051114343
:10E500000161626943EA0C01E3691143C26819437E
:10E5100049F20C639A431143C1604169A26921F435
:10E52000407141F20043114340F48062C4F20103A0
:10E530009A42416102D1F5F793FE01E0F5F77CFEC6
:10E54000E16963681922B1F5004FA0FB02011FD1F8
:10E550005A00DB0FF1F7ACFE48F21F51C5F2EB1188
:10E56000A0FB01235A096FF0630302FB030032236F
:10E5700003EBC000A0FB01014FF4F87000EA11109A
:10E5800000EB0210C1F3421108442168886010BDFD
:10E590009A009B0FF1F78CFE48F21F51C5F2EB1168
:10E5A000A0FB01235A096FF0630302FB030032232F
:10E5B00003EB0010A0FB0101F02000EA511000EB7A
:10E5C0000210C1F3431108442168886010BD0000A7
:10E5D00010B545F23414C2F200042046F7F792FE5B
:10E5E0002046BDE81040F2F757BB000010B545F2D9
:10E5F0007C14C2F200042046F7F784FE2046BDE8F2
:10E600001040F2F749BB000010B545F2C414C2F245
:10E6100000042046F7F776FE2046BDE81040F2F7EA
:10E620003BBB0000B0B5D0F8D42200EB8202D2F898
:10E63000C0323BB301F00F058C4605EB850100EBC2
:10E64000810151F8144F64B1D0F8C8E205EBC5055B
:10E650000EEB8505D5F81CE0B4FBFEF505FB1E4569
:10E6600095B10024C3F81442D2F8C402056935B14B
:10E67000D3F8080203F504716246A8470024204637
:10E68000B0BD00BF0320B0BD00240C606146002275
:10E69000002300F0A3FE2046B0BD0000B0B5044644
:10E6A000D0F8D40204EB8000D0F8C05295B12046D7
:10E6B00000F036FDD4F8D412C5F80C0204EB810149
:10E6C000D1F8C412D5F80402CA6805F50371904761
:10E6D0000020B0BD0320B0BD70B58121044600F01C
:10E6E0005DFC00252046012184F8375000F056FCDF
:10E6F0002046822184F8775100F050FCD4F8D402EF
:10E7000084F84B5004EB8000D0F8C012656489B1E6
:10E71000D0F8C40240688047D4F8D40204F53076BB
:10E7200056F8200001F066F9D4F8D40246F82050DB
:10E73000C4F8BC52002070BD10B5D0F8D41200EB64
:10E740008100D0F8C0428CB1D0F8C41281B194F8E5
:10E750000002FF280CD08B6894F8012221469847CC
:10E76000FF2084F80002002010BD00BF032010BD70
:10E77000002010BD014640F250200A22C2F20000E3
:10E780000A807047F0B581B040F20C27C2F2000752
:10E7900004463846822100F03BFB064638460121FC
:10E7A00000F036FB05463846812100F031FB002E93
:10E7B0001CBF1021B171002D1CBF4021A980002871
:10E7C0001CBF40218180432140F20C20C2F2000096
:10E7D000218001B0F0BD0000F0B581B040F20C27FF
:10E7E000C2F2000704463846822100F011FB0646BB
:10E7F0003846012100F00CFB05463846812100F027
:10E8000007FB002E1CBF1021B171002D1CBF4FF45F
:10E810000071A98000281CBF4FF400718180432142
:10E8200040F20C20C2F20000218001B0F0BD0000D7
:10E83000F0B581B040F20C27C2F20007044638461A
:10E84000822100F0E5FA06463846012100F0E0FAA0
:10E8500005463846812100F0DBFA002E1CBF10214E
:10E86000B171002D1CBF4021A98000281CBF402190
:10E870008180432140F20C20C2F20000218001B0CF
:10E88000F0BD00002DE9F04104464FF4077001F09F
:10E89000B3F800284CD04FF407710546F1F7CEFECF
:10E8A000D4F8D402402704EB8000C0F8C052207C8A
:10E8B000C4F8BC52002808BF4FF4007720468121DD
:10E8C00002223B46022600F09DFC4FF00108204644
:10E8D000012102223B4684F8378000F093FC10208F
:10E8E0006064204682210322082384F8778100F0A7
:10E8F00089FCD4F8D4020027C5F8047204EB800028
:10E90000D0F8C40284F84B8000688047C5F81472C0
:10E91000C5F81872D5F804223AB1207C90B120468F
:10E920000121402300F082FC00263046BDE8F08142
:10E93000D4F8D402002104EB8000C0F8C0120220F9
:10E94000BDE8F081204601214FF4007300F06EFC19
:10E950000020BDE8F081000080B5D0F8D41200EBB3
:10E960008101D1F8C01279B190F810C0D1F8042219
:10E9700040230121BCF1000F08BF4FF4007300F0E9
:10E9800055FC002080BD00BF032080BD00290FBFC3
:10E990000320D0F8D42200EB8200C0F8C41218BFC4
:10E9A00000207047D0F8D42200EB8200D0F8C002DB
:10E9B00000280EBF0320C0F804120020704700009A
:10E9C000D0F8D43200EB8300D0F8C00200280FBF8B
:10E9D0000320C0F80812C0F8102200207047000081
:10E9E00070B582B00446D0F8D4020D4604EB800026
:10E9F000D0F8C06200218DF80710ADF80410CEB138
:10EA0000297811F0600219D0202A5FD1EA88002A03
:10EA10002CD0090636D46878314686F800022046A4
:10EA2000402A28BF402286F8012200F0A1F80026E3
:10EA300018E000BF0326304602B070BD68780B288E
:10EA400044D80026DFE800F0060E4242424242422D
:10EA500042422C3A94F89C02032837D101A920465F
:10EA6000022225E0304602B070BD00BFD0F8C402DB
:10EA7000294683686878002200269847304602B00D
:10EA800070BD00BFD0F8C4023146836868789847EB
:10EA9000EA8820463146072A28BF072208E000BF3F
:10EAA00094F89C02032811D10DF1070120460122A0
:10EAB00000F07AF80026304602B070BD94F89C024F
:10EAC000032803D10026304602B070BD20462946F7
:10EAD00000F042F80326304602B070BD80B5D0F891
:10EAE000D41200EB8101D1F8C0223AB1D2F814124D
:10EAF00000294FF0010103D0084680BD032080BDEE
:10EB0000C2F81412D2F81032D2F80822812183629E
:10EB100000F064FC0021084680BD000080B5D0F8FC
:10EB2000B82252689047002818BF032080BD00001B
:10EB3000002070470020704780B513460A46002128
:10EB400000F074FB002080BD80B513460A4600210A
:10EB500000F044FC002080BD10B58021044600F088
:10EB60000BFC20460021BDE8104000F005BC000071
:10EB700080B513460A460321C0F894120021C0F85C
:10EB80006421C0E9553300F051FB002080BD000036
:10EB900080B50521C0F8941200210022002300F066
:10EBA00045FB002080BD000080B513460A460221C7
:10EBB000C0F8941200214262C0E9053300F00EFC57
:10EBC000002080BD80B50421C0F8941200210022ED
:10EBD000002300F003FC002080BD000010B542F2CD
:10EBE0008074C2F200040A4602A0214600F030F907
:10EBF000204610BD43444320436F6E6669670000A2
:10EC000040F25C201222C2F200000A80704700002D
:10EC100010B542F28074C2F200040A4602A02146F6
:10EC200000F016F9204610BD43444320496E746538
:10EC3000726661636500000040F284200422C2F223
:10EC400000000A807047000010B542F28074C2F2E2
:10EC500000040A4602A0214600F0FAF8204610BD42
:10EC600053544D6963726F656C656374726F6E693E
:10EC70006373000010B542F28074C2F200040A46C9
:10EC800002A0214600F0E4F8204610BD53544D3355
:10EC900032205669727475616C20436F6D506F72CB
:10ECA00074000000B0B547F61020C1F6FF7002688E
:10ECB00083684FF01A0C9B18A1F800C000F0A380E5
:10ECC0004FF0370C1A0F0CEB13714068B3F1204F63
:10ECD00038BF02F1300140F28822C2F20002917086
:10ECE00019014FF0000E0CEB117582F803E0C3F32D
:10ECF0000364B1F1204F38BF04F1300519021571DA
:10ED00000CEB117582F805E0C3F30354B1F1204F09
:10ED100038BF04F13005190395710CEB117582F8B9
:10ED200007E0C3F30344B1F1204F38BF04F13005CD
:10ED3000190415720CEB117582F809E0C3F3033462
:10ED4000B1F1204F38BF04F13005190595720CEB75
:10ED5000117582F80BE0C3F30324B1F1204F38BFE3
:10ED600004F1300519061573C3F303140CEB117588
:10ED7000B1F1204F4FEA037103F00F0382F80DE069
:10ED800038BF04F1300503F13704957382F80FE0C2
:10ED9000B1F1204F38BF03F13004010F0CEB1073B9
:10EDA000147482F811E0B0F1204F38BF01F1300344
:10EDB00001010CEB1174937482F813E0C0F3036348
:10EDC000B1F1204F38BF03F1300401021475C0F3D4
:10EDD00003530CEB1174B1F1204F4FEA003182F86C
:10EDE00015E038BF03F130040CEB1173947582F811
:10EDF00017E0C0F30340B1F1204F38BF00F13003FA
:10EE0000137682F819E040F28820C2F20000B0BD0B
:10EE100080B5B0F802C090F800E0F44516D973460A
:10EE200050FA8EF04278052A0BD106E090F800E007
:10EE300050FA8EF04278052A03D182788A4208BFC0
:10EE400080BD53FA8EF39AB26245EFD3002080BDA5
:10EE500010B5002878D0037833B300F1020EF446E1
:10EE60001CF8013C5BB19CF8003043B19CF80130C8
:10EE70002BB19CF802300CF1040C002BF0D14FF0B8
:10EE8000000C00BF1EF8013C93B19EF800309BB10E
:10EE90009EF80130A3B19EF802300CF1040C002B57
:10EEA0000EF1040EEED10DE04FF0000C0AE000BFB1
:10EEB0004CF0010C06E000BF4CF0020C02E000BF79
:10EEC0004CF0030C5FFA8CFC022303EB4C03138021
:10EED00003220B704A7090F800E0BEF1000F33D0AF
:10EEE000841C02224FF0000C1AE000BF101DC0B2BB
:10EEF0000B5440F0010001F800C06378002B08BFFC
:10EF000010BD901DC0B20B5440F0010001F800C0CC
:10EF100094F802E00832BEF1000F04F1040413D0AB
:10EF2000D3B201F803E043F0010301F803C014F881
:10EF3000013C4BB1901CC0B20B5440F0010001F8F1
:10EF400000C02378002BD1D110BD0000002804BFE1
:10EF5000032070470023C0F8B832C0F8C43200293B
:10EF6000C0F8D03218BFC0F8B412012180F89C124A
:10EF7000027000F0D9B8000080B5D0F8C802F4F7EC
:10EF80000DF940F20032C100C0F2013222FA01F163
:10EF9000032888BF0321C8B280BD000080B5D0F827
:10EFA000C802F4F7D5F840F20032C100C0F20132D5
:10EFB00022FA01F1032888BF0321C8B280BD0000F6
:10EFC000B0B5044691B194F89C02032853D1D4F80B
:10EFD000B8024269002A4ED00020C4F8D40220466C
:10EFE0009047002808BF0020B0BD00BFD4F89402AD
:10EFF000022839D1A069218C88420FD9421A606A4F
:10F00000A261014420466162FFF79EFD2046002177
:10F010000022002300F00AF926E000BF10D1616948
:10F0200081420DD3D4F89802814209D220460021B2
:10F0300000220025FFF788FDC4F89852E6E700BFDC
:10F0400094F89C02032808D1D4F8B802C16821B111
:10F050000020C4F8D402204688472046802100F0D2
:10F060008BF92046FFF794FD94F8A00200281CBFFE
:10F07000002084F8A0020020B0BD000010B50446B6
:10F0800081B194F89C02032824D1D4F8B802826993
:10F0900002B30020C4F8D40220469047002808BFDD
:10F0A000002010BDD4F89402032813D1D4F85801DD
:10F0B000B4F8602190420FD9D4F86411801A114439
:10F0C000C4F85801C4F86411904288BF0246204633
:10F0D000FFF732FD002010BD94F89C02032808D1F0
:10F0E000D4F8B802016921B10020C4F8D402204646
:10F0F00088472046FFF766FD002010BD00207047BE
:10F1000080B5012180F89C12D0F8B81231B14A685C
:10F1100001799047002818BF032080BD002080BDE2
:10F12000D0F8C802F4F76CB810B5017811B100201E
:10F1300010BD00BF44F6A811C2F20001C1F8E004FE
:10F14000C0F8C8124FF0A0400860042008714FF4C6
:10F150000070C8800220C1F809000020C88108465C
:10F16000F4F7A6FD002818BFF2F7CAF944F6A81470
:10F17000C2F2000420468021F3F752FF204600210E
:10F180004022F3F751FF204601218022F3F74CFF84
:10F19000002010BDD0F8C80201F07F0202EBC202CD
:10F1A00000EB820000F11602090658BF00F2562259
:10F1B0001078704780B5D0F8D42200EB8202D2F8E4
:10F1C000B8224AB190F89C32032B02D1126A02B1E4
:10F1D0009047002080BD00BF032080BD80B5D0F8DF
:10F1E000D42200EB8202D2F8B8224AB190F89C32C5
:10F1F000032B02D1526A02B19047002080BD00BFAC
:10F20000032080BD80B59446D0F8C8021A466346F4
:10F21000F4F700F840F20032C100C0F2013222FAE5
:10F2200001F1032888BF0321C8B280BD80B5D0F8A2
:10F23000C802F4F721F840F20032C100C0F20132F6
:10F2400022FA01F1032888BF0321C8B280BD000063
:10F25000F0B581B00126002580F89C62C0F8945278
:10F2600004464560D0F8B802C4F8A45284F8A0520D
:10F2700058B1426842B12046002190470546002817
:10F2800018BF032501E000BF002520460021002211
:10F2900040234027FFF7B6FF20468021002240236D
:10F2A00084F86361A4F86071FFF7ACFF84F8236011
:10F2B0002846278401B0F0BD90F89C12042904BFB1
:10F2C00090F89D1280F89C120020704780B590F84D
:10F2D0009C12032906D1D0F8B81219B1C9690029C6
:10F2E00018BF8847002080BD024600201174704777
:10F2F00080B5D0F8C802F4F773FE40F20032C100C6
:10F30000C0F2013222FA01F1032888BF0321C8B2FA
:10F3100080BD0000B0B500F2AA250446284600F0E2
:10F320006FF80120C4F8940294F8AA02B4F8B0224D
:10F3300000F01F010229C4F8982209D001290DD03C
:10F3400091B920462946BDE8B04000F091B800BF11
:10F3500020462946BDE8B04000F044BA2046294680
:10F36000BDE8B04000F0FCBA00F080012046BDE8E6
:10F37000B04000F001B8000080B5D0F8C802F3F743
:10F380009DFF40F20032C100C0F2013222FA01F1C9
:10F39000032888BF0321C8B280BD000080B5D0F823
:10F3A000C802F4F739FE40F20032C100C0F2013267
:10F3B00022FA01F1032888BF0321C8B280BD0000F2
:10F3C000014690F89C02042204281CBF91F89C027C
:10F3D00081F89D02002081F89C22704780B5D0F80A
:10F3E000C802F3F7A7FF40F20032C100C0F20132B9
:10F3F00022FA01F1032888BF0321C8B280BD0000B2
:10F400000A7802704A7842704A8842808A888280EC
:10F41000C988C1807047000010B582B00446002042
:10F42000ADF80600B1B1D4F8D42204F52E70C4F8BA
:10F43000B81250F82200C16A21B10DF106008847C8
:10F44000C4F8D002D4F8D8020130C4F8D8020020A1
:10F4500002B010BD032002B010BD0000D0F8B822E9
:10F46000002A04BF0020704712681047FFF796BFBC
:10F47000B0B582B00D460978044611F0600111D094
:10F48000402901D020292FD1D4F8D402294604EBF9
:10F490008000D0F8B8028268204602B0BDE8B040D3
:10F4A000104700BF6878092800F2D080DFE800F03C
:10F4B0000628CE3ACE4666CE7E9200BF94F89C02D5
:10F4C0000138022800F2C280E888022840F0BE809D
:10F4D000D4F8A4020322002808BF0122214641F8E3
:10F4E0000C2F2046022263E120468021FFF744FFD3
:10F4F000204600210025FFF73FFF284602B0B0BD9F
:10F5000094F89C020138022800F2A0806888002547
:10F510000128F2D12046C4F8A452FFF753FB284635
:10F5200002B0B0BD6888022800F08680012840F053
:10F530008D800120C4F8A40240E100BFA888002803
:10F5400040F08480E888002840F0808068887F2828
:10F5500000F27C8094F89C12032900F07780C5B2F9
:10F5600084F89E0220462946FFF7C2FE2046FFF798
:10F5700029FB002D0CBF01200220EFE068884FF02E
:10F58000FF3101EB102100220629ADF8062000F220
:10F590001D81DFE811F00700670075001B011B01EA
:10F5A00083008F00D4F8B4020268F1E0E8880128F3
:10F5B0004CD194F89C02411E022941D200252146DB
:10F5C00041F8085F20460122FFF7EEFA284602B014
:10F5D000B0BD00BF688842F27C75C2F2000510F031
:10F5E000FE0F28700CD020468021FFF7C5FE204674
:10F5F0000021FFF7C1FE0325284602B0B0BD00BFC1
:10F6000094F89C22C1B2032A62D0022A40F0828080
:10F61000002900F0D38020466160FFF71FFF00281B
:10F6200000F09880054620468021FFF7A5FE204681
:10F630000021FFF7A1FE67E0687984F8A002BDE031
:10F64000032803D1211D20460122B1E0204680215C
:10F65000FFF792FE204600210025FFF78DFE284689
:10F6600002B0B0BD217CD4F8B80200290CBF816A79
:10F67000C16A0DF1060088470146022026E000BF5E
:10F68000C0B2052800F2A280DFE800F0046E7276B6
:10F690007A7E00BFD4F8B402426878E0207C00286B
:10F6A00040F09480D4F8B802416B0DF10600884711
:10F6B00072E000BF207C002840F08880D4F8B802B7
:10F6C000016B0DF10600884701460720487064E091
:10F6D00081B36068884271D0C1B22046FFF71EFA3C
:10F6E000297820466160FFF7B9FE002866D00546FC
:10F6F00020468021FFF740FE20460021FFF73CFE18
:10F7000021792046FFF70AFA022084F89C02284655
:10F7100002B0B0BD20468021FFF72EFE204600211A
:10F72000FFF72AFE29782046FFF7F8F90325284637
:10F7300002B0B0BD022084F89C0261602046002126
:10F740000025FFF7EBF92046FFF73CFA284602B008
:10F75000B0BD00BF2046FFF735FA032084F89C02B5
:10F760000025284602B0B0BDD4F8B40282680EE08D
:10F77000D4F8B402C2680AE0D4F8B402026906E020
:10F78000D4F8B402426902E0D4F8B4028269EAB162
:10F79000207C0DF1060190470146EA8872B1BDF860
:10F7A000060098B1904238BF02462046ADF80620C8
:10F7B000FFF7FAF90025284602B0B0BD2046FFF752
:10F7C00001FA0025284602B0B0BD00BF20468021C6
:10F7D000FFF7D2FD20460021FFF7CEFD0025284689
:10F7E00002B0B0BD70B50E460978357911F06001F0
:10F7F00004460BD0402902D0202940F07F802046CB
:10F800002946FFF795F9D8B1002070BD707828B36C
:10F8100001283DD0032871D194F89C0203283BD1E4
:10F82000708840B915F07F0005D0F08818B92046DF
:10F830002946FFF7A1FD2046FFF7C4F9002070BD5F
:10F84000D4F8B80282680020002AC4F8D402DBD0C1
:10F8500020463146BDE87040104700BF94F89C0236
:10F86000032827D0022808BF5FEA456046D105F08B
:10F870007F0000EB800004EB800000F114012A06F9
:10F8800058BF00F5AA71002001F80E0F62E000BF1A
:10F8900094F89C0203283BD002282FD168062DD073
:10F8A00020462946FFF768FD20468021FFF764FDCA
:10F8B000002070BD05F00F0101EB810115F0800003
:10F8C00004EB810114BF91F8231091F86311A9B1E1
:10F8D00005F07F0101EB810104EB810101F11406C8
:10F8E000002808BF01F5AA7668062FD020462946D1
:10F8F000FFF750FC50B3012029E000BF20468021D3
:10F90000FFF73AFD20460021FFF736FD002070BDCD
:10F91000708800287FF478AF680603D02046294617
:10F92000FFF72AFB2046FFF74DF920462946FFF74F
:10F93000FFF800287FF468AFD4F8B802826800208E
:10F94000002AC4F8D4027FF483AF5DE7002006F1FB
:10F950000E01B07320460222FFF726F9002070BD89
:10F96000B0B50D460978044611F0600118BF402972
:10F9700014D194F89C020138022803D8A88810F00A
:10F98000FE0F19D020468021FFF7F6FC204600210B
:10F990000025FFF7F1FC2846B0BD00BF2029E8D0C4
:10F9A00020468021FFF7E8FC204600210025FFF7D4
:10F9B000E3FC2846B0BD00BFC1B22046FFF7BAF84D
:10F9C00010B10320B0BD00BFD4F8B8028268002A8D
:10F9D000F7D00020C4F8D402204629469047E98891
:10F9E0000546002908BF002DE3D12046FFF7EAF8BD
:10F9F0000020B0BD7047000042F68010C2F2000047
:10FA00007047000080B54B780A78012B02F00F0395
:10FA10001CD14FF0010CD0F81CE80CFA03F343EAB8
:10FA20000E03C0F81C3800EB4210D0F800391B045C
:10FA30002BD48B6800F5106091F804C001686FF357
:10FA4000DF2343EA8C4341EA825118E04FF4803CC3
:10FA5000D0F81CE80CFA03F343EA0E03C0F81C3894
:10FA600000EB4210D0F8002B12040ED48A6800F587
:10FA7000306009796FF3DF22036842EA814119435C
:10FA800041F0805141F400410160002080BD000040
:10FA90000146D0F8000940F2FF729043C1F8000916
:10FAA000D1F8040840F480720020C1F8042870479F
:10FAB00082B002F47F42B2F5807F40F09980826B81
:10FAC0004FF6BF7322F480328263C268CFF6BD73F3
:10FAD0001A40C260029BC268DBB222F44012012BC2
:10FAE000C26003D1C26842F48012C2600022009258
:10FAF000009A01320092009AB2F1706F00F2F08029
:10FB00000269002A21D4009A01320092009AB2F1CF
:10FB1000706F00F2E5800269002A16D4009A013263
:10FB20000092009AB2F1706F00F2DA800269002A46
:10FB30000BD4009A01320092009AB2F1706F00F279
:10FB4000CF800269B2F1FF3FD2DC0A220092009A14
:10FB5000AAB100BF009A013A0092009A7AB1009AC5
:10FB6000013A0092009A52B1009A013A0092009A2A
:10FB70002AB1009A013A0092009A002AEAD1026959
:10FB800042F001020261009A01320092009AB2F141
:10FB9000706F00F2A5800269D20720D0009A01326E
:10FBA0000092009AB2F1706F00F29A800269D20757
:10FBB00015D0009A01320092009AB2F1706F00F2F3
:10FBC0008F800269D2070AD0009A01320092009A0F
:10FBD000B2F1706F00F284800269D207D3D14FF086
:10FBE000000C01F47F01B1F5803F40F099808FE077
:10FBF000C26842F04002C26000220192019A0132C2
:10FC00000192019AB2F1706F72D80269002A1ED473
:10FC1000019A01320192019AB2F1706F68D80269BB
:10FC2000002A14D4019A01320192019AB2F1706F44
:10FC30005ED80269002A0AD4019A01320192019A1F
:10FC4000B2F1706F54D80269B2F1FF3FD6DC0A22DC
:10FC50000192019AAAB100BF019A013A0192019A58
:10FC60007AB1019A013A0192019A52B1019A013A8C
:10FC70000192019A2AB1019A013A0192019A002A4D
:10FC8000EAD1026942F001020261019A0132019255
:10FC9000019AB2F1706F2BD80269D2071DD0019A78
:10FCA00001320192019AB2F1706F21D80269D20734
:10FCB00013D0019A01320192019AB2F1706F17D8F4
:10FCC0000269D20709D0019A01320192019AB2F178
:10FCD000706F0DD80269D207D7D14FF0000C09E040
:10FCE0004FF0030C01F47F01B1F5803F18D10FE014
:10FCF0004FF0030C826B13F47F4F14BF22F4803259
:10FD000042F48032826301F47F01B1F5803F07D174
:10FD1000816841F006018160816841F020018160C5
:10FD2000604602B07047000080B54B780A78012B1E
:10FD30002AD100EB4211D1F8003947F6000CCEF67B
:10FD4000334C01F51061002B4FF0010E07D50B6805
:10FD500043F000630B600B6843F080430B6002F0DC
:10FD60000F02D0F83C380EFA02F29343C0F83C3848
:10FD7000D0F81C3823EA0202C0F81C28086800EA00
:10FD80000C0200200A6080BD00EB421303F53061D5
:10FD9000D3F800EB47F60003CEF6334303F1707C53
:10FDA000BEF1FF3F4FF4803ED9DCD0E70146D0F8EA
:10FDB000000E20F00300C1F8000ED1F8040820F076
:10FDC00002020020C1F80428704700000146D0F864
:10FDD000000E20F00300C1F8000ED1F8040840F036
:10FDE00002020020C1F80428704700002DE9F04FFE
:10FDF00086B0C3F3074988460021B9F1000FC0F867
:10FE00000411C0F80811C0F80C11C0F81011C0F8A6
:10FE10001411C0F81811C0F81C11C0F82011C0F856
:10FE20002411C0F82811C0F82C11C0F83011C0F806
:10FE30003411C0F83811C0F83C1107D0816B21F49F
:10FE400000118163816B41F4002110E0D0F80418A7
:10FE500041F00201C0F80418816B41F40011816384
:10FE6000816B21F400218163816B21F4802102F4F4
:10FE70007F4381630021B3F5807FC0F8001E07D166
:10FE8000D0F80038B1EB186F08D1C0F8003809E09D
:10FE9000D0F8001841F0030102E000BF43F0010177
:10FEA000C0F80018002104910499013104910499CB
:10FEB000B1F1706F52D8016900291ED40499013143
:10FEC00004910499B1F1706F48D80169002914D4E4
:10FED0000499013104910499B1F1706F3ED8016920
:10FEE00000290AD40499013104910499B1F1706F89
:10FEF00034D80169B1F1FF3FD6DC002104914FF401
:10FF0000846101610499013104910499B1F1706F28
:10FF100024D8016989061DD50499013104910499F9
:10FF2000B1F1706F1AD80169890613D504990131AE
:10FF300004910499B1F1706F10D80169890609D54F
:10FF40000499013104910499B1F1706F06D80169E7
:10FF50008906D7D44FF0000A02E000BF4FF0010A33
:10FF6000002105910599013105910599B1F1706F55
:10FF70004ED8016900291ED40599013105910599D2
:10FF8000B1F1706F44D80169002914D40599013189
:10FF900005910599B1F1706F3AD8016900290AD429
:10FFA0000599013105910599B1F1706F30D801695A
:10FFB000B1F1FF3FD6DC00210591102101610599C7
:10FFC000013105910599B1F1706F21D80169C90618
:10FFD00020D50599013105910599B1F1706F17D8B8
:10FFE0000169C90616D50599013105910599B1F147
:10FFF000706F0DD80169C9060CD5059901310591BD
:020000040801F1
:100000000599B1F1706F03D80169C906D7D401E031
:100010004FF0010A5FFA88F44FF0000B002CC0F893
:1000200010B8C0F814B8C0F81CB800F0088100F58A
:10003000106631684FF0006303EA11114FF67F3507
:10004000B4F1010E3160C6F810B0B5607AD0174631
:10005000A21ECDF80CA0032A0EF0030A04D220231E
:10006000BAF1000F44D166E0CDE9008902972EF085
:10007000030700234FF0904C4FF67F324FF00008FB
:1000800000EB0801D1F82099043F0CEAE975C1F8AA
:100090002059C1F83039C1F82829D1F8405908F160
:1000A00080080CEAE575C1F84059C1F85039C1F82B
:1000B0004829D1F860590CEAE575C1F86059C1F8D2
:1000C0007039C1F86829D1F880590CEAE575C1F892
:1000D0008059C1F89039C1F88829D1D108F120039D
:1000E000029FDDE900894FF67F35BAF1000F22D07B
:1000F000F1584FF0904C0CEAE171F218F1500026E3
:100100004FF67F33BAF1010F1661936013D0116A75
:10011000BAF1020F0CEAE1711162166393620AD020
:10012000116C4FF0904303EAE171116400211165F5
:100130004FF67F319164DDF80CA0002C3A464FF069
:1001400000637CD0D0F8001BBEF1000F03EA111150
:10015000C0F8001B4FF00001C0F8101BC0F8085B8E
:100160006DD0A11E03290EF0030C05D22024BCF192
:10017000000F3FD163E000BFCDE9022A2EF0030556
:1001800000234FF090474FF67F3200214618D6F8F3
:10019000204B043D07EAE474C6F8204BC6F8303B18
:1001A000C6F8282BD6F8404B01F1800107EAE47429
:1001B000C6F8404BC6F8503BC6F8482BD6F8604B03
:1001C00007EAE474C6F8604BC6F8703BC6F8682BC3
:1001D000D6F8804B07EAE474C6F8804BC6F8903B2B
:1001E000C6F8882BD2D1DDE9022A01F12004BCF146
:1001F000000F24D000F530673E594FF0904303EADA
:10020000E67639193E5100274FF67F34BCF1010FD5
:100210000F618C6013D00E6ABCF1020F03EAE67323
:100220000B620F638C620AD00F6C4FF0904303EAAD
:10023000E7730B6400230B654FF67F338B64D0F8B4
:10024000101818F47F0F21F48071C0F810186FF0A7
:100250008041C0F818B0416103D1816941F01001BB
:100260008161816943F60003C8F23C03194312F42B
:100270007F0F816103D0816941F008018161B9F18B
:10028000010F05D1816941F0804141F00401816194
:10029000504606B0BDE8F08F0146806820F00102AC
:1002A00000208A6070470000D0F840C043F20B0382
:1002B000C4F654739C4503D3D0F8003B002B1ED4E6
:1002C0000023C0F8103BD0F8103B012943F4002371
:1002D000C0F8103BD0F8103B43F01803C0F8103BB7
:1002E000D0F8103B43F0C043C0F8103B07D1C0F832
:1002F000142BD0F8001B41F08021C0F8001B002017
:10030000704700004B780A78012B00EB42100DD1AA
:10031000D0F8002922F40012C0F80029097901F070
:10032000FE01022913D100F510600CE0D0F8002B7B
:1003300022F40012C0F8002B097901F0FE01022915
:1003400005D100F53060016841F080510160002066
:10035000704700004B780A78012B00EB421007D160
:10036000D0F80019002900F5106107D50BE000BF97
:10037000D0F8001B002900F5306104D41AB10868D8
:1003800020F080400860086840F4001200200A60F5
:1003900070470000F0B54B7891F800C0012B37D1C1
:1003A000D1F810E000EB4C1400254FF6FF76D4F89E
:1003B0001079CFF6F875CEF20706BEF1000F04F5FE
:1003C00010634FD03D401D611D69BCF1000F05EA6F
:1003D00006051D618E6800F09D800EEB0605013D4F
:1003E000B5FBF6F50026C1F6F8761F6906EAC546A4
:1003F0003E431E610E79012E40F099801E6926F061
:10040000C0461E614FF0C04606EA45758CE000BF4D
:1004100000EB4C13D3F8107BBCF1000F6FF3120705
:10042000C3F8107BD3F8107B6FF3DC47C3F8107B65
:100430008C680E6903F530633CD0002E3ED037192E
:10044000013FB7FBF4F7BEB274430C620026C1F65D
:10045000F8761D6906EAC7472F436FF3DF441F6133
:1004600033E000BF37401F611F694FF0000E47F4B3
:1004700000271F611F693D40012A1D615FD000F503
:1004800010634FEA4C141D5945F004451D510D7978
:10049000012D33D1D0F80858E658ED054FF08055BE
:1004A00058BF4FF000553543002AE55062D0002078
:1004B000F0BD00BF002E18BF0C610C621F696FF306
:1004C000DF4427431F614FF400241F69012A47EAD4
:1004D00004071F6103D1CA68002A18BF5A6109794D
:1004E00001293FD1D0F808081968C0054FF08050A5
:1004F00058BF4FF00050084333E000BFBEF1000F7B
:10050000D5D00CF00F01012202FA01F100F63403FC
:100510002AE000BFB64505D90E614FF40025B64666
:1005200002E000BF4FF400251E6935431D6175468A
:100530001E696FF3DF453543012A1D619FD1CA69EA
:10054000002A18BFC4F81429097901290AD1D0F862
:100550000818D4F80009C9054CBF40F0805040F09D
:10056000005018604FF004411868084318600020DC
:10057000F0BD00BF5FEA0E4299D0032313FA8EF656
:100580004FF0FF33C96803EB960300F580504FEA44
:100590000C32032BC6F381030ED3B70827F00304F4
:1005A0000F68043C17504F6817508F681750CF687A
:1005B00001F110011750F3D1002B3FF478AF0F6811
:1005C000012B17503FF473AF4F68022B17503FF4C5
:1005D0006EAF896811500020F0BD000081B000228C
:1005E00000924A78012A3BD10A7800F51061520145
:1005F0008858B0F1FF3F3BDC505842F2107340F096
:1006000000605050505840F08040505000980130E9
:1006100000900098984265D85058B0F1FF3F27DC11
:10062000009801300090009898425BD85058B0F183
:10063000FF3F1DDC0098013000900098984251D88F
:100640005058B0F1FF3F13DC009801300090009843
:10065000984247D8505800284FF00000D6D43EE0CA
:100660000A7800F5306152018858B0F1FF3F03DD90
:10067000002001B0704700BF505842F2107340F0A4
:1006800000605050505840F0804050500098013069
:1006900000900098984225D85058B0F1FF3FE7DC11
:1006A000009801300090009898421BD85058B0F143
:1006B000FF3FDDDC0098013000900098984211D88F
:1006C0005058B0F1FF3FD3DC009801300090009803
:1006D000984207D8505800284FF00000D6D401B0F7
:1006E000704700BF012001B07047000001468068DC
:1006F00040F0010200208A607047000081B00022B3
:100700000092009A01320092009AB2F1706F51D8B3
:100710000269002A1ED4009A01320092009AB2F1B6
:10072000706F47D80269002A14D4009A01320092EF
:10073000009AB2F1706F3DD80269002A0AD4009A7B
:1007400001320092009AB2F1706F33D80269B2F1AF
:10075000FF3FD6DC8901002220310092016100991F
:10076000013100910099B1F1706F23D801698906B8
:100770001DD50099013100910099B1F1706F19D820
:100780000169890613D50099013100910099B1F1F1
:10079000706F0FD80169890609D500990131009160
:1007A0000099B1F1706F05D801698906D7D400208E
:1007B00001B07047032001B070470000D0F808086E
:1007C00000F0060180074FF0020058BF0F200029FB
:1007D00008BF084670470000406900F001007047FC
:1007E000D0F81818D0F81C08084080B270470000F4
:1007F000D0F81818D0F81C080840000C704700000A
:10080000D0F810C8D0F8343801F00F0223FA02F201
:10081000D20100EB4110D2B2D0F8080942EA0C0133
:100820000840704700EB4111D1F8081BD0F81408BC
:1008300008407047416980690840704710B59308C7
:1008400002F0030E2CD05A1E032A03F0030C0FD320
:1008500023F003034FF480528458043B0C60845807
:100860004C6084588C608458CC6001F11001F3D145
:10087000BCF1000F14D04FF4805284580B46BCF1E9
:10088000010F43F8044B05D11946BEF1000F0AD100
:100890001EE000BF8258BCF1020F4A601AD1083135
:1008A000BEF1000F14D04FF4805280580A46BEF1BA
:1008B000010F02F8010B04BF104610BD020ABEF181
:1008C000020F4A7004BF881C10BD000C88700331F1
:1008D000084610BD4FF4805282588A600C31BEF138
:1008E000000FE0D1F4E70000B0B50446C06800296D
:1008F00020F0C040E06000F09980012940F0B08015
:10090000E0680A2540F00050E0600A20F2F774F930
:1009100054F8140FC00740F09C800A20F2F76CF9DD
:100920002068C00740F09E800A20F2F765F9206831
:10093000C00740F0A5800A20F2F75EF92068C007E2
:1009400040F0AC800A20F2F757F92068C00740F069
:10095000B3800A20F2F750F92068C00740F0BA804F
:100960000A20F2F749F92068C00740F0C1800A2048
:10097000F2F742F92068C00740F0C8800A20F2F779
:100980003BF92068C00740F0CF800A20F2F734F925
:100990002068C00740F0D6800A20F2F72DF92068C1
:1009A000C00740F0DD800A20F2F726F92068C00772
:1009B00040F0E4800A20F2F71FF92068C00740F0F9
:1009C000EB800A20F2F718F92068C00740F0F280A7
:1009D0000A20F2F711F92068C00740F0F9800A20D8
:1009E000F2F70AF92068C00740F000810A20F2F708
:1009F00003F92068C00740F007810A20F2F7FCF8ED
:100A00002068C00740F00E810A20F2F7F5F8206850
:100A1000C00740F016810A20F2F7EEF82068C825DA
:100A2000A5F1C800B0FA80F04009B0BDE0680A2521
:100A300040F08040E0600A20F2F7DEF854F8140F2E
:100A4000C00706D00A20F2F7D7F82068C00711D1F6
:100A50001425A5F1C800B0FA80F04009B0BD00BF70
:100A60000120B0BD1425A5F1C800B0FA80F04009FE
:100A7000B0BD00BF0A20F2F7BFF82068C00707D159
:100A80001E25A5F1C800B0FA80F04009B0BD00BF36
:100A90000A20F2F7B1F82068C00707D12825A5F190
:100AA000C800B0FA80F04009B0BD00BF0A20F2F7DC
:100AB000A3F82068C00707D13225A5F1C800B0FA15
:100AC00080F04009B0BD00BF0A20F2F795F8206819
:100AD000C00707D13C25A5F1C800B0FA80F0400955
:100AE000B0BD00BF0A20F2F787F82068C00707D121
:100AF0004625A5F1C800B0FA80F04009B0BD00BF9E
:100B00000A20F2F779F82068C00707D15025A5F12F
:100B1000C800B0FA80F04009B0BD00BF0A20F2F76B
:100B20006BF82068C00707D15A25A5F1C800B0FAB4
:100B300080F04009B0BD00BF0A20F2F75DF82068E0
:100B4000C00707D16425A5F1C800B0FA80F04009BC
:100B5000B0BD00BF0A20F2F74FF82068C00707D1E8
:100B60006E25A5F1C800B0FA80F04009B0BD00BF05
:100B70000A20F2F741F82068C00707D17825A5F1CF
:100B8000C800B0FA80F04009B0BD00BF0A20F2F7FB
:100B900033F82068C00707D18225A5F1C800B0FA54
:100BA00080F04009B0BD00BF0A20F2F725F82068A8
:100BB000C00707D18C25A5F1C800B0FA80F0400924
:100BC000B0BD00BF0A20F2F717F82068C00707D1B0
:100BD0009625A5F1C800B0FA80F04009B0BD00BF6D
:100BE0000A20F2F709F82068C00707D1A025A5F16F
:100BF000C800B0FA80F04009B0BD00BF0A20F1F78C
:100C0000FBFF2068C00707D1AA25A5F1C800B0FAEC
:100C100080F04009B0BD00BF0A20F1F7EDFF206869
:100C2000C00707D1B425A5F1C800B0FA80F040098B
:100C3000B0BD00BF0A20F1F7DFFF2068C0077FF4D6
:100C4000EAAEBE25A5F1C800B0FA80F04009B0BDFB
:100C50000246D0F8000801F07F0120F4FE60C2F8DF
:100C60000008D2F8000840EA01110020C2F800187C
:100C700070470000022A02460ED145F24030CFF6FE
:100C8000277043F200530844C0F20C0398420FD27D
:100C90004FF4705002E000BF4FF41050D16821F4BF
:100CA0007051D160D16801430020D160704700BF0E
:100CB00041F64060CFF61B7044F240230844C0F276
:100CC0000F03984202D24FF46050E7E7A1F5740099
:100CD00044F68073A0F51050C0F21203984203D27C
:100CE0004FF45050DAE700BFA1F183704DF220635A
:100CF000A0F5E740C0F21303984203D24FF44050EE
:100D0000CCE700BF4BF26060CFF6E5604EF2603397
:100D10000844C0F21603984202D24FF43050BDE7A7
:100D20004DF20030CFF6CE6047F240730844C0F277
:100D30001B03984202D24FF42050AFE745F6C03073
:100D4000CFF6B36049F2C0130844C0F221039842C1
:100D500002D24FF41050A1E7A1F1B77047F220532F
:100D6000A0F55850C0F23803984203D24FF4005017
:100D700094E700BF45F2E040CFF6596049F6E04302
:100D80000144C0F241034FF4C050994238BF4FF4C0
:100D9000E05083E710B5DDF808C0BCF1000F01D0CA
:100DA000002010BD002BFBD003F1030E4FF0FF33EA
:100DB00003EB9E0300F580541203032BCEF3810C4A
:100DC00010D34FEA9E0323F0030300BF0868043BDF
:100DD00010514868105188681051C86801F110011D
:100DE0001051F3D1BCF1000FDAD00868BCF1010F4B
:100DF0001051D5D04868BCF1020F10511CBF886853
:100E00001051002010BD000040F20060C2F200004E
:100E1000426A9FED2A1A8A1A00EE102AB8EE400A9A
:100E200080EE010A4162B5EE400AF1EE10FA43DDB0
:100E3000B6EE001AB4EE410AF1EE10FAC8BF7047E0
:100E4000D0E9041290ED072A8A1A01EE102AB8EEB2
:100E5000411AB2EE043A828D21EE031A31EE021AE3
:100E600002EE102AB8EE422A22EE000A31EE400AC3
:100E7000428D9FED131AB5EE400AF1EE10FAB8BF9D
:100E8000B0EE410A01EE102AB8EE411A31EE401AD6
:100E900081EE032A80ED070AB0EE080A41610021C5
:100EA00080ED0C1AB4EE402A80ED0D2AF1EE10FA16
:100EB000A8BF012180F82E10704700BF00007A44BF
:100EC000000000004AF26462002808BF0120C0F65A
:100ED00001020B2828BF0B2002EB800240F20061C8
:100EE00032F8043CC2F2000191ED0C0A01EE103A16
:100EF000B8EE411A80EE010A9FED091A81F8280028
:100F000032F8020C4B85888544F24821C2F2000178
:100F100020EE010ABDEEC00A10EE100A8883704769
:100F20000000AF43B0EEC00AB0EEE01A817E30EEB2
:100F3000010AB6EE001A20EE011A59B390ED003AFC
:100F40009FED450A9FED454A23EE000A21EE044A33
:100F500034EE000A9FED424A9FED425AB4EE431A26
:100F6000417E90ED012A23EE044A21EE055AF1EE6E
:100F700010FA80ED011A35EE044AC8BFB0EE440AFB
:100F800080ED000A91B101394176002101730846D4
:100F9000704700BF00214FF4807280ED001A80ED91
:100FA000011A8160A0F8192008467047017B30EED5
:100FB000410A39B3017E90ED021A0131B4EE410AC3
:100FC0009FED292AF1EE10FA0176C4BF80ED020AE6
:100FD000B0EE401A21EE021AB4EE410AF1EE10FA18
:100FE0002ADB9FED221AB4EE410AF1EE10FA23DB60
:100FF000C9B223294FF0000124BF01738160084664
:10100000704700BF9FED1A3A0021B4EE430AF1EE9B
:1010100010FAF4DD32EE411AB3EE002AB4EE421AB1
:10102000F1EE10FAEBDD01210173002180ED020ADF
:1010300001760846704700BF026944F24823013236
:10104000C2F20003002102615A8205220173427636
:1010500081600120704700BF60E5703FFCA9713DD1
:101060000AD7233FEC51B83E9A99593F0000C84235
:1010700000000C43FEE70000F0B581B02DED0E8BB3
:10108000034600780C46A92840F04482587853283B
:1010900040F040829878174680F041014AF2906013
:1010A000C0F6010030F81110DA78CDB26A4082F053
:1010B000E80230F812201D79D6B286EA1121694083
:1010C00030F811105E79CDB285EA1222724030F804
:1010D00012209E79D5B285EA1121714030F81110A5
:1010E000DE79CDB285EA1222724030F812201E7AE3
:1010F000D5B285EA1121714030F811105E7ACDB277
:1011000085EA1222724030F812209E7AD5B285EA22
:101110001121714030F81110DE7ACDB285EA122229
:10112000724030F812201E7BD5B285EA1121714041
:1011300030F811105E7BCDB285EA1222724030F891
:1011400012209E7BD5B285EA1121714030F8111032
:10115000DE7BCDB285EA1222724030F812201E7C6E
:10116000D5B285EA1121714030F811105E7CCDB204
:1011700085EA1222724030F812209E7CD5B285EAB0
:101180001121714030F8110080EA1221DA7CC9B2D5
:101190008A4240F0BF81197DB1EB102F40F0BA8137
:1011A0001E2084F85200012060703846194615222E
:1011B000EFF7A3F9788894F83C306FF3DF20A0F5BF
:1011C00080606080D7F8020094F83420C0F3CA2011
:1011D000A0F58060A080D7F80600152BC0F34A0068
:1011E000A0F58060E080D7F80200D7F806104FEA3B
:1011F000905040EA81206FF3DF20A0F580602081CD
:10120000D7F8060061894FEA103061F3040048F214
:101210000001CFF6FF7180EA01006081D7F8061067
:101220004FF020034FEA113161F301006081D7F8DC
:1012300006104FEA913161F382006081D7F8061001
:101240004FEAD13161F3C3006081D7F806104FEA4D
:1012500011314FEA111161F304106081D7F80600D3
:10126000217BC0F3007001F0FE0108442073387C3C
:1012700038BF102300F00301012902F00F0118BF4D
:101280000023194484F83410397C94F8382001F094
:101290000C01152A4FF0020238BF0122042908BFB1
:1012A000134484F83430397C94F8352094F8403075
:1012B00001F03001152B4FF0020302F0F00238BFAD
:1012C0000123102908BF1A4484F83520797C94F84A
:1012D0004C3001F0010194F84460152B4FF00203EB
:1012E000C1F1000138BF0123194006F0F0030B449F
:1012F00084F844307B7C94F84E50022294F8456088
:101300005B07152D38BF012202EAE37206F0F003F5
:10131000134484F8453094F84D307E7C152B4FF003
:10132000200338BF1023B60748BF194484F844107F
:1013300094F84F107B7C2020152938BF1020190706
:1013400048BF024484F84520B7F90A0094ED048AA6
:1013500000EE100AB8EEC09AB0EE480AFAF7D4FBD5
:10136000B0EE40AAB0EE490AFAF7CEFB3AEE400AD8
:10137000FAF7CAFB9FEDE5CA9FEDE5BA9FEDE5DA06
:101380009FEDE5EA28EE0C1A29EE0B2A32EE011A3F
:1013900028EE0B2A29EE0D3AB4EE4E0A33EE022A5D
:1013A000F1EE10FAB8BFB0EE421A84ED041AB7F9A4
:1013B0000C0094ED078A00EE100AB8EEC09AB0EE69
:1013C000480AFAF7A1FBB0EE40AAB0EE490AFAF7D4
:1013D0009BFB3AEE400AFAF797FB28EE0C1A29EE2F
:1013E0000B2A32EE011A28EE0B2A29EE0D3AB4EE42
:1013F0004E0A33EE022AF1EE10FAB8BFB0EE421AEE
:1014000084ED071AB7F90E0094ED0A8A00EE100A6F
:10141000B8EEC09AB0EE480AFAF776FBB0EE40AAF2
:10142000B0EE490AFAF770FB3AEE400AFAF76CFBA5
:1014300028EE0C1A29EE0B2A32EE011A28EE0B2A9E
:1014400029EE0D3AB4EE4E0A33EE022AF1EE10FA0E
:10145000B8BFB0EE421A94ED040A9FEDB03A9FED8A
:10146000B06A94ED072AB4EE430AF1EE10FAB0EE3A
:10147000405AB4EE460A9FEDAB4AC8BFB0EE445A9C
:10148000F1EE10FAB8BFB0EE450AB4EE432A84ED8F
:10149000040AF1EE10FAB0EE420AB4EE462AC8BFD2
:1014A000B0EE440AF1EE10FAB4EE431A40F2F05CEA
:1014B000B8BFB0EE402AF1EE10FAB0EE410AB4EE39
:1014C000461AC2F2000C84ED072AC8BFB0EE440AE7
:1014D000F1EE10FAB8BFB0EE401A84ED0A1A9CF88B
:1014E0000A30787C94F8466083F0010101EA10121A
:1014F000C0F3001106F0F000084484F846007AB109
:1015000094F850008CF80A2080F0010084F8500014
:101510000DE000BF00206070BDEC0E8B01B0F0BD8F
:1015200081F001001840012808BF8CF80A20787C5F
:1015300010229CF80B3002EA5002501883F001018F
:1015400001EA1211012984F8460009D194F85000EB
:101550008CF80B1080F0020084F8500008E000BF07
:10156000B2FA82F040091840012808BF8CF80B102D
:101570009CF80030787C94F8476083F0010101EA20
:101580009012C0F3801106F0F0000844012A84F89C
:10159000470009D194F850008CF8002080F0040036
:1015A00084F8500007E000BF81F0010018400128D6
:1015B00008BF8CF8002097F911001023C2B203EA8B
:1015C000D20319449CF8013084F8471000284FF0EA
:1015D000000083F0010148BF0120014001294FF0C4
:1015E000000009D194F850008CF8011080F0080038
:1015F00084F850000AE000BF52B2B2F1FF3FC8BF0A
:1016000001201840012808BF8CF801109CF8023016
:10161000B87C94F8486083F0010100EA010200F010
:10162000010106F0F0000844012A84F8480009D1BD
:1016300094F850008CF8022080F0100084F85000DC
:1016400007E000BF81F001001840012808BF8CF8B6
:101650000220B87C10229CF8033002EAC002501825
:1016600083F0010101EA1211012984F8480009D12F
:1016700094F850008CF8031080F0200084F850009B
:1016800008E000BFB2FA82F040091840012808BF04
:101690008CF80310B87C94F849209CF80530102190
:1016A00001EA400102F00F0083F0010202EA111288
:1016B0000844012A84F8490008D194F850008CF8B5
:1016C000052080F0800084F8500007E0B1FA81F036
:1016D00040091840012808BF8CF805209CF8043008
:1016E000B87C83F0010202EA9002C0F3800001435B
:1016F000012A84F8491017D194F850008CF804207E
:1017000080F0400084F8500015E000BFCCCC4C3E87
:10171000CDCC4C3FCDCC4C3E0000FA43A69B44BB05
:10172000A69B443B0000000080F001001840012807
:1017300008BF8CF804209CF80630B87C94F84A6006
:1017400083F0010101EA1012C0F3001106F0F0006D
:101750000844012A84F84A0008D194F851008CF812
:10176000062080F0010084F8510006E081F00100BD
:101770001840012808BF8CF80620B87C10229CF87D
:10178000073002EA5002501883F0010101EA1211F9
:10179000012984F84A0009D194F851008CF8071007
:1017A00080F0020084F8510008E000BFB2FA82F035
:1017B00040091840012808BF8CF807109CF8083031
:1017C000B87C94F84B6083F0010101EA9012C0F3F9
:1017D000801106F0F0000844012A84F84B0009D17A
:1017E00094F851008CF8082080F0040084F851002F
:1017F00007E000BF81F001001840012808BF8CF805
:10180000082097F912001023C2B203EAD203194448
:101810009CF8093084F84B1000284FF0000083F04A
:10182000010148BF0120014001294FF0000009D10A
:1018300094F851008CF8091080F0080084F85100E9
:101840000AE000BF52B2B2F1FF3FC8BF012018400A
:10185000012808BF8CF80910387C10F0030007D06D
:10186000012807D1E06B0130FA2888BF142000E07E
:101870000020E063387CC0F3810038B1012807D133
:10188000A06B0130FA2888BF002000E00020A06390
:10189000387CC0F3011068B101287FF43DAE206CA4
:1018A0000130FA2888BF00202064BDEC0E8B01B007
:1018B000F0BD00BF00202064BDEC0E8B01B0F0BD78
:1018C000F0B500284FF0000274D0032972D340F223
:1018D0001012C2F20002A1F1020C12884BF2183E63
:1018E000CD1E1CF00303C0F6010E0FD0064616F8FD
:1018F000014BD7B27C403EF81440012B84EA1222FF
:101900000AD12B46D7B2032D45D321E063460646C4
:10191000032D40D31CE000BF4678D2B272403EF89F
:101920001270022B87EA142206D10B1F861C3C463C
:10193000D7B2032D2FD30BE08478D2B262403EF8A9
:1019400012404B1FC61C84EA1722D7B2032D22D3A4
:10195000351F00BF15F8044FD6B274403EF814404E
:1019600092B2E6B26F7886EA12227A403EF81220EE
:10197000AE78D7B287EA142474403EF81460EC784D
:10198000F7B287EA122262403EF81240043B84EA32
:101990001622DFD1D7B210F80C20BA421CBF0020AB
:1019A000F0BD084410F8010CA1B2A0EB1120B0FA70
:1019B00080F042091046F0BD00284FF0000249D0E7
:1019C000032947D3F0B5A1F1010E023903294AF2E8
:1019D00044410EF0030CC0F6010103D2FF2302467E
:1019E0001CE000BF4FF6FC720EEA02040025FF2344
:1019F000024600BF12F8046B0435734012F8037CF2
:101A0000CB5C12F8026C7B40CB5C12F8017C73401B
:101A1000CB5CAEB27B40CB5CA642EBD1BCF1000FFD
:101A200010D01478BCF1010F83EA0403CB5C09D019
:101A30005478BCF1020F83EA0403CB5C02D09278A5
:101A40005A408B5C10F80E00181AB0FA80F0420968
:101A5000BDE8F040104670470278CD2A0A751EBFD7
:101A6000FF2040B27047D0F8012091F834308A61ED
:101A7000D0F80520CA61427A62F3020381F834305B
:101A8000427AD20862F3C30381F83430427A03F019
:101A9000EF0302F010021A4481F83420D0F80A2033
:101AA000CA63D0F80E200A64807C002281F83800D6
:101AB000DC380A8518BF6FF0010040B270470000A3
:101AC000034643F62050C2F20000036290F824302F
:101AD00001F0070103F0F8031944B1EE400A80F861
:101AE000241040F2DC41C18410EE101A80F8252049
:101AF0000A0AB1EE601A417082700A0C090E017177
:101B000011EE101AC2700A0A82710A0CC27143F6F1
:101B1000A032C2F20002D2F8552080ED060A80ED14
:101B2000071A00EE102AB2EE041A20EE010A4171E3
:101B3000090EBDEEC00A0172002110EE102A4FF00E
:101B4000CD0C41728272C0F80B10C0F80F10DC226D
:101B5000142180F814C080F800C0C274EFF72ABBCB
:101B6000B0B50C462C210546F7F73EF8C00704BF78
:101B70000020B0BD28462146BDE8B040EFF7CCB903
:101B800010B52C210446F7F72FF8C00708BF10BD89
:101B900020462C210022BDE81040F7F7A3BC00002E
:101BA0002DE9F04F81B08B46DDE90A911F461546BD
:101BB0009345044602D24FF001081FE04FF004089D
:101BC000584600BFB0FBF5F0A84211D3B0FBF5F0CA
:101BD000A84211D3B0FBF5F0A8420FD3B0FBF5F04B
:101BE00008F10408A842EDD2A8F1030806E000BFFE
:101BF000A8F1020802E000BFA8F10108B84538BF0B
:101C0000B846B9F1000F01F00100009034D098BB44
:101C10002026880748BF30264FF0000A2020002FDA
:101C200018BF064608E000BFC4F808A0E068A9F1A4
:101C30000109B0F1FF3F1FDDB9F1000F1CD0C8450D
:101C40001AD2D4E90120411C914207D822681654C7
:101C5000E06862680130E0600846A1609042E5D12A
:101C600021682069FBF722F8A1688842DCD04FF098
:101C7000FF30E060A9F10109E068002859D401268D
:101C800002E000BF013F6E43022F01D3013F03E09A
:101C9000BBFBF6F1A9421BD3012F05FB06F601D9C8
:101CA000013F03E0BBFBF6F1A94211D3012F05FB75
:101CB00006F601D9013F03E0BBFBF6F1A94207D3C9
:101CC000012F05FB06F6DDD8BBFBF6F1A942DAD2FF
:101CD000A2682EA76168BBFBF6FA531C8B4209D899
:101CE00017F80A0021688854E068616801301A46D4
:101CF000A360E0608A4209D121682069FAF7D6FF23
:101D0000A26890420CD1E0680022A26000280AD4A8
:101D1000B6FBF5F10AFB16BBAE420E46DAD202E084
:101D20004FF0FF30E0600099002918BFB9F1000FB3
:101D300002D101B0BDE8F08F2025A9F101064E4582
:101D400038BFC845F5D26168531C8B4207D820685C
:101D50008554E068616801301A46A360E0608A42F9
:101D600009D121682069FAF7A1FFA168884207D14B
:101D7000E0680022A260B0F1FF3FB146DDDCD8E7A9
:101D80004FF0FF30E06001B0BDE8F08F303132330A
:101D900034353637383941424344454610B54BF265
:101DA0002A54C2F200040021E173D4F83D104FF030
:101DB000010E6EF30201C4F83D10E16CD4F82E0060
:101DC0006EF30201E164D4F85B1022696EF3020144
:101DD000D4F81F306EF30200C4F85B10D4F86A1018
:101DE000C4F82E0003206EF3020284F81EE06EF3A6
:101DF000020384F83C0004206EF3020140F2840EDA
:101E00002261022284F84B000520C2F2000E4FF43A
:101E1000007C84F82D2084F85A000620DEF83C204F
:101E2000A4F80DC0A4F81CC0C4F81F30A4F82BC03F
:101E3000A4F83AC0A4F849C0A4F858C0A4F867C0F0
:101E400084F86900C4F86A10D2F80B1048F6B9306B
:101E5000D2F80330C0F2180060F39F2140F2014C29
:101E60004EF202406CF30D03C4F66E70C2F8070028
:101E7000C2F80330C2F80B10DEF840004CF20B43FE
:101E8000D0F80B20D0F80310C0F2170363F39F22A1
:101E900041F201036CF30D01C5F60F73C0F8073072
:101EA000C0F80310C0F80B20DEF8440041F6C2333E
:101EB000D0F80B20D0F80310C0F2160363F39F2272
:101EC00049F601036CF30D01C5F67003C0F8073045
:101ED000C0F80310C0F80B20DEF848004AF2CC33FB
:101EE000D0F80B20D0F80310C0F20F0363F39F2249
:101EF00041F2010363F30D014DF60A03C3F68E634D
:101F0000C0F80730C0F80310C0F80B20DEF84C0012
:101F100047F2B933D0F80B20D0F80310C0F20D030C
:101F200063F39F224EF201436CF30D01C1F68E3331
:101F3000C0F80730C0F80310C0F80B20DEF85000DE
:101F400048F2BE33D0F80B20D0F80310C0F20C03D7
:101F500063F39F2247F201436CF30D01C3F2112397
:101F6000C0F80730C0F80310C0F80B20DEF85400AA
:101F700048F2BE33D0F80B20D0F80310C0F20A03A9
:101F800063F39F2245F201036CF30D01C2F61123A6
:101F9000C0F80730C0F80B20C0F80310204604F04A
:101FA000D7FB45F2C410C2F2000021467822BDE8FA
:101FB0001040F4F7C5BE000070B54BF2A254C2F257
:101FC00000040021E17321694FF0010E6EF302015C
:101FD000216102214FF4407CD4F81F20D4F83D0049
:101FE00084F82D100321A4F80DC0D4F82E30A4F8E5
:101FF0001CC0A4F82BC0A4F83AC084F83C10A4F884
:1020000049C0E16C40F2840C6EF302026EF30200F0
:10201000C2F2000CC4F81F206EF30203C4F83D00A6
:1020200004206EF30201DCF8582084F81EE0C4F8A6
:102030002E3084F84B00E164D2F8033040F6010101
:1020400049F2320061F30D03C6F2410044F2482E1A
:10205000C2F80700C2F80330C2F2000EBEF81C102E
:10206000D2F80B504FF600466431C0F21F066FF3F2
:102070009F2506EA8121294441F0804141F0015128
:10208000C2F80700C2F80330C2F80B10DCF85C009D
:1020900046F28965D0F80720D0F80310C0F2160583
:1020A00065F39F2241F2110565F30D01C0F803109D
:1020B000C0F807209EF80D2042F20046D0F80B3001
:1020C000C5F69A1632430A2666F30903C0F80310D0
:1020D000C0F80B30C0F80720DCF860004BF6C003F6
:1020E000D0F80310D0F80720C0F2100365F30D01FB
:1020F00063F39F22C0F80720C0F803109EF8192050
:10210000D0F80B3042F0844242F4630266F30903D4
:10211000C0F80310C0F80B30C0F80720DCF86400EA
:102120003122D0F80310C0F205024CF6024362F3EC
:102130001601C3F63823C0F80730C0F80310BEF804
:102140001210DCF86830C0F80B10D3F8030049F225
:10215000020162F31600C6F69A3140F4C250C3F889
:102160000710BEF80010C3F803002046C3F80B1098
:1021700004F094FA45F2C410C2F2000021465A223B
:10218000BDE87040F4F7DCBD70B54BF2FC55C2F20F
:1021900000050021E97329690124D5F81F2064F3A3
:1021A000020129610221D5F82E30D5F83D0064F3F3
:1021B000020285F82D100321C5F81F2085F83C1078
:1021C000E96C40F2840264F3020364F30200C2F299
:1021D00000024FF4806CC5F82E30C5F83D00042095
:1021E00064F30201D36EA5F80DC0A5F81CC0AC774E
:1021F000A5F82BC0A5F83AC0A5F849C085F84B0052
:10220000E964D3F8070047F6C001D3F80340C0F2F1
:10221000140161F39F20112161F30D0444F2482C55
:10222000C3F80340C3F80700C2F2000C9CF8141076
:10223000D3F80B0041F0A2414FF00A0E41F46301C4
:102240006EF30900C3F80340C3F80B00C3F807108E
:10225000106F49F6C004D0F80730D0F80310C0F270
:10226000120464F39F2340F2114464F30D01C0F89B
:102270000310C0F807309CF81630D0F80B4043F03C
:10228000944343F4C6036EF30904C0F80310C0F886
:102290000B40C0F80730506F40F61106D0F803101D
:1022A000D0F8073066F30D0147F6C216C0F21406E7
:1022B00066F39F23C0F80730C0F80310D0F80B4036
:1022C0009CF8153040F60006C5F2E71633436EF36E
:1022D0000904C0F80310C0F80B40C0F80730906F35
:1022E00049F6C214D0F80720D0F80310C0F2120447
:1022F00064F39F2240F6114464F30D01C0F803100B
:10230000C0F80720D0F80B309CF8172040F60004E6
:10231000C4F6672422436EF30903C0F80310C0F823
:102320000B30C0F8072040F20010C2F20000006835
:102330004BF6C214D0F80720D0F80310C0F21004F6
:1023400064F39F2241F2110464F30D01C0F80310FD
:10235000C0F80720D0F80B309CF8182040F6000693
:10236000C4F2E72632436EF30903C0F80310C0F845
:102370000B30C0F80720284604F090F945F2C4104D
:10238000C2F2000029465A22BDE87040F4F7D8BCDA
:10239000F5EE400AF1EE10FA50DD80EE200AB1EEC3
:1023A000402AB5EE400AB0EE401AF1EE10FAB8BF7E
:1023B000B0EE421AB7EE002AB4EE421AF1EE10FA6D
:1023C00040F3988082EE011A9FEDA72A9FEDA73A6D
:1023D00021EE022A32EE032A9FEDA53A21EE022ACF
:1023E00032EE032A9FEDF93A21EE022A32EE032A59
:1023F0009FEDF73A21EE022A32EE032A9FEDF53ADD
:1024000021EE022A32EE032A9FEDF33A21EE022A50
:1024100032EE032A9FEDF13A21EE022A32EE032A30
:102420009FEDEF3A21EE022A32EE032A9FEDD93AD0
:1024300021EE021A31EE031A90E000BFF5EE400AD9
:10244000F1EE10FA80F29880B5EE400AF1EE10FA43
:1024500040F3A48080EE200AB1EE402AB5EE400A97
:10246000B0EE401AF1EE10FAB8BFB0EE421AB7EE75
:10247000002AB4EE421AF1EE10FA40F3FB8082EE2D
:10248000011A9FEDCF2A9FEDCF3A21EE022A32EEBC
:10249000032A9FEDCD3A21EE022A32EE032A9FED68
:1024A000CB3A21EE022A32EE032A9FEDC93A21EE01
:1024B000022A32EE032A9FEDC73A21EE022A32EEBB
:1024C000032A9FEDC53A21EE022A32EE032A9FED40
:1024D000C33A21EE022A32EE032A9FEDC13A21EEE1
:1024E000022A32EE032A9FEDAB3A21EE021A31EEB8
:1024F000031AF3E09FEDA92A9FEDA93A21EE022AE3
:1025000032EE032A9FEDA73A21EE022A32EE032A89
:102510009FEDA53A21EE022A32EE032A9FEDA33A5F
:1025200021EE022A32EE032A9FEDA13A21EE022A81
:1025300032EE032A9FED9F3A21EE022A32EE032A61
:102540009FED9D3A21EE022A32EE032A9FED9B3A3F
:1025500021EE022A32EE032A21EE021AB5EE400ADB
:10256000B1EE412AF1EE10FAB8BFB0EE421A80ED9A
:10257000001A002040B27047F5EE400AF1EE10FA62
:102580006ED1B5EE400AF1EE10FA5DDD9FED811AD5
:1025900080ED001A002040B2704700BFB5EE400A3F
:1025A000F1EE10FA80F2A08080EE200AB1EE402A0F
:1025B000B5EE400AB0EE401AF1EE10FAB8BFB0EE38
:1025C000421AB7EE002AB4EE421AF1EE10FA40F3C6
:1025D0009B8082EE011A9FED7A2A9FED7A3A21EED6
:1025E000022A32EE032A9FED783A21EE022A32EED9
:1025F000032A9FED763A21EE022A32EE032A9FED5E
:10260000743A21EE022A32EE032A9FED723A21EE4D
:10261000022A32EE032A9FED703A21EE022A32EEB0
:10262000032A9FED6E3A21EE022A32EE032A9FED35
:102630006C3A21EE022A32EE032A9FED563A21EE41
:10264000021A31EE031A93E0B5EE400AF1EE10FAE9
:1026500006DA9FED511A80ED001A002040B2704753
:10266000FC2040B2704700BFA592043DE74509BE7B
:1026700008B7323E9FED492A9FED493A21EE022AE2
:1026800032EE032A9FED473A21EE022A32EE032A68
:102690009FED453A21EE022A32EE032A9FED433A9E
:1026A00021EE022A32EE032A9FED413A21EE022A60
:1026B00032EE032A9FED3F3A21EE022A32EE032A40
:1026C0009FED3D3A21EE022A32EE032A9FED3B3A7E
:1026D00021EE022A32EE032A21EE021AB5EE400A5A
:1026E0009FED410A48E000BF40F6DB7210EE101A81
:1026F000C4F2490262F31E0101EE101A80ED001AC5
:10270000002040B2704700BF9FED242A9FED243A7D
:1027100021EE022A32EE032A9FED223A21EE022A0E
:1027200032EE032A9FED203A21EE022A32EE032AEE
:102730009FED1E3A21EE022A32EE032A9FED1C3A4B
:1027400021EE022A32EE032A9FED1A3A21EE022AE6
:1027500032EE032A9FED183A21EE022A32EE032AC6
:102760009FED163A21EE022A32EE032A21EE021ADA
:10277000B5EE400A9FED1B0AB1EE412AF1EE10FAC8
:10278000B8BFB0EE421A31EE001A80ED001A0020F8
:1027900040B27047DB0FC93FDB0FC9BFA59204BD34
:1027A000E745093E08B732BEEBFCA9BC3C695D3E7B
:1027B000435690BBE565AABEC90CC0B70100803F77
:1027C000A592043DE74509BE08B7323EEBFCA93CA3
:1027D0003C695DBE4356903BE565AA3EC90CC037D7
:1027E000010080BFDB0F49C0DB0F49409FED211A7C
:1027F0009FED212A20EE010AB5EE001A30EE010A03
:10280000BDEEC01A11EE100AB5EE400AF1EE10FA54
:10281000B8BF013801EE100AB8EEC11A30EE410A15
:1028200020EE020ABDEEC01A9FED142A11EE100A26
:10283000410A30EE021A4AF698011CBF0020B0EEA1
:10284000410AC0F6010101EE100A01EB8001B8EE69
:10285000411A30EE410A91ED001A91ED012AB7EECE
:10286000003A33EE403A20EE020A23EE011A31EE2E
:10287000000A704783F9223E00000044000000C4B3
:1028800010B503880C88A34228D1B0F802C04C8848
:10289000A44523D11488A34220D15488A4451DD136
:1028A0000CFB03F4002C3DD040684968D2F804E0EA
:1028B00014F00302A4F1010C31D090ED000A91ED67
:1028C000001A012A30EE010A8EED000A0AD1043006
:1028D00004310EF1040E644621E000BFFD2358B21E
:1028E00010BD00BF90ED010A91ED011A022A30EEF1
:1028F000010A8EED010A05D1083008310EF1080EEB
:10290000023C0CE090ED020A91ED021A0C3030EE20
:10291000010A0C318EED020A0EF10C0E033CBCF1E3
:10292000030F03D2002358B210BD00BFA0F1100264
:10293000AEF110001039002392ED040A91ED041A53
:10294000043C30EE010A80ED040A92ED050A91ED97
:10295000051A30EE010A80ED050A92ED060A91EDA6
:10296000061A30EE010A80ED060A92ED070A91ED93
:10297000071A02F1100230EE010A80ED070A00F199
:10298000100001F11001D7D158B210BD0180428072
:10299000436070472DE9F04F81B02DED028B98B068
:1029A000B0F800804788B8453CD106460A88488878
:1029B00082424FF0FD0008BF904534D19FED188A48
:1029C000B8F1000F029600F03D8549684FF07E5542
:1029D000B8F1010017900D600E97CDE9108100F05D
:1029E000FF806FF0030000EB8809081D4946EDF7F2
:1029F00025FE1199002001EB8804B8F1020A44F881
:102A0000045F41F8280000F0E48010990AF0030BFD
:102A1000C81E03280ED2179D4FF0010899E000BF91
:102A200000000000FD2040B218B0BDEC028B01B0E8
:102A3000BDE8F08F2AF003000C90102000EB01108D
:102A40000A9001EB81004FEA810C850001EB410007
:102A500087000CF104000990CDE907B9DDF8448046
:102A6000DDF824B0CC000E015246ACF1140900236D
:102A70004FF0140A0B96CDF834C000BF08EB0C00E1
:102A8000CDE9145400F1080509F10C0128460F970F
:102A9000CDE912C31692EDF7D1FDAAF10C0108EBB6
:102AA0000400EDF7CBFD0D984FF07E512C18295006
:102AB00009F10801201DEDF7C1FDAAF1080108EB9D
:102AC0000700EDF7BBFD04EB0B054FF07E5709F156
:102AD0000401281D44F80B70EDF7B0FDAAF10401C4
:102AE00008EB0600EDF7AAFD05EB0B0445F80B70AB
:102AF000149D201D49464FF07E57EDF79FFD08EBD2
:102B000005005146EDF79AFD44F80B700F9F159C98
:102B10000B98DDE912C3169A04440A990544064449
:102B200007440C980433043A8C440AF1100A984282
:102B3000A9F11009A2D11099D84345181198029E05
:102B40006044DDF82090DDF81CB0041D03F101089D
:102B50009246BBF1000F3CD0201DA9EB8801EDF798
:102B60006DFD04EB850508F10107B9002846EDF776
:102B700065FD4FF07E54BBF1010F45F8274028D08A
:102B800005EB8705281DA9EB8701EDF757FD05EB40
:102B90008A0508F10207B9002846EDF74FFDBBF1A1
:102BA000020F45F8274014D005EB8705281DA9EB37
:102BB0008701AAF10104EDF741FD0C2005EB840526
:102BC00000EB880728463946EDF738FD4FF07E5078
:102BD000E851DDF840800E9FB8F1000F00F032841C
:102BE000A8F102000390B81E019008F003001690AF
:102BF00028F003000F90042000EB8700D6F804A013
:102C0000049000204FEA071BB90009900020A7F1AB
:102C1000010E4FF0000CB7EE000A159108910B97CA
:102C200006904FF00009CDF850A0CDF814B015E093
:102C30000B98DDF81CE001380B900998DDF828901E
:102C40000430099004980899DDF814B08444AEF17A
:102C5000010EB9450144089100F0F68309FB079085
:102C60006FEA09010AEB800A9AED002A09F10102D4
:102C7000424501EB070012900A92CDF81CE080F06B
:102C800055811798B0EE421AA0EB090010F003002E
:102C90004D4645D00A9A149B02FB0791B0EEC24AFA
:102CA00003EB810191ED003A4D46B0EEC31AB4EE4C
:102CB000441AF1EE10FAB0EE421AC8BF1546C8BF6A
:102CC000B0EE431A012809F1020229D002FB079154
:102CD000B0EEC15A03EB810191ED003AB0EEC34A68
:102CE000B4EE454AF1EE10FAC4BF1546B0EE431AF1
:102CF000022809F1030213D002FB0790B0EEC15A7B
:102D000003EB800090ED003AB0EEC34AB4EE454AC2
:102D1000F1EE10FAC4BF1546B0EE431A09F10402F1
:102D20000398A0EB0900032855D30E99D01C149BDF
:102D3000484303EB8007901C484303EB8006501C7C
:102D4000484303EB800401FB02F003EB8000099B86
:102D5000C11891ED003AB0EEC15AB0EEC34AB4EEDC
:102D6000454AE118F1EE10FAC8BF154691ED004A48
:102D7000C8BFB0EE431AB0EEC43AB0EEC15AB4EEDA
:102D8000453AF118F1EE10FAC8BF551C91ED003A22
:102D9000C8BFB0EE441AB0EEC34AB0EEC15AB4EEAA
:102DA000454AF918F1EE10FAC8BF951C91ED004A9A
:102DB000C8BFB0EE431AB0EEC43AB0EEC15AB4EE9A
:102DC000453AF1EE10FAC4BFD51CB0EE441A0432F5
:102DD00042455B44BCD1B5EE401AF1EE10FA4FF01B
:102DE000000008BF012000F0A9800E9F4D4500F0B3
:102DF000A680A7EB0904012C52DB05FB0790149A6F
:102E000052F8201002EB80020B98CAF8001001283B
:102E100082ED002A44D00198A0EB09000328504617
:102E200028D305FB07F02EF003024844DDF850E0FC
:102E300083006046139400BF0EEB00010EEB030706
:102E40007E684C684E607C60BE688C688E60BC603A
:102E5000FE68CC68CE60FC603E690C691030043AB4
:102E600003F110030E613C61E6D10E9F139C704488
:102E70000EEB0302129911F0030111D05368476859
:102E8000436057600E9F01290AD09368876883606A
:102E900097600E9F022903D0D168C368C160D360D8
:102EA000119905FB08F0179B01EB800209FB08F064
:102EB000032B01EB80031DD30F9800BF11681F681F
:102EC0001960176051685F685960576091689F6822
:102ED00099609760D168DE6803F11007D96002F14C
:102EE0001001D66004380A463B46E7D10A463B4605
:102EF0000E9F11991698002800F09E82106819689C
:102F000018601698116001280AD006465068596862
:102F1000022E5860516003D0906899689860916063
:102F20000120B0EE412A069013E000BFB5EE402A22
:102F30000020F1EE10FA08BF012002E00E9FB0EE73
:102F4000412A0699012918BF002840F0BF82A7EB4B
:102F50000904119980EE028A0B98012C20F00300DD
:102F60000D903DDB129803281FD30D989AED001A9F
:102F70009AED012A9AED023A9AED034A28EE011AD7
:102F800028EE022A28EE033A0AF1100128EE044A3C
:102F90008AED001A8AED012A8AED023A8AED034A87
:102FA00004388A46E2D18A4611990B9810F0030042
:102FB00016D09AED001A012828EE011A8AED001A9F
:102FC0000ED09AED011A022828EE011A8AED011A94
:102FD00006D09AED021A28EE011A8AED021A00BFF5
:102FE00009FB08F001EB800B17985A4603280F984D
:102FF0005B461CD393ED001A93ED012A93ED023A40
:1030000093ED034A28EE011A28EE022A28EE033A2D
:1030100003F1100228EE044A83ED001A83ED012A21
:1030200083ED023A83ED034A04381346E2D1169841
:10303000149BA8B192ED001A012828EE011A82ED26
:10304000001A0DD092ED011A022828EE011A82ED25
:10305000011A05D092ED021A28EE011A82ED021A29
:1030600009FB07F003EB8000B9F1000F00EB8900CA
:103070000C90139400F0F2801498DDF8248000EB9B
:1030800089050B984FF0000A00F0030E07E000BF1F
:1030900015980AF1010ACA45804400F0DF800AFB56
:1030A0000790149A012C02EB800090ED008AB1EE9B
:1030B000481A69DB1298032808D20AFB07F005EBCF
:1030C00080020C98BEF1000F39D15DE00D98149A82
:1030D00002EB0C0302EB080193ED002A91ED003A9C
:1030E00021EE022A32EE032A81ED002A93ED012A15
:1030F00091ED013A21EE022A32EE032A81ED012AF6
:1031000093ED022A91ED023A21EE022A32EE032AD1
:1031100081ED022A93ED032A91ED033A21EE022A72
:1031200032EE032A043802F1100281ED032ACFD1D6
:10313000119902EB0C004244BEF1000F24D090ED37
:10314000002A92ED003A21EE022A32EE032ABEF165
:10315000010F82ED002A17D090ED012A92ED013A7D
:1031600021EE022A32EE032ABEF1020F82ED012A7D
:103170000AD090ED022A92ED023A21EE022A32EEB6
:10318000032A82ED022A00BF1098179A0AFB00F06A
:10319000032A01EB800203D216985B46C0BB77E797
:1031A0000F9C584690ED002A92ED003A21EE022A3B
:1031B00032EE032A82ED002A90ED012A92ED014AB7
:1031C00021EE022A32EE042A82ED012A90ED022A33
:1031D00092ED023A21EE022A32EE032A82ED022A11
:1031E00090ED032A92ED034A21EE022A00F110032A
:1031F00002F1100632EE042A82ED032A043C18463E
:103200003246CFD11698139C324600283FF440AF87
:1032100093ED002A92ED003A21EE022A32EE032AC3
:10322000012882ED002A3FF433AF93ED012A92ED9D
:10323000013A21EE022A32EE032A022882ED012A07
:103240003FF426AF93ED022A92ED023A21EE021AE4
:1032500031EE031A82ED021A1AE700BFDDF8408052
:103260000A98DDF850A04045BFF4E2AC0B98089AEC
:103270000A9E0AEB890E00F0030506E01598013658
:103280000E9F464502443FF4D3AC06FB07900AEB81
:10329000800090ED008A1398B1EE481A012861DB96
:1032A0001298032806D206FB07F00EEB80030C9859
:1032B000B5BB57E00D98534603EB0C04991894EDF9
:1032C000002A91ED003A21EE022A32EE032A81ED26
:1032D000002A94ED012A91ED013A21EE022A32EE04
:1032E000032A81ED012A94ED022A91ED023A21EEA2
:1032F000022A32EE032A81ED022A94ED032A91ED8F
:10330000033A21EE022A32EE032A043803F11003B5
:1033100081ED032AD0D1119903EB0C0013440DB3B6
:1033200090ED002A93ED003A21EE022A32EE032AB4
:10333000012D83ED002A15D090ED012A93ED013A7D
:1033400021EE022A32EE032A022D83ED012A09D052
:1033500090ED022A93ED023A21EE022A32EE032A80
:1033600083ED022A179B06FB08F0032B01EB800478
:1033700004D25F461698C8BB80E700BF0F985B4633
:1033800093ED002A94ED003A21EE022A32EE032A50
:1033900084ED002A93ED012A94ED014A21EE022AE0
:1033A00032EE042A84ED012A93ED022A94ED023ACA
:1033B00021EE022A32EE032A84ED022A93ED032A3B
:1033C00094ED034A21EE022A03F1100704F11001E3
:1033D00032EE042A84ED032A04383B460C46CFD152
:1033E0000C461199169800283FF448AF97ED002A33
:1033F00094ED003A21EE022A32EE032A012884EDF0
:10340000002A3FF43BAF97ED012A94ED013A21EEFB
:10341000022A32EE032A022884ED012A3FF42EAF5D
:1034200097ED022A94ED023A21EE021A31EE031AC8
:1034300084ED021A22E700BF01200690B0EE412A77
:1034400088E500BF00200690069801284FF0000094
:103450003FF4E9AAB5EE408A029AF1EE10FA7FF441
:10346000E2AA07FB08F14FF0000099B352684B4203
:1034700002F10807002217ED020AB5EE400AF1EE4C
:1034800010FA28D19E18751C1DD017ED010AB5EE53
:10349000400AF1EE10FA25D1B51C14D097ED000AC0
:1034A000B5EE400AF1EE10FA1ED103360BD097EDBF
:1034B000010AB5EE400AF1EE10FA17D104329E1857
:1034C00007F11007D7D10A4605E000BFFB20FFF740
:1034D000AABA00BF00228A4208BF6FF00400FFF7BB
:1034E000A2BA00BF0132F6E70232F4E70332F2E794
:1034F0002DE9F04F8DB08446B0F8029008888145E0
:1035000040F09A81BCF800401088844240F09481D9
:10351000B1F802A05088824540F08E815068B9F120
:10352000000F00F09581D1F804E00AF00101069146
:103530000EEB8A01039101EB8A01029101EB8A01F2
:103540000191A9F10301DCF804B0A9F102020A918A
:10355000AAF101019FEDC30AA9F1010309F00306D5
:103560004FEA8A070B9205910EF1040100220491A3
:10357000079008E0089A099C07985244013C0BEB1D
:10358000890B00F05F81069900EB8208CDE90824E1
:1035900031B971465446BAF1010FEBD058E000BF83
:1035A00048465D467146B0EE401AFEB19BED001AEA
:1035B0009EED002A012E21EE021A07D103990BF18C
:1035C00004051846032B13D23BE000BF03989BED84
:1035D000012A90ED003A022E22EE032A32EE011A61
:1035E00040F018810B9802990BF10805032B28D3A2
:1035F000A5F1100291ED002A92ED043A394492EDC2
:10360000054A23EE022A91ED003A394492ED065A1A
:1036100032EE011A24EE032A91ED003A394492ED7C
:10362000076A32EE011A25EE032A91ED003A32EED6
:10363000011A26EE032A103232EE011A04383944F8
:10364000D8D1DDE90414A8EC011ABAF1010F91D028
:103650000BF1040C0BF108000BF10C020C920AE0C8
:10366000023CAAEB040188ED011A08F108080EEBF0
:1036700081013FF47FAF7EB19BED001A91ED002AEE
:10368000012E21EE021A01EB8A010DD11D46624680
:10369000032B29D251E000BF4D465A46B0EE401AE6
:1036A000032B21D249E000BF9CED002A91ED003AA6
:1036B000022E22EE032A32EE011A01EB8A0105D115
:1036C0000B9D0246032B0FD237E000BF90ED002A7E
:1036D00091ED003A0A9D22EE032A0C9A32EE011A6D
:1036E00001EB8A01032B28D3103A00BF91ED002A89
:1036F00092ED043A394492ED054A23EE022A91ED07
:10370000003A394492ED065A32EE011A24EE032AA9
:1037100091ED003A394492ED076A32EE011A25EE36
:10372000032A91ED003A32EE011A26EE032A1032F6
:1037300032EE011A043D3944D8D1AAEB04010EEB54
:10374000810101F1040188ED001A7EB19BED001AA0
:1037500091ED002A012E21EE021A01EB8A010DD112
:103760001D466246032BFFF47BAF29E04D465A46C7
:10377000B0EE401A032B23D272E700BF9CED002A63
:1037800091ED003A022E22EE032A32EE011A01EBED
:103790008A0105D10B9D0246032BFFF461AF0FE0B8
:1037A00090ED002A91ED003A0A9D22EE032A0C9A30
:1037B00032EE011A01EB8A01032BFFF451AF00BF77
:1037C000103A00BF91ED002A92ED043A394492ED8F
:1037D000054A23EE022A91ED003A394492ED065A49
:1037E00032EE011A24EE032A91ED003A394492EDAB
:1037F000076A32EE011A25EE032A91ED003A32EE05
:10380000011A26EE032A103232EE011A043D394421
:10381000D8D125E702989BED022A90ED003A0A984C
:1038200022EE032A01990BF10C0532EE011A032B4B
:10383000BFF4DEAE05E700BFFD2040B20DB0BDE82D
:10384000F08F00BF002040B20DB0BDE8F08F00BF88
:103850000AFB04F18900ECF7F1FE002040B20DB044
:10386000BDE8F08F0000000010B503880C88A3426B
:1038700028D1B0F802C04C88A44523D11488A342B3
:1038800020D15488A4451DD10CFB03F4002C3DD05D
:1038900040684968D2F804E014F00302A4F1010C76
:1038A00031D090ED000A91ED001A012A30EE410A64
:1038B0008EED000A0AD1043004310EF1040E644684
:1038C00021E000BFFD2358B210BD00BF90ED010AFA
:1038D00091ED011A022A30EE410A8EED010A05D15E
:1038E000083008310EF1080E023C0CE090ED020A9F
:1038F00091ED021A0C3030EE410A0C318EED020AC5
:103900000EF10C0E033CBCF1030F03D2002358B29E
:1039100010BD00BFA0F11002AEF11000103900235D
:1039200092ED040A91ED041A043C30EE410A80ED58
:10393000040A92ED050A91ED051A30EE410A80ED78
:10394000050A92ED060A91ED061A30EE410A80ED65
:10395000060A92ED070A91ED071A02F1100230EE05
:10396000410A80ED070A00F1100001F11001D7D1E2
:1039700058B210BD2DE9F04F83B0B0F800A04A88CE
:10398000924529D1B0F802B00A88934524D1BBF101
:10399000000F00F000814B684568ABF1010CBAF1F3
:1039A000010F0AF0010000901CD1002100980028AE
:1039B00000F0F1801BF0030003EB810100F0D180E7
:1039C0002A4652F8043B01280B6001EB8A0140F0C3
:1039D000B780E3461546C4E0FD2040B203B0BDE821
:1039E000F08F00BFABF102002AF001060BF0030ECE
:1039F0000290ABF103004FEA8A070021019002E038
:103A00000231B142D2D0BEF1000F03EB81000FD0E2
:103A10002C4654F8042BBEF1010F026000EB8A0023
:103A20003ED162462546BCF1030F05D21BE000BF24
:103A30005A46BCF1030F16D32C6800EB070804604C
:103A40006C6808EB0709C451A86805F1100448F830
:103A50000700E86809EB070549F80700043A05EB99
:103A600007002546E8D141F00100BEF1000F03EB4D
:103A700080000FD0254655F8042BBEF1010F0260DF
:103A800000EB8A001CD162462C46BCF1030FB7D371
:103A90003EE000BF5A46BCF1030F39D2B0E700BF89
:103AA0006A68BEF1020F026000EB8A0018D1029A28
:103AB00005F108042546BCF1030FBDD2D3E700BFD2
:103AC0006268BEF1020F026000EB8A0014D1029A14
:103AD00004F108052C46BCF1030FFFF491AF17E089
:103AE000AA6805F10C040260019A00EB8A002546E1
:103AF000BCF1030FB7D39FE7A26804F10C05026085
:103B0000019A00EB8A002C46BCF1030FFFF478AF5A
:103B1000B14698462568C31905606568DE19C55128
:103B2000A06804F11005D851E068F319F051043A87
:103B300003EB07002C46EDD143464E4660E700BF3D
:103B40006A6802280A6001EB8A0103D10835ABF1EB
:103B5000020B06E0A8680C35086001EB8A01ABF1A6
:103B6000030BBCF1030F16D3A5F110004FEA8A0234
:103B700050F8103F8F180B604368BBF1040B8B505B
:103B8000816807EB0203B950C16803EB0207995043
:103B900007EB0201ECD1002040B203B0BDE8F08F8A
:103BA0009FED1F1A9FED1F2A20EE010ABDEEC01ADD
:103BB00011EE100AB5EE400AF1EE10FAB8BF013866
:103BC00001EE100AB8EEC11A30EE410A20EE020AE8
:103BD000BDEEC01A9FED142A11EE100A410A30EE14
:103BE000021A4AF698011CBF0020B0EE410AC0F646
:103BF000010101EE100A01EB8001B8EE411A30EE2E
:103C0000410A91ED001A91ED012AB7EE003A33EE28
:103C1000403A20EE020A23EE011A31EE000A704704
:103C200083F9223E00000044000000C410B5ECF708
:103C3000D9FD8020ECF7E8FF5520ECF7E5FF552093
:103C4000ECF7E2FFECF7C6FD9620ECF7DBFEECF7B5
:103C5000C9FD8020ECF7D8FF5520ECF7D5FF5520A3
:103C6000ECF7D2FFECF7B6FD9620ECF7CBFEECF7C5
:103C7000B9FD7E20ECF7C8FFB620ECF7C5FFECF7E6
:103C8000A9FD5020ECF7CAFDECF7ACFD8020ECF765
:103C9000BBFF5520ECF7B8FF5520ECF7B5FFECF76C
:103CA00099FD9620ECF7AEFEECF79CFD8020ECF73A
:103CB000ABFF5520ECF7A8FF5520ECF7A5FF044615
:103CC000ECF788FD9620ECF79DFE1E2C1CBFFF2014
:103CD00010BDECF787FD7D20ECF796FF0420ECF794
:103CE00093FFECF777FD9620ECF78CFEECF77AFD6E
:103CF000FD20ECF789FF5520ECF786FF5520ECF707
:103D000083FF0446ECF766FD9620ECF77BFE042C5F
:103D100020D1ECF767FD7C20ECF776FF0020ECF774
:103D200073FFECF757FD9620ECF76CFEECF75AFDAD
:103D3000FC20ECF769FF5520ECF766FF5520ECF707
:103D400063FF0446ECF746FD9620ECF75BFE5CB1A2
:103D5000012000E000204BF2185100EB4000C0F6BB
:103D600001010844807810BDECF73CFD4020ECF7E1
:103D70004BFFAB20ECF748FFECF72CFD9620ECF75F
:103D800041FEECF72FFDC020ECF73EFF5520ECF78D
:103D90003BFF5520ECF738FF0446ECF71BFD96205F
:103DA000ECF730FEAB2C21D1ECF71CFD4120ECF7F9
:103DB0002BFF0020ECF728FFECF70CFD9620ECF72A
:103DC00021FEECF70FFDC120ECF71EFF5520ECF7AC
:103DD0001BFF5520ECF718FF0446ECF7FBFC962080
:103DE000ECF710FE24B10320B5E700BF0220B2E7D4
:103DF000ECF7F8FC5320ECF707FF0820ECF704FF82
:103E0000ECF7E8FC9620ECF7FDFDECF7EBFCD3209B
:103E1000ECF7FAFE5520ECF7F7FE5520ECF7F4FE30
:103E20000446ECF7D7FC9620ECF7ECFD082C23D1E8
:103E3000ECF7D8FC5820ECF7E7FE0420ECF7E4FEA2
:103E4000ECF7C8FC9620ECF7DDFDECF7CBFCD820B6
:103E5000ECF7DAFE5520ECF7D7FE5520ECF7D4FE50
:103E60000446ECF7B7FC9620ECF7CCFD042C04BF1D
:103E7000002010BD05206EE704206CE7B0B5ECF71C
:103E8000C3FC8020ECF7C0FE5520ECF7BDFEECF73C
:103E9000B3FC9620ECF7B6FDECF7B6FC8020ECF70F
:103EA000B3FE5520ECF7B0FEECF7A6FC9620ECF73D
:103EB000A9FDECF7A9FC1420ECF7A6FEB620ECF760
:103EC000A3FEECF799FC5020ECF7A8FCECF79CFC67
:103ED0008020ECF799FE5520ECF796FEECF78CFC71
:103EE0009620ECF78FFDECF78FFC8020ECF78CFE32
:103EF0005520ECF789FE0446ECF77EFC9620ECF7A3
:103F000081FD0F2C1CBFFF20B0BDECF77DFC0F2006
:103F1000ECF77AFE00200025ECF776FEECF76CFC5F
:103F20009620ECF76FFDECF76FFC8F20ECF76CFE42
:103F30005520ECF769FE0446ECF75EFC9620ECF7A2
:103F400061FDE4BBECF760FC1020ECF75DFE822025
:103F5000ECF75AFEECF750FC9620ECF753FDECF72B
:103F600053FC9020ECF750FE5520ECF74DFE044634
:103F7000ECF742FC9620ECF745FD822C1ED1ECF7C5
:103F800043FC1120ECF740FE0020ECF73DFEECF77F
:103F900033FC9620ECF736FDECF736FC9120ECF77D
:103FA00033FE5520ECF730FE0446ECF725FC962056
:103FB000ECF728FD64B1022501E000BF01254BF2BA
:103FC0002A5105EB4500C0F6010108448078B0BDD8
:103FD000ECF71AFC1520ECF717FE8020ECF714FE26
:103FE000ECF70AFC9620ECF70DFDECF70DFC9520A4
:103FF000ECF70AFE5520ECF707FE0446ECF7FCFB55
:104000009620ECF7FFFC802C1ED1ECF7FDFB162070
:10401000ECF7FAFD0020ECF7F7FDECF7EDFB96204E
:10402000ECF7F0FCECF7F0FB9620ECF7EDFD5520FB
:10403000ECF7EAFD0446ECF7DFFB9620ECF7E2FC38
:1040400024B10425BBE700BF0325B8E7ECF7DCFB90
:104050001820ECF7D9FD0120ECF7D6FDECF7CCFBEE
:104060009620ECF7CFFCECF7CFFB9820ECF7CCFDDB
:104070005520ECF7C9FD0446ECF7BEFB9620ECF7A3
:10408000C1FC012C04BF0020B0BD052597E700004E
:1040900080B588B0082306930023CDE9043302914C
:1040A00002A901ABEDF78CFE08B080BDF0B581B080
:1040B0002DED068B898D9FEDD81A00EE101AB8EE03
:1040C000400A002908BFB0EE410A93ED011A9FEDA6
:1040D000D32A14460C9EB4EE421A94ED0A1A41F209
:1040E0008612B51806F62657F1EE10FA30EE410AA0
:1040F00008DD007F002814BF9FEDF31AB2EE0E1A00
:1041000030EE010A3868B6F9801B06EE100A94ED0D
:104110000F3A04F1400004EE101A90EC031AB8EEC6
:10412000C44A26EE037A21EE845AB6F9B01D25EE74
:10413000045A27EE047A66EE010AD7F8300237EE09
:10414000057A20EE866A02EE901A36EE076A07EECE
:10415000100AF8EEE22A63EE070A61EEA23AB6F917
:10416000E01F63EEA23A60EEA20A61EE072A286819
:1041700070EEA30A22EE877A03EE901A37EE207AC9
:1041800000EE900AF8EEE33A63EE202A61EEA34ACD
:10419000B5F98A1064EEA34A62EEA32A61EE203AD2
:1041A000D5F8300272EEA42A63EEA00A04EE901A4B
:1041B00070EEA20A02EE900AF8EEE44A63EE223AAA
:1041C00061EEA41A61EEA41A63EEA43A73EEA11A8A
:1041D00061EE223A63EEA22A72EEA11ADFEDC92A3D
:1041E00032EE066A32EE077AB4EE626A72EE200AA6
:1041F000F1EE10FAF0EE623AB4EE627AF0EE624A54
:1042000072EE211AC8BFF0EE463AF1EE10FAC8BFBE
:10421000F0EE474AF4EE620A73EEA43AF1EE10FAB9
:10422000F0EE624AF4EE621AC8BFF0EE604A73EE36
:10423000A43AF1EE10FAC8BFF0EE612A73EEA22A9A
:10424000F4EE402AF1EE10FA40F3578180EE220A94
:10425000B9EE008A23EE049A21EE081A20EE066ACF
:1042600020EE077A60EE200A20EE210A84ED0E0A85
:1042700035EE460A84ED0B6A84ED0C7AC4ED0D0A26
:1042800032EE000A386820EE010A29EE091A31EEF2
:10429000000A0AEE100AF9F7F5F9B5EE40AAF1EEB8
:1042A00010FA11DD94ED101A30EE490A31EE012AB0
:1042B00080EE020A9FED952AB4EE420AF1EE10FA62
:1042C000C8BFB0EE420A12E094ED101A39EE000AAF
:1042D000B1EE400A31EE012A80EE020A9FED8A2AF1
:1042E000B4EE420AF1EE10FAB8BFB0EE420A10EE98
:1042F000100AB6F9B01D386000EE101A94ED0F2ABE
:1043000094ED113AB8EEC00A22EE009A23EE002A8C
:1043100094ED0C3A94ED124A22EE000A30EE430A74
:1043200034EE000A21EE081AD7F8300220EE010A16
:1043300029EE091A31EE000A0AEE100AF9F7A2F97D
:10434000B5EE40AAF1EE10FA12DD94ED101A30EE3F
:10435000490A31EE012A80EE020A9FED6C2AB4EE82
:10436000420AF1EE10FAC8BFB0EE420A13E000BFF5
:1043700094ED101A39EE000AB1EE400A31EE012A2E
:1043800080EE020A9FED602AB4EE420AF1EE10FAC6
:10439000B8BFB0EE420A10EE100AB6F9E01FC7F837
:1043A000300200EE101A94ED0F2A94ED113AB8EE97
:1043B000C00A22EE009A23EE002A94ED0D3A94ED05
:1043C000124A22EE000A30EE430A34EE000A21EED1
:1043D000081A286820EE010A29EE091A31EE000AAF
:1043E0000AEE100AF9F74EF9B5EE40AAF1EE10FA0E
:1043F00016DD94ED101A30EE490A31EE012A80EEF6
:10440000020A9FED422AB4EE420AF1EE10FAC8BF4A
:10441000B0EE420A17E000BF0000A04200002A43AD
:1044200094ED101A39EE000AB1EE400A31EE012A7D
:1044300080EE020A9FED342AB4EE420AF1EE10FA41
:10444000B8BFB0EE420A10EE100AB5F98A10286023
:1044500000EE101A94ED0F3A94ED114AB8EEC00A2E
:1044600094ED0E2A23EE009A24EE003A94ED125AAF
:1044700023EE000A30EE420A35EE000A21EE081A59
:10448000D5F8300220EE010A29EE091A31EE000AB1
:104490000AEE100AF9F7F6F8B5EE40AAF1EE10FAB6
:1044A00014DD94ED101A30EE490A31EE011A80EE57
:1044B000010A9FED161AB4EE410AF1EE10FAC8BFD8
:1044C000B0EE410A15E000BF0000484394ED101A19
:1044D00039EE000AB1EE400A31EE011A80EE010A0F
:1044E0009FED091AB4EE410AF1EE10FAB8BFB0EE32
:1044F000410A10EE100AC5F830020120BDEC068B0F
:1045000001B0F0BD0000008000007AC600007A46CD
:104510002DE9F04F81B02DED048B84B040F2386965
:10452000C2F2000999F80070139C002F00F0A680D9
:10453000834699F80100012840F0A880CDE90223C4
:104540005A4652F80C3F04F6A43ACAF800305368B1
:1045500041F20400CAF83032936804EB0008C8F84E
:104560000030D36804F53760C8F83032097804F5B4
:104570005A6704F57D6604F5905531B90021C2E90A
:104580000011C2E90211A9F800109FED548AB2EEA1
:10459000049AB0EE480AF0EE490AF7F7F7F9384600
:1045A000B0EE480AF0EE490AF7F7F0F93046B0EEFF
:1045B000480AF0EE490AF7F7E9F92846B0EE480A4A
:1045C000F0EE490AF7F7E2F99AED000A04F6B8307E
:1045D000EDF72EF8B4F9801BDAED000A00EE101AA0
:1045E00004F6F240B8EEC00AF6F774FB9AED8C0AB6
:1045F00004F6E850EDF71CF8B4F9B01DDAED8C0ABA
:1046000000EE101A04F62270B8EEC00AF6F762FB4C
:1046100041F2180098ED000A2044EDF709F8B4F9CA
:10462000E01F41F2521000EE101AD8ED000A2044AB
:10463000B8EEC00AF6F74EFB41F2482098ED8C0A1E
:104640002044ECF7F5FFB8F90C1241F2823000EE8D
:10465000101AD8ED8C0A2044B8EEC00AF6F73AFBDF
:10466000DDE90212129B58460094FFF71FFD01205E
:1046700004B0BDEC048B01B0BDE8F08F2046F4F728
:10468000B3FF012089F8000021E000BFC879D8B14C
:10469000087AC8B1487AB8B1887AA8B104F5376009
:1046A00001210125F7F7A6F904F55A600121F7F772
:1046B000A1F904F57D600121F7F79CF904F590500C
:1046C0000121F7F797F900E0002589F80150002053
:1046D00004B0BDEC048B01B0BDE8F08F00007A455A
:1046E000F0B581B0B0F942200446A0F84020088817
:1046F0000D4603BA190CA4F84210AE8840F2C05718
:1047000036BAC2F20007360C6888BE8041F6182619
:10471000A4F87A604EF2E856CFF6FF7606EB134621
:1047200000BA33B2000CB3F5805F78803E8003DDC1
:104730004CF2E85305E000BF13F5805F03DA4FF455
:10474000BD630B443B801BB200EE103A9FED3A1A5A
:1047500009B2B8EEC00A8B1A20EE010A13F5805F89
:1047600084ED1F0A04DAB4F88020013206E000BFAD
:10477000B4F88020B3F5805F02DD013AA4F8802010
:1047800047F60153D21A92B240F2FE539A4208D829
:1047900000EE101A0022B8EEC00AA4F8802084EDC2
:1047A0001B0A41F27B4212FB00F0DFED250AB4F94F
:1047B0004610C2149FED210A02EBD070B0EE601AD1
:1047C000A4F84410A4F84600F6F760FAB7F904100C
:1047D0009FED1C1A00EE101AB8EEC00A80EE010A16
:1047E000A4F84600B4F9421001EE101AB8EEC11A4E
:1047F000BDEEC00A10EE100AA4F84A00A87900EE37
:10480000100AB8EE400A84ED0F0AE87900EE100AAB
:10481000B4F98000B8EE400A400384ED0E0A00EEC1
:10482000100AB8EEC00A31EE000ABDEEC00A84EDEF
:10483000210A01B0F0BD00BF5839343D0000FA43F1
:10484000CDCC4C3FCDCC4C44B4EE410AF1EE10FA45
:10485000B4EE600AC8BFB0EE410AF1EE10FAB8BF7C
:10486000B0EE600A7047000010B544F23821C2F281
:10487000000108200122002381E80D0044F2A85025
:10488000C2F20000ECF7B8FF002818BFECF738FEC2
:1048900044F2A854C2F200042046EDF7CDF92046B8
:1048A0000A21EDF74BF92046EDF746F880B200EE0D
:1048B000100A40F22C50C2F2000090ED001AB8EE3F
:1048C000400A9FED032A21EE000A20EE020A10BDE5
:1048D0005D742141000000002DE9F04381B02DED11
:1048E000028B82B040F20809C2F20009D9F8001028
:1048F0001D461446064619B9ECF760FDC9F80000DC
:1049000040F2F078C2F2000898F80000002800F0A9
:104910002981306A40F6D027C2F20007C4F8B400FB
:104920003878F16A0128C4F8E41218D104F5AC70A3
:1049300009F12401F6F728FD04F2022009F1300103
:10494000F6F722FD04F5627009F10C01F6F71CFD83
:1049500004F2324009F11801F6F716FD3878022802
:1049600017D104F5AC7009F15401F6F70DFD04F20E
:10497000022009F16001F6F707FD04F5627009F104
:104980003C01F6F701FD04F2324009F14801F6F767
:10499000FBFC94ED2D0A04F1C800ECF749FE95EDFF
:1049A0000E0A9FED9F1AD4ED2D0A04F5AC7020EE8F
:1049B000010AF6F78FF995ED040A9FED9A8AD4ED76
:1049C000630A04F2022020EE080AF6F783F994ED58
:1049D000B90A04F53E70ECF72BFE95ED110A9FED38
:1049E000921AD4EDB90A04F5627020EE010AF6F7C6
:1049F00071F995ED050AD4EDEF0A04F2324020EE8C
:104A0000080AF6F767F9A86B05F048FA9FED7A0BEC
:104A100053EC102B05F04AF841EC100B04F084F82D
:104A200051EC100B9FED760B53EC102B05F03EF87C
:104A30009FED750B53EC102B04F034FE9FED740BBF
:104A400053EC102B04F02EFE9FED730B53EC102B48
:104A500005F02CF804F04CFD43F67046C2F2000657
:104A60007189C8F80C0001F00302022A40F0888026
:104A700043F6A030C2F20000D0F855009FED6B0A5B
:104A800001EE100A21EE000A99ED011A99ED022AB1
:104A900021EE081A31EE000A22EE001A88ED010A12
:104AA0009FED630ADFED630A88ED021AF7F73EF81F
:104AB0007189880769D095F84800022874D104F2FA
:104AC00096610A6898ED020A04F6F62001EE102AB3
:104AD00031EE401A0068BDEEC11A11EE103A01EE37
:104AE000100AD1F83002BDEEC11A11EE101A01EE13
:104AF000100A30EE010A04F23625BDEEC00A44F277
:104B0000F05410EE100AC2F20004CDE90010204665
:104B10004FF4007100220026ECF768FBD5F8300254
:104B200040F2FE4100EE100ABDEEC00A10EE100A7F
:104B3000404202B244F21860C2F200000023009624
:104B40000196ECF753FB2868022180F0004000EE4C
:104B5000100ABDEEC00A10EE102A2046F3F7F4FE4C
:104B600041E000BF2046F4F7F3FD012088F8000083
:104B7000002002B0BDEC028B01B0BDE8F08300BFA5
:104B80000020C8F80800880795D144F2F054C2F21A
:104B9000000408070CD520460221F3F7F1FE204659
:104BA0000221F3F7B9FE1EE044F2F054C2F2000411
:104BB0002046022100220025F3F7C6FE44F21860C9
:104BC000C2F2000040F2FE41002200230095019550
:104BD000ECF70CFB20464FF40071002200230095F7
:104BE0000195ECF703FB012002B0BDEC028B01B094
:104BF000BDE8F08300BF00BF514CDE0033DF913FC2
:104C00006F9EEA909BE1DE3FEC51B81E85EBB13F11
:104C10000000000000804040000000000000A040B4
:104C2000000048420000C8420000B6410000C8C26F
:104C300000001643000016C32DE9F04744F2382463
:104C400044F260554FF00008C2F200044FF0110921
:104C50004FF0010AC2F2000500270026284621462F
:104C6000C4E9009AC4F80880ECF7C6FD002818BF14
:104C7000ECF746FC2846ECF7DFFF28460A21ECF764
:104C80005DFF2846ECF758FE17FA80F7C72E06F1AD
:104C90000106E3D300EE107A9FED061AB8EE400A43
:104CA00081EE000A40F22C50C2F2000080ED000AB2
:104CB000BDE8F08701007043014680EC030AC0EDB7
:104CC000061A4FF07E500022C1E91402C1E9180211
:104CD000C1E91C02C1E920020120C1E903224A61A5
:104CE000C1E90D22CA63C1F89420C1E91122C1E9CA
:104CF0001622C1E91A22C1E91E22C1F88820C1F892
:104D00008C2000F05FB90000EEF7A2F8F8F7E6FF9C
:104D1000F5F76CF8F4F786FFF4F72CFFF4F74CFF87
:104D2000F5F724F9F5F740FCF5F780FCF4F766FF9A
:104D3000F5F76CF9F5F756FCF5F776FAF4F7AEFEF1
:104D4000F4F7E2FEF5F72CFBF5F73AF9F5F7F8F989
:104D5000F5F730FAF5F74CFBF4F7CAFF00F042F92B
:104D6000FEE70000F0B581B0044600786178A278D3
:104D7000E3780130C5B22070481C511C2279A17023
:104D8000591CE170511C62792171511CA279C82D06
:104D900043F67045617102F10101C2F200056070D5
:104DA000A1710BD3688920F003006881C820A17A23
:104DB0002070607801F0FE0103E000BFA17A41F0AD
:104DC0000101C0B2A172C82831BF41F00200C82061
:104DD000607001F0FD00A178C82931BF40F00400E7
:104DE000C821A17000F0FB00E178C82931BF40F074
:104DF0000800C821E17000F0F7002179C82931BF0F
:104E000040F01000C821217100F0EF006179C8293D
:104E100031BF40F02000C821617100F0DF00A179AE
:104E2000C82931BF40F04000C821A17100F0BF0087
:104E3000A07200F07C0096217C284FF0000008BF93
:104E40003221F6F7E7FDA07A6423C0F3C002C0F375
:104E5000800142EA820241EA4201C0F3001212FBE1
:104E60000311C0F34012C0F3801042F21073584394
:104E70004FF47A7312FB0300084444F2482C20815B
:104E8000C2F2000CACF8000095F8470095F84940D4
:104E900095F84A3000F00F0204F00F0E02EB1416E2
:104EA00095F84B1003F00F007644064401F00F050F
:104EB00006EB13162E4406EB11164FF00537012EA4
:104EC000CCF81470CCF8177030D16AB100208CF88F
:104ED0001E0040F20550ACF818004FF00530CCF839
:104EE000140001B0F0BD00BF102C05D240B102206B
:104EF0008CF81E0032E000BF01208CF81E0021E07B
:104F0000102B05D245B104208CF81E0036E000BFFE
:104F100003208CF81E002BE0102945D2BEF1000FB3
:104F200004D006208CF81E0034E000BF9CF81E0060
:104F30000628CED8DFE800F00406121C223B2E0023
:104F4000C7E700BF14208CF814004FF00530CCF8F0
:104F5000150005208CF8190001B0F0BD41F20540A4
:104F6000ACF814004FF00530CCF8160001B0F0BDDD
:104F700040F20550C0F2145004E000BF40F205506A
:104F8000C1F20540CCF8140040F20550ACF818000E
:104F900001B0F0BD4FF00530CCF8140041F20540EF
:104FA000ACF8180001B0F0BD05208CF81E004FF0E1
:104FB0000530CCF8140040F21450ACF8180001B0E1
:104FC000F0BD000080B5002808BF012002F082F883
:104FD000002080BD80B5002908BF012102F0CEF875
:104FE000002080BD80B502F0BBF9002080BD00002C
:104FF000B0B584B043698E4693B1846984B10589A4
:10500000D0E9001C026928B2843D18BFC51CCDE957
:10501000005360467346029403F086FA04B0B0BDB4
:105020000589D0E90013028A28B2843D18BFC51C47
:1050300003AC184673460095019403F045FA0399B2
:10504000012818BF0021084604B0B0BD2DE9F04783
:1050500040F2E85440F20C1940F2184A45F25C055F
:1050600040F21036C2F200044FF00008C2F200090C
:10507000C2F2000AC2F20005C2F200066427002054
:10508000C4F80480D9F800105AF82020B1FBF2F1DE
:105090002A682160D1624908D16356F8200078431C
:1050A000FFF790FF2868C0F83C801E20FFF78AFFBA
:1050B0006068013042286060E4D3BDE8F0870000FA
:1050C000F0B581B040F2EC64C2F200040D46E7692D
:1050D0002168002281F8522021680646081D01F04F
:1050E0002FFE18B1701C0CD016E000BF2068012103
:1050F000C06A626801FA00F022EA00006060701C79
:105100000AD14DB154F8500B011D204601B0BDE845
:10511000F04001F085BE00BF2068BD19456007D38F
:10512000606A2168043101B0BDE8F04001F046BE7C
:10513000206A2168043101F041FEE06A854238BFEF
:10514000E56201B0F0BD00002DE9F041044601F038
:105150007FFE40F2EC66C2F20006306945F2384547
:10516000013030613068C2F2000548B17069002832
:1051700040D13068E16AC06A884298BF346039E043
:1051800034603069012835D1284601F007FE05F169
:10519000140001F003FE05F1280001F0FFFD05F108
:1051A0003C0001F0FBFD05F1500001F0F7FD05F1B9
:1051B000640001F0F3FD05F1780001F0EFFD40F629
:1051C0000008C2F20008404601F0E8FD08F11407AB
:1051D000384601F0E3FD06F1640001F0DFFD06F161
:1051E0003C0001F0DBFD06F1500001F0D7FDC6F8F0
:1051F000208077627068B16801220131B160E16A94
:105200008A401043706001EB810005EB8000211D96
:1052100001F006FE01F040FE706988B13068E16A75
:10522000C06A884228BFBDE8F0814EF60450CEF235
:1052300000004FF080510160BFF34F8FBFF36F8FBD
:10524000BDE8F08140F2EC6545F238464EF6045870
:10525000C2F20005C2F20006CEF200084FF08057FD
:1052600003E000BF204601F02FFEE868D0B101F056
:10527000EFFDA86CC468201D01F062FD28690138AB
:105280002861E8680138E86001F006FE94F85100F2
:105290000228EAD00128E5D070B9206B01F014FE95
:1052A000E0E700BF30680228DFD3C8F80070BFF322
:1052B0004F8FBFF36F8FD8E74FF0500080F3118806
:1052C000BFF36F8FBFF34F8FFEE700002DE9F0476C
:1052D0000A9C8246206B16460F46DDE9085991006C
:1052E000A5229846EBF780F9206B002F00EB860093
:1052F000A0F1040020F0070656D0387884F8340076
:10530000387800284BD0787884F8350078780028F1
:1053100045D0B87884F83600B87800283FD0F878BF
:1053200084F83700F878D0B3387984F838003879C1
:10533000A8B3787984F83900787980B3B87984F89B
:105340003A00B87958B3F87984F83B00F87930B36B
:10535000387A84F83C00387A08B3787A84F83D00CB
:10536000787AE0B1B87A84F83E00B87AB8B1F87AC1
:1053700084F83F00F87A90B1387B84F84000387B9D
:1053800068B1787B84F84100787B40B1B87B84F8C1
:105390004200B87B00281CBFF87B84F84300002043
:1053A00084F8430003E000BF002084F834000027A5
:1053B000201D062D28BF0625E562C4E9115701F01E
:1053C000F9FC04F1180001F0F5FC85F00700A0617C
:1053D00030465146424624616462E76484F8507066
:1053E00084F8527000F042FBB9F1000F206018BF42
:1053F000C9F80040BDE8F08708480068006880F3FD
:1054000008884FF0000080F3148862B661B6BFF3DD
:105410004F8FBFF36F8F00DF00BF000008ED00E08B
:1054200081B00020009040F22850C2F200000068D5
:105430004FF0500181F31188BFF36F8FBFF34F8F8F
:10544000013007D0FEE700BF009830B9009820B9BE
:10545000009810B900980028F6D001B070470000FD
:1054600088B040F2647AC2F2000A0DF11009EB46EE
:10547000DAF8080005681DB1C068046801E000BFE3
:10548000002401F0E5FF03F09BF8DAF8101006465F
:10549000884220D3002DCAF8106051D0A6424FD3C5
:1054A00003F0AEF9DAF80800C068C7683D1D284669
:1054B00001F046FC97F82400410745D400F0FE00B7
:1054C00087F8240084E000BF6860DAF808003946F5
:1054D0002D6101F073FCDAF80800016831B3C0688F
:1054E000C56804682F1D384601F02AFC296A284641
:1054F000884795F824004007EDD5A8692044A042CC
:10550000E2D8DAF80000002800F04881002004A961
:1055100031C103F045F8DAF80000494600220023C3
:1055200002F088FD0028D6D138E100BFDAF80C106F
:10553000CAF81060CAE9021003F062F91AE100BF6C
:1055400065B1002210E000BFB8693F610119B142A6
:1055500079601FD90AF1080021E000BFDAF80C00D9
:105560000068B0FA80F04209DAF80000A11B01F0EF
:1055700087FD03F045F9002840F0FC804EF604500A
:10558000CEF200004FF080510160BFF34F8FBFF3A8
:105590006F8FEFE0311B814206D20AF10C000068E8
:1055A000294601F00BFC13E0DAF80000002800F0B7
:1055B0001381002004A991C102F0F2FFDAF8000083
:1055C00049460022002302F035FD002800F0048146
:1055D000396A38468847CDE00098B0F1FF3F07DCD4
:1055E000DDE90120039990470098002800F1C2806E
:1055F000029E706910B1301D01F0A2FB02F0E0FFC5
:10560000DAF81010074688420DD30098CAF81070D7
:1056100009283FD9AEE000BF6860DAF808002146EB
:105620002D6101F0CBFBDAF80800016841B3C068D6
:10563000C568D0F800802C1D204601F081FB296A46
:105640002846884795F824004007ECD5A8694044CF
:105650004045E1D8DAF80000002800F095800020ED
:10566000CDE90408069502F09BFFDAF800004946F0
:105670000022002302F0DEFC0028D4D184E000BF29
:10568000DAF80C10CAE902100098CAF8107009285C
:1056900000F27080DFE800F0060606444862060665
:1056A000444800BF96F82400019A40F00101B06917
:1056B00086F824108318314641F8043FBB42366116
:1056C00006D997420AF1080007D293420AD204E0B1
:1056D000BA1A824206D20AF10C00006801F06EFB91
:1056E00048E000BF316A3046884796F824004007FA
:1056F00040D5DAF8000000285AD00198B169069622
:1057000008440021CDE9041002F04AFFDAF8000055
:1057100049460022002302F08DFC58BB48E000BF40
:1057200096F8240022E000BF96F8240040F0010122
:10573000019886F824100028B06143D038443146DF
:105740000AF10C0241F8040F3661B84288BF0AF131
:105750000802106801F032FB0CE000BF96F824004C
:10576000810703D4304601F0AFFB03E000F0FE00F8
:1057700086F82400DAF800005946002202F070FD95
:1057800000287FF429AF73E64FF0500080F31188B2
:10579000BFF36F8FBFF34F8FFEE700BF4FF0500096
:1057A00080F31188BFF36F8FBFF34F8FFEE700BF09
:1057B0004FF0500080F31188BFF36F8FBFF34F8F0E
:1057C000FEE700BF4FF0500080F31188BFF36F8FEA
:1057D000BFF34F8FFEE700BF4FF0500080F31188FA
:1057E000BFF36F8FBFF34F8FFEE70000F0B581B0BE
:1057F000044601F02DFB94F94560012E0FDB04F106
:10580000240500BF286850B1284602F0BFFF0028D9
:1058100018BF01F035FDF0B2013E0128F2D8FF2695
:1058200084F8456001F038FB01F012FB94F94470F4
:10583000012F0EDB04F11005286850B1284602F054
:10584000A5FF002818BF01F01BFDF8B2013F012899
:10585000F2D884F8446001B0BDE8F04001F01CBB10
:1058600070B5044601F0F4FD40F2A07CC2F2000CD9
:10587000DCF8040050B19CF80000002818BF4FF07D
:1058800000404FF000057CBB8DE000BF45F2EE40CC
:10589000C2F20000C21D22F0070210F00701A0EBC7
:1058A000020318BF104600224FF4C045CCE906029F
:1058B000002918BF03F5C0454119083921F0070137
:1058C000CCF80410C1E90022DCF80420091AC0E970
:1058D000002101208CF800004FF00040CCE90211BB
:1058E000002C4FF000055ED020405CD104F1100088
:1058F00020F00702600708BF04F10802002A4FF0F9
:10590000000550D0DCF8080082424CD8604650F8C0
:1059100018EFDEF8045095422BD2DEF80010B9B132
:1059200074464D68954217D20B68ABB15D689542DD
:1059300016D21868A0B14568954215D204689CB18A
:105940006568954214D22168A6460029E9D110E085
:105950000CF118000DE000BF8E46204609E000BFA4
:105960009E46084605E000BF8646184601E000BF97
:10597000A646DCF804108E4514D00168DEF800401D
:10598000AB1A112B04604DD30EEB0205680719D03A
:105990004FF0500080F31188BFF36F8FBFF34F8F2C
:1059A000FEE700BF002502F02BFF68075BD04FF039
:1059B000500080F31188BFF36F8FBFF34F8F00BF8C
:1059C000FEE700BF0CF118006B60CEF8042000BFAA
:1059D0000368AB420AD21868A8420BD20368AB42F4
:1059E00004D218681A46A842F2D304E002461846C8
:1059F00001E000BF1A4653686C68D618AE4202D167
:105A00001C44154654602B19834207D1DCF804303E
:105A1000984203D0D0E9000323446B60AA42286077
:105A200018BF156001F10805DEF80400DCE9021278
:105A3000091A9142CCF8081038BFCCF80C109CF829
:105A40000010002918BF40F00040CEF80400DCF838
:105A5000100000210130CEF80010CCF8100002F048
:105A6000CFFE6807A3D1284670BD0000034645F26B
:105A70002140C0F601004FF0807C21F0010103E9D4
:105A800003106FF0020043F8240CA3F1440043F824
:105A9000202C7047000000002DE9F04381B02DED6F
:105AA000028B40F25467C2F200073978154689B379
:105AB000044643F64850C2F20000007B40F67038BE
:105AC00005F6741905F214560128C2F2000809D02F
:105AD00043F67040C2F2000090F8340000F0F0008D
:105AE000202808D1B8F9500910F57A7F1EDA002075
:105AF000B8800020788094ED0C8A86ED008A606B77
:105B0000C6F830027888012824D078BB94ED0E0ABC
:105B10002AE000BF2846F3F7D1FE012038700025A7
:105B20002846BDEC028B01B0BDE8F083633081B242
:105B3000B888C62900F29E80013081B209094A293D
:105B400088BF002081B2B1F57A7FB880D1D9012019
:105B5000D0E700BFB8F94C09C117233041F100016B
:105B600004F0CAF900EE100A89ED000AB8F95009EC
:105B700003F021FF9FED420B53EC102B03F096FF37
:105B80009FED410B53EC102B03F090FF9FED400B6A
:105B900053EC102B03F08AFF03F0AAFCC8F880092D
:105BA00005F5A560B0EE480AEBF742FDB5F9F01433
:105BB000D6ED000A00EE101A05F26260B8EEC00AD7
:105BC000F5F788F896ED8C0A05F5EB60EBF730FDFC
:105BD000B5F92017D6ED8C0A00EE101A05F69200E2
:105BE000B8EEC00AF5F776F805F6581191ED000AFF
:105BF000D9ED000A05F61820B8EEC00AF5F76AF8E4
:105C0000B5F95019D9ED360A00EE101A05F6C22082
:105C1000B8EEC00AF5F75EF8B5F9F00496ED000AA3
:105C200002EE100AB8EEC22AB5F9200784ED180A70
:105C300030EE420A96ED8C1A84ED150A00EE100A39
:105C4000D5F85809B8EEC00AD4E9102331EE400A5D
:105C5000C117012584ED191A84ED160AE06584F850
:105C60006850EAF79DFBE0662846BDEC028B01B068
:105C7000BDE8F083B0F57A7F7FF63BAF3BE700BF2E
:105C8000F69DBA4D1311913F5B7E3BE4C1719C3F81
:105C900000000000000020402DE9F04381B040F6F4
:105CA0002800C2F20000D0F82E10D0F83D200124C8
:105CB00040F2840964F30201C2F200090027C0F82F
:105CC0002E1064F30202D9F80010A0F82B7080F8AF
:105CD0002D70478780F83C40C0F83D20D1F80B304C
:105CE00040F2C216D1F80320C0F2190666F39F23D2
:105CF00040F6094666F30D02C1F8032049F203029B
:105D0000C5F6E132C1F80B30C1F80720D9F804100C
:105D100000F11E05D1F80B20D1F803004FF4C97330
:105D200063F3090240F6110363F30D0040F6030329
:105D3000C4F2CF13C1F803002846C1F80730C1F8F8
:105D40000B2000F0F7FB45F2C418C2F200084046F1
:105D500029462D22F0F7F4FF2220FFF733F940F611
:105D60007405C2F200052969022064F30201E87398
:105D70002961D9F8080041F63901C0F68511A5F866
:105D80000D70C0F8031041F20201C6F6F431C0F8FC
:105D900007104BF204110F30C0F601011422EAF78C
:105DA000ACFB284600F080FD404629463C22F0F737
:105DB000C7FF2220FFF706F9032085F84B00E86CA7
:105DC00040F6394164F30200E864D9F80C00C0F2EF
:105DD0000551A5F84970C0F8031045F60241C5F217
:105DE0008021C0F8071046F6711105F13C06C6F691
:105DF0006161C774C0F80F10304600F055FD404691
:105E000031463C22F0F79CFF2220FFF7DBF840F6FA
:105E1000EC05C2F200052969042064F30201E8736D
:105E20002961D9F8100040F63901C0F68A01A5F8B9
:105E30000D70C0F8031041F20401C7F28101C0F8EF
:105E400007104BF2F0010F30C0F601011222EAF701
:105E500054FB284600F028FD404629463C22F0F736
:105E60006FFF2220FFF7AEF8052085F84B00E86CA5
:105E700041F6790164F30200E864D9F81400C0F235
:105E80008541A5F84970C0F8031041F20241C6F2FD
:105E90005631C0F807103A21A0F8171047F26151A7
:105EA000C6F67471C0F80F1046F25F1105F13C069A
:105EB000C6F66951C0F81310304600F0F5FC4046B4
:105EC00031463C22F0F73CFF2220FFF77BF840F6FA
:105ED0006415C2F200050620E873286941F639010D
:105EE00064F302002861D9F81800C0F28551A5F8C2
:105EF0000D70C0F803104CF20241C5F61531C0F820
:105F0000071045F67471C6F66271C0F8131046F6B4
:105F10007301C6F66F71C0F80F1046F66F41C0F2FC
:105F20003A01C0F81710284600F0BEFC404629464A
:105F30003C22F0F705FF2220FFF744F8072085F800
:105F40004B00E86C44F2394164F30200E864D9F88C
:105F50001C00C0F60621A5F84970C0F803104EF2E7
:105F6000030105F13C06C6F26221C0F80710C773B1
:105F7000304600F099FC404631463C22F0F7E0FE06
:105F8000222001B0BDE8F043FFF71CB82DE9F04F27
:105F900081B040F6DC15C2F200052869012740F205
:105FA000840967F30200C2F200092861D9F82000D1
:105FB00045F602414FF480780024C4F60031A5F87C
:105FC0000D80EC7340F6394AC0F8071047F27A5159
:105FD000C0F2052AC0F26F01C0F803A0C0F80F108C
:105FE000284600F061FC45F2C41BC2F2000B584683
:105FF00029463C22F0F7A4FE2220FEF7E3FFE86CDE
:1060000041F2394167F30200E864D9F82400C0F294
:106010000521A5F8498085F84B70C0F803104CF6AF
:106020000241C5F21631C0F8071044F2591105F1CA
:106030003C06C3F65721C474C0F80F10304600F078
:1060400033FC584631463C22F0F77AFE2220FEF718
:10605000B9FF40F65425C2F200050220E873286912
:1060600040F6394167F302002861D9F82800C0F2F0
:106070000531A5F80D80C0F803104CF20241C4F6BA
:10608000B631C0F8071046F67011C6F27431C0F888
:106090000F1046F66301C0F23A01C0F8121028460C
:1060A00000F002FC584629463C22F0F749FE222027
:1060B000FEF788FFE96C032067F3020185F84B00C7
:1060C000E964D9F82C0045F60241C4F28031A5F804
:1060D0004980C0F807106721A0F8131046F6730135
:1060E0003C35C6F66161C0F803A0C0F80F10284621
:1060F00000F0DAFB584629463C22F0F721FE222028
:10610000FEF760FF40F6F825C2F200050420E873B0
:106110002869D9F8301067F3020028614BF20200B9
:10612000C5F2842046F66874A5F80D80C1F8070012
:10613000C0F275042846C1F803A0C1F80F4000F072
:10614000B3FB584629463C22F0F7FAFD2220FEF721
:1061500039FFE96C052067F3020185F84B00E9641B
:10616000D9F834004BF20201C4F60431A5F8498095
:106170003C35C0F8071004F11101C0F803A0C0F8C5
:106180000F10284600F090FB584629463C22F0F7B5
:10619000D7FD2220FEF716FF4BF2EE45C2F20005B6
:1061A0002969062067F30201E873D9F838002961EC
:1061B0004BF20201C4F2C441A5F80D80C0F80710EB
:1061C00046F67811C0F26101C0F803A0C0F80F10C4
:1061D000284600F069FB584629463C22F0F7B0FDFE
:1061E000222001B0BDE8F04FFEF7ECBE10B5FBF782
:1061F000D5FD2220FEF7E6FE40F62804C2F2000498
:106200004FF40070A4F80D000720E073206901210D
:1062100061F3020040F22051C2F2000109682061DE
:10622000D1F80B2046F2B733D1F80300C0F20803CF
:1062300063F39F2240F2014363F30D0041F2010337
:10624000C2F29113C1F803002046C1F80730C1F82B
:106250000B2000F077F845F2C410C2F2000021468E
:106260001E22F0F76DFD2220BDE81040FEF7AABE09
:10627000FBF7A2BEFBF788BF10B54BF25664C2F223
:1062800000040021E1732169D4F81F20012340F2AA
:10629000001C63F30201C2F2000C4FF4A060216104
:1062A00063F30202DCF80410A4F80D00A083A377C6
:1062B000C4F81F20D1F8032040F6294EC0F2050E85
:1062C00048F602406EF31602C5F2B82002F50062ED
:1062D000C1F8070044F24820C1F80320C2F20000D0
:1062E00090ED010A9FED161ADCF8083020EE010A45
:1062F000BDEEC00A10EE102AC1F80B20D3F803102F
:1063000002226EF31601C4F69932C3F80720C3F8CF
:10631000031090ED020A20EE010ABDEEC00A10EE55
:10632000100AC3F80B00204600F004F945F2C4102F
:10633000C2F2000021462D22BDE81040F0F700BD5A
:1063400000007A44F0B5A521017045F2D241C2F2B5
:10635000000191F800C04AF244360CF101020A70C3
:106360000178C0F6010681F0FF02B15C4FF0150E16
:1063700081F01501715CA0F801E0735C4BF218111B
:10638000C0F6010131F8122083EA0C03D4B284F084
:10639000EA0431F81440DBB2E5B285EA122231F8A2
:1063A000125016F803E0EBB283EA142383EA0C03DD
:1063B00031F8133040F20136DCB284EA152585EA63
:1063C0000E0531F81550C0F20116C0F80560EEB2A6
:1063D00086EA132383F0010331F8133040F2245688
:1063E000DCB284EA152585F0030531F81550C2F2B8
:1063F0000006ECB284EA132383F0010331F8133072
:10640000047ADAB282EA1522624031F81220366844
:10641000D4B284EA1323F4B2634031F81330A0F805
:106420000960857ADFB287EA12226A4031F81220C9
:1064300006F58075A0F80B50D5B285EA13236340AA
:1064400031F81330047BDDB285EA1222624031F864
:106450001220467BD7B287EA1323734031F81330FA
:10646000877BDEB286EA12227A4031F81220C77B9F
:10647000D6B286EA13237B4031F81330077CDEB2B4
:1064800086EA12227A4031F81220477CD6B286EA98
:1064900013237B4031F81330877CDEB286EA122268
:1064A0007A4031F81220C77CD6B286EA13237B40AB
:1064B00031F81330077DDEB286EA12227A4031F8D5
:1064C0001220477DD6B286EA13237B4031F8133081
:1064D000877DDEB286EA12227A4031F81220C77D2B
:1064E000D6B286EA13237B4031F81330077EDEB242
:1064F00086EA12227A4031F81220477ED6B286EA26
:1065000013237B4031F81330877EDEB286EA1222F5
:106510007A4031F81220C77ED6B286EA13237B4038
:1065200031F8131080F803C081EA122180F804E0EA
:106530008183F0BD70B5A521017045F2D241C2F250
:1065400000010A784FF0240C531C0B7001784AF2BA
:10655000443381F0FF0EC0F6010313F80E10C27031
:1065600081F02401595CA0F801C0595C4BF2181C61
:106570005140C9B2595C40F22452C2F2000201718A
:1065800040F201311288C0F20211C0F6010CC0F8CD
:106590000510A0F8092002F580713CF81E20A0F833
:1065A0000B1082F0FF016FF0290600BF831993F8EA
:1065B0002B401FFA81FEC9B261403CF8111093F8DC
:1065C0002C40CDB285EA1E2565403CF8155093F865
:1065D0002D40EAB282EA112161403CF8111093F893
:1065E0002E20CCB284EA15256A403CF8122093F89C
:1065F0002F50D4B284EA112169403CF8111093F86D
:106600003050CCB284EA12226A403CF8122093F84F
:106610003150D4B284EA112169403CF8111093F84A
:106620003250CCB284EA12226A403CF8122093F82D
:106630003350D4B284EA112169403CF8111093F828
:106640003450CCB284EA12226A403CF8122093F80B
:106650003550D4B284EA112169403CF8111093F806
:106660003650CCB284EA12226A403CF8122093F8E9
:106670003750D4B284EA112169403CF8111093F8E4
:106680003830CDB285EA12225A403CF812200E363C
:1066900082EA11218AD1A0F82B1070BDB0B5A521D6
:1066A000017045F2D241C2F200010A784FF0510E5A
:1066B000531C0B700178C27081F0FF0C4AF2443118
:1066C000C0F6010111F80C30A0F801E083F051038D
:1066D000CB5C4BF2181ECB5CC0F6010E534040F26F
:1066E0002452DBB2C2F20002C95C12883EF81C30B0
:1066F000017140F20131A0F8092002F58072C0F268
:106700000311A0F80B2083F0FF036FF00202C0F822
:10671000051000BF81180C791FFA83FCDBB26340BF
:106720003EF813304C79DDB285EA1C2565403EF811
:1067300015508979ECB284EA132359403EF81110C0
:106740000332542A81EA1523E4D1A0F85830B0BDB1
:1067500070B5A521017045F2D241C2F200010A785C
:106760004FF06F0C531C0B7001784AF2443381F0E8
:10677000FF0EC0F6010313F80E10C27081F06F0116
:10678000595CA0F801C0595C4BF2181C5140C9B2C9
:10679000595C40F22452C2F20002017140F2013110
:1067A0001288C0F20411C0F6010CC0F80510A0F860
:1067B000092002F580713CF81E20A0F80B1082F031
:1067C000FF016FF0740600BF831993F876401FFA3B
:1067D00081FEC9B261403CF8111093F87740CDB208
:1067E00085EA1E2565403CF8155093F87840EAB2DA
:1067F00082EA112161403CF8111093F87920CCB263
:1068000084EA15256A403CF8122093F87A50D4B2F5
:1068100084EA112169403CF8111093F87B50CCB206
:1068200084EA12226A403CF8122093F87C50D4B2D9
:1068300084EA112169403CF8111093F87D50CCB2E4
:1068400084EA12226A403CF8122093F87E50D4B2B7
:1068500084EA112169403CF8111093F87F50CCB2C2
:1068600084EA12226A403CF8122093F88050D4B295
:1068700084EA112169403CF8111093F88150CCB2A0
:1068800084EA12226A403CF8122093F88230D5B292
:1068900085EA112159403CF811100D3681EA122188
:1068A00092D1A0F8761070BDF0B581B00746A52052
:1068B000387045F2D240C2F20000017833234A1CFE
:1068C00002703878F97080F0FF054AF24430C0F663
:1068D0000100425DA7F8013082F03302825C825CE5
:1068E0004A40D2B2805C40F22451C2F200013871B9
:1068F00040F201300988C0F21010C7F8050001F518
:106900008070A7F80B0007F11C00A7F80910E9F741
:10691000D5FD39696FF3DF5141EAC0514BF21810D0
:10692000C0F6010030F81520396182F0FF026FF0E7
:10693000020100BF7B181C7995B2D2B2624030F8D8
:1069400012205C79D6B286EA1526664030F81660C9
:106950009B79F5B285EA12225A4030F812200331B1
:10696000362982EA1622E5D17A8701B0F0BD00000F
:10697000F0B581B040F62800C2F20000D0F82E1029
:10698000D0F83D20022700F11E0567F3020167F3EE
:106990000202C0F82E10C0F83D202846FFF7CAFDBD
:1069A00045F2C414C2F20004204629462D22F0F715
:1069B000C7F92220FEF706FB40F67405C2F2000577
:1069C000286967F3020028612846FFF76DFF20461B
:1069D00029463C22F0F7B4F92220FEF7F3FAE86CDE
:1069E00005F13C0667F30200E8643046FFF75CFF00
:1069F000204631463C22F0F7A3F92220FEF7E2FAC6
:106A000040F6EC05C2F20005286967F30200286130
:106A10002846FFF749FF204629463C22F0F790F927
:106A20002220FEF7CFFAE86C05F13C0667F302007E
:106A3000E8643046FFF738FF204631463C22F0F745
:106A40007FF92220FEF7BEFA40F66415C2F2000577
:106A5000286967F3020028612846FFF725FF2046D2
:106A600029463C22F0F76CF92220FEF7ABFAE86CDD
:106A700005F13C0667F30200E8643046FFF714FFB7
:106A8000204631463C22F0F75BF9222001B0BDE8F8
:106A9000F040FEF797BA0000F0B581B040F6DC1583
:106AA000C2F200052869022767F302002861284620
:106AB000FFF7FAFE45F2C414C2F20004204629464C
:106AC0003C22F0F73DF92220FEF77CFAE86C05F154
:106AD0003C0667F30200E8643046FFF7E5FE204617
:106AE00031463C22F0F72CF92220FEF76BFA40F6F3
:106AF0005425C2F20005286967F302002861284680
:106B0000FFF7D2FE204629463C22F0F719F9222051
:106B1000FEF758FAE86C05F13C0667F30200E864FA
:106B20003046FFF7C1FE204631463C22F0F708F917
:106B30002220FEF747FA40F6F825C2F20005286940
:106B400067F3020028612846FFF7AEFE204629467B
:106B50003C22F0F7F5F82220FEF734FAE86C05F154
:106B60003C0667F30200E8643046FFF79DFE2046CE
:106B700031463C22F0F7E4F82220FEF723FA4BF2EC
:106B8000EE45C2F20005286967F302002861284635
:106B9000FFF78AFE204629463C22F0F7D1F8222052
:106BA00001B0BDE8F040FEF70DBA000070B54BF241
:106BB0002A54C2F200042069022666F30200206112
:106BC000E06CD4F81F1066F3020066F30201E06483
:106BD000D4F86A00D4F82E20D4F83D30C4F81F1041
:106BE000D4F85B1066F3020066F3020266F3020358
:106BF00066F30201C4F86A002046C4F82E20C4F8E7
:106C00003D30C4F85B10FFF7A3FD45F2C415C2F296
:106C10000005284621467822F0F792F82220FEF758
:106C2000D1F940F62804C2F20004206966F302009C
:106C300020612046FFF786FB284621461E22F0F7FA
:106C40007FF82220BDE87040FEF7BCB910B54BF2CA
:106C5000A254C2F2000420694FF0020C6CF302004F
:106C60002061E06CD4F81F10D4F82E20D4F83D3009
:106C70006CF302006CF302016CF302026CF302038A
:106C8000E0642046C4F81F10C4F82E20C4F83D303C
:106C9000FFF704FD45F2C410C2F2000021465A225B
:106CA000BDE81040F0F74CB810B54BF2FC54C2F2FE
:106CB000000420694FF0020C6CF302002061E06CCC
:106CC000D4F81F10D4F82E20D4F83D306CF3020015
:106CD0006CF302016CF302026CF30203E0642046E1
:106CE000C4F81F10C4F82E20C4F83D30FFF7D6FCBE
:106CF00045F2C410C2F2000021465A22BDE81040FD
:106D0000F0F71EB810B54BF25664C2F200042069C9
:106D1000D4F81F10022262F30200206162F3020124
:106D20002046C4F81F10FFF705FC45F2C410C2F25C
:106D3000000021462D22BDE81040F0F701B8000008
:106D4000D0E9013201699A60D1F804C082688445B3
:106D5000536008BF4A600022026108680138086079
:106D6000086870474BF61423C2F2000303604BF629
:106D70001400C2F20000086080201060704700001C
:106D80004BF6A863C2F2000303604BF6A820C2F2E0
:106D9000000008604FF48070106070474FF0FF31C2
:106DA000024642F8081F00214260C0E90322016048
:106DB00070470000002101617047000010B5D1F854
:106DC00000E01EF1010213D000F1080462681368AC
:106DD000734511D853681C68744511D85A681468F3
:106DE00074450FD854682368A4467345EED90BE068
:106DF0000269D2F804C007E09446224604E000BFCE
:106E00009C4601E094461A46C1F804C0CCF808102C
:106E10008A605160086101680131016010BD0000A5
:106E2000D0F800C0436808619A684B608A609A682D
:106E3000996051600CF1010101607047DFF80C00AE
:106E4000016841F4700101607047000088ED00E0C6
:106E50004FF0500080F31188BFF36F8FBFF34F8F57
:106E600040F22850C2F2000001684A1C026009B1D9
:106E7000704700BF4EF60450CEF2000000680006D6
:106E800008BF70474FF0500080F31188BFF36F8F39
:106E9000BFF34F8FFEE7000040F22850C2F200001F
:106EA000016839B10139016018BF7047002080F3D3
:106EB000118870474FF0500080F31188BFF36F8F37
:106EC000BFF34F8FFEE7000070B5002808BF70BD0C
:106ED00040F2A075C2F200050446287854F8041C5C
:106EE000002818BF4FF0004008420DD0A4F108065A
:106EF00032689AB14FF0500080F31188BFF36F8F62
:106F0000BFF34F8FFEE700BF4FF0500080F31188B2
:106F1000BFF36F8FBFF34F8FFEE700BF21EA000082
:106F200044F8040C00F094FA54F8041CA8680844CF
:106F3000A86005F1180000BF0368B3420AD21868C0
:106F4000B04225D20368B34204D218681A46B04250
:106F5000F2D301E0024618465368D418B44202D175
:106F60001944164651607318834206D16B689842E3
:106F700003D0D0E9000319447160B242306018BFF9
:106F80001660686901306861BDE8704001F038BC86
:106F90001A465368D418B442E5D1E1E74EF2100026
:106FA000CEF2000000210160816040F2C411C2F203
:106FB0000001096844F6D352C1F26202A1FB021239
:106FC0004FF0FF3101EB92114160072101607047E2
:106FD0004BF6682CC2F2000CDCF8002022B36346AA
:106FE00053F8082F42B3634653F8102F52B3634649
:106FF00053F8182F62B3634653F8202F72B36346D9
:1070000053F8282F82B3634653F8302F92B3634668
:1070100053F8382F002A18BF7047072219600CEB6D
:10702000C2014860704700BF0022634619600CEB44
:10703000C2014860704700BF012219600CEBC20119
:1070400048607047022219600CEBC201486070472B
:10705000032219600CEBC2014860704704221960DA
:107060000CEBC20148607047052219600CEBC201AD
:1070700048607047062219600CEBC20148607047F7
:1070800070B515460E460446FFF7E2FE94F844003C
:10709000FF2804BF002084F8440094F84500FF282E
:1070A00004BF002084F84500FFF7F6FEA06B28B16E
:1070B0002046BDE87040FEF799BB00BF04F12400F4
:1070C00031462A4600F000F92046BDE87040FEF740
:1070D0008DBB000070B5002843D040F2EC65C2F2D1
:1070E00000050446A86948B14FF0500080F31188AC
:1070F000BFF36F8FBFF34F8FFEE700BFA86900217A
:107100000130A861EE69286880F8521028680430C0
:10711000FFF716FE50B12868A419446013D3686ABB
:1071200029680431FFF74AFE16E000BF28680121F4
:10713000C06A6A6801FA00F022EA00006860286804
:10714000A4194460EBD2286A29680431FFF736FE9F
:10715000E86A844238BFEC6201F052FB002818BF95
:1071600070BD4EF60450CEF200004FF08051016029
:10717000BFF34F8FBFF36F8F70BD000070B588B144
:10718000D1B140F2EC64C2F20004A269F2B14FF056
:10719000500080F31188BFF36F8FBFF34F8F00BF94
:1071A000FEE700BF4FF0500080F31188BFF36F8FF0
:1071B000BFF34F8FFEE700BF4FF0500080F3118800
:1071C000BFF36F8FBFF34F8FFEE700BFA26901329D
:1071D000A261E26903689A42194403D2994203D337
:1071E0001AE000BF994201D3914215D90160E569C7
:1071F0002068002380F8523020688E1A0430FFF790
:107200009FFD58B12068AD19456014D3606A2168AC
:107210000431FFF7D3FD17E0016015E0206801217C
:10722000C06A626801FA00F022EA0000606020682B
:10723000AD194560EAD2206A21680431FFF7BEFD2E
:10724000E06A854238BFE56201F0DAFA002818BF2B
:1072500070BD4EF60450CEF200004FF08051016038
:10726000BFF34F8FBFF36F8F70BD000040F2EC6132
:10727000C2F200018A6B0260C96941607047000078
:1072800040F2EC60C2F2000001210163704700008F
:1072900010B578B10C4640F2EC61C2F20001096809
:1072A0001831FFF78BFD20460121BDE81040FDF7A6
:1072B00007BF00BF4FF0500080F31188BFF36F8FFE
:1072C000BFF34F8FFEE7000070B588B140F2EC6667
:1072D000C2F200060C46316815461831FFF7A0FDD2
:1072E00085B14FF0FF302946BDE87040FDF7E8BE9C
:1072F0004FF0500080F31188BFF36F8FBFF34F8FB3
:10730000FEE700BFF5693068002180F85210306850
:107310000430FFF715FD58B130686419446014D388
:10732000706A31680431BDE87040FFF747BD00BFA7
:1073300030680121C06A726801FA00F022EA000098
:107340007060306864194460EAD2306A3168043190
:10735000FFF734FDF06A844238BFF46270BD00006C
:1073600010B588B00020CDE9050006A805A904AA3B
:10737000FFF7F8FC059800283ED0069C002C45D06D
:107380005421049A07910799542949D107992063F8
:10739000022084F8510007A80021CDE9001045F231
:1073A0004520C0F6010028A100230294FDF78EFFBE
:1073B0002046FDF7C9FE079840F2EC64C2F20004D3
:1073C000A062B0B101F092FA411C33D0012810D173
:1073D0004FF0500080F31188BFF36F8FBFF34F8FD2
:1073E0004FF0FF30E062012060610020E06100F0BA
:1073F000F3FC08B010BD00BF4FF0500080F31188BF
:10740000BFF36F8FBFF34F8FFEE700BF4FF0500009
:1074100080F31188BFF36F8FBFF34F8FFEE700BF7C
:107420004FF0500080F31188BFF36F8FBFF34F8F81
:10743000FEE700BF4FF0500080F31188BFF36F8F5D
:10744000BFF34F8FFEE700BF49444C4500000000EA
:1074500040F2EC60C2F20000816901318161704745
:1074600040F2EC60C2F20000816900291EBF0121D8
:1074700001637047002101634168B1FA81F1C9B22B
:10748000C1F11F0145F2384201EB8101C2F2000255
:1074900052F8213063B102EB810252F8041F4968AF
:1074A000131D994211600DD0C9680160704700BF7B
:1074B0004FF0500080F31188BFF36F8FBFF34F8FF1
:1074C000FEE700BF49681160C968016070470000AD
:1074D000B0B586B00D460446EBF7A6FC4BF610019E
:1074E000C2F200010A68821AAA4220D340F2305543
:1074F00008600020C2F20005ADF81400CDE90300D9
:10750000CDE9010095F90000217800EB400201A8C7
:107510008154B4F801100244A2F8011000F036F8CA
:107520002878013841B2002948BF0520287006B0EC
:10753000B0BD000070B586B00D460446EBF774FC94
:1075400040F2DC76C2F20006F168411AA9421BD370
:10755000F0600020ADF81400CDE90300CDE9010092
:10756000B078217800EB400201A88154B4F80110F2
:107570000244A2F8011000F009F8B0780130C1B25D
:10758000052988BF0020B07006B070BD10B54178E5
:107590008C220C064BF28C64037890F802E058BF02
:1075A0004422C2F2000422804A064FF08C0258BFE7
:1075B000442262808A064FF08C0258BF4422A28087
:1075C000CA064FF08C0258BF4422E2800A074FF0EF
:1075D0008C0258BF442222814A074FF08C0258BFC8
:1075E000442262818A074FF08C0258BF4422C907A7
:1075F0004FF08C01A28108BF4421E18119064FF0B0
:107600008C0158BF4421218259064FF08C0158BF8C
:107610004421618299064FF08C0158BF4421A18218
:10762000D9064FF08C0158BF4421E18219074FF071
:107630008C0158BF4421218359074FF08C0158BF5A
:107640004421618399074FF08C0158BF4421A183E5
:10765000D9074FF08C0108BF4421E1835FEA0E6136
:107660004FF08C0158BF442121845FEA4E614FF0F6
:107670008C0158BF442161845FEA8E614FF08C0118
:1076800058BF4421A1845FEACE614FF08C0158BFFE
:107690004421E1845FEA0E714FF08C0158BF442110
:1076A00021855FEA4E714FF08C0158BF44216185FE
:1076B0005FEA8E714FF08C0158BF4421A1855FEACB
:1076C000CE714FF08C0108BF4421E1850179C37868
:1076D0000A064FF08C0290F805E058BF442222863B
:1076E0004A064FF08C0258BF442262868A064FF049
:1076F0008C0258BF4422A286CA064FF08C0258BFA3
:107700004422E2860A074FF08C0258BF44222287A7
:107710004A074FF08C0258BF442262878A074FF015
:107720008C0258BF4422C9074FF08C01A28708BFC2
:107730004421E18719064FF08C0158BF4421A4F879
:10774000401059064FF08C0158BF4421A4F8421054
:1077500099064FF08C0158BF4421A4F84410D90673
:107760004FF08C0158BF4421A4F8461019074FF080
:107770008C0158BF4421A4F8481059074FF08C01E0
:1077800058BF4421A4F84A1099074FF08C0158BF04
:107790004421A4F84C10D9074FF08C0108BF4421B4
:1077A000A4F84E105FEA0E614FF08C0158BF4421DF
:1077B000A4F850105FEA4E614FF08C0158BF44218D
:1077C000A4F852105FEA8E614FF08C0158BF44213B
:1077D000A4F854105FEACE614FF08C0158BF4421E9
:1077E000A4F856105FEA0E714FF08C0158BF442187
:1077F000A4F858105FEA4E714FF08C0158BF442135
:10780000A4F85A105FEA8E714FF08C0158BF4421E2
:10781000A4F85C105FEACE714FF08C0108BF4421E0
:10782000A4F85E10C17983790A064FF08C0290F8B3
:1078300008E058BF4422A4F860204A064FF08C02AA
:1078400058BF4422A4F862208A064FF08C0258BF29
:107850004422A4F86420CA064FF08C0258BF442288
:10786000A4F866200A074FF08C0258BF4422A4F8FF
:1078700068204A074FF08C0258BF4422A4F86A20BF
:107880008A074FF08C0258BF4422C9074FF08C0181
:10789000A4F86C2008BF4421A4F86E1019064FF01C
:1078A0008C0158BF4421A4F8701059064FF08C0188
:1078B00058BF4421A4F8721099064FF08C0158BFAC
:1078C0004421A4F87410D9064FF08C0158BF44210C
:1078D000A4F8761019074FF08C0158BF4421A4F882
:1078E000781059074FF08C0158BF4421A4F87A1042
:1078F00099074FF08C0158BF4421A4F87C10D90798
:107900004FF08C0108BF4421A4F87E105FEA0E619D
:107910004FF08C0158BF4421A4F880105FEA4E61FB
:107920004FF08C0158BF4421A4F882105FEA8E61A9
:107930004FF08C0158BF4421A4F884105FEACE6157
:107940004FF08C0158BF4421A4F886105FEA0E71F5
:107950004FF08C0158BF4421A4F888105FEA4E71A3
:107960004FF08C0158BF4421A4F88A105FEA8E7151
:107970004FF08C0158BF4421A4F88C105FEACE71FF
:107980004FF08C0108BF4421A4F88E10817A437A0D
:107990000A064FF08C0290F80BE058BF4422A4F87E
:1079A00090204A064FF08C0258BF4422A4F892203F
:1079B0008A064FF08C0258BF4422A4F89420CA06CD
:1079C0004FF08C0258BF4422A4F896200A074FF0CB
:1079D0008C0258BF4422A4F898204A074FF08C022A
:1079E00058BF4422A4F89A208A074FF08C0258BF4F
:1079F0004422C9074FF08C01A4F89C2008BF442101
:107A0000A4F89E1019064FF08C0158BF4421A4F829
:107A1000A01059064FF08C0158BF4421A4F8A210C1
:107A200099064FF08C0158BF4421A4F8A410D90640
:107A30004FF08C0158BF4421A4F8A61019074FF04D
:107A40008C0158BF4421A4F8A81059074FF08C01AD
:107A500058BF4421A4F8AA1099074FF08C0158BFD1
:107A60004421A4F8AC10D9074FF08C0108BF442181
:107A7000A4F8AE105FEA0E614FF08C0158BF4421AC
:107A8000A4F8B0105FEA4E614FF08C0158BF44215A
:107A9000A4F8B2105FEA8E614FF08C0158BF442108
:107AA000A4F8B4105FEACE614FF08C0158BF4421B6
:107AB000A4F8B6105FEA0E714FF08C0158BF442154
:107AC000A4F8B8105FEA4E714FF08C0158BF442102
:107AD000A4F8BA105FEA8E714FF08C0158BF4421B0
:107AE000A4F8BC105FEACE714FF08C0108BF4421AE
:107AF000A4F8BE10417B037B0A064FF08C0290F87D
:107B00000EE058BF4422A4F8C0204A064FF08C0271
:107B100058BF4422A4F8C2208A064FF08C0258BFF6
:107B20004422A4F8C420CA064FF08C0258BF442255
:107B3000A4F8C6200A074FF08C0258BF4422A4F8CC
:107B4000C8204A074FF08C0258BF4422A4F8CA202C
:107B50008A074FF08C0258BF4422C9074FF08C01AE
:107B6000A4F8CC2008BF4421A4F8CE1019064FF089
:107B70008C0158BF4421A4F8D01059064FF08C0155
:107B800058BF4421A4F8D21099064FF08C0158BF79
:107B90004421A4F8D410D9064FF08C0158BF4421D9
:107BA000A4F8D61019074FF08C0158BF4421A4F84F
:107BB000D81059074FF08C0158BF4421A4F8DA10AF
:107BC00099074FF08C0158BF4421A4F8DC10D90765
:107BD0004FF08C0108BF4421A4F8DE105FEA0E616B
:107BE0004FF08C0158BF4421A4F8E0105FEA4E61C9
:107BF0004FF08C0158BF4421A4F8E2105FEA8E6177
:107C00004FF08C0158BF4421A4F8E4105FEACE6124
:107C10004FF08C0158BF4421A4F8E6105FEA0E71C2
:107C20004FF08C0158BF4421A4F8E8105FEA4E7170
:107C30004FF08C0158BF4421A4F8EA105FEA8E711E
:107C40004FF08C0158BF4421A4F8EC105FEACE71CC
:107C50004FF08C0108BF4421A4F8EE10017CC27BD8
:107C60000B064FF08C03407C58BF4423A4F8F0303F
:107C70004B064FF08C0358BF4423A4F8F2308B0618
:107C80004FF08C0358BF4423A4F8F430CB064FF0D8
:107C90008C0358BF4423A4F8F6300B074FF08C0335
:107CA00058BF4423A4F8F8304B074FF08C0358BF5B
:107CB0004423A4F8FA308B074FF08C0358BF4423B9
:107CC000C9074FF08C01A4F8FC3008BF4421A4F888
:107CD000FE1011064FF08C0158BF4421A4F800118A
:107CE00051064FF08C0158BF4421A4F802119106AF
:107CF0004FF08C0158BF4421A4F80411D1064FF075
:107D00008C0158BF4421A4F8061111074FF08C01D3
:107D100058BF4421A4F8081151074FF08C0158BFF7
:107D20004421A4F80A1191074FF08C0158BF442157
:107D3000A4F80C11D1074FF08C0108BF4421A4F81E
:107D40000E1101064FF08C0158BF4421A4F8101108
:107D500041064FF08C0158BF4421A4F8121181064E
:107D60004FF08C0158BF4421A4F81411C1064FF004
:107D70008C0158BF4421A4F8161101074FF08C0163
:107D800058BF4421A4F8181141074FF08C0158BF87
:107D90004421A4F81A1181074FF08C0158BF4421E7
:107DA000C0074FF08C0CA4F81C1104F590704FF034
:107DB000640108BF4FF0440CA4F81EC1E8F73EFC74
:107DC00045F2EC00C2F2000000212246C223BDE8C9
:107DD0001040EDF7B9BE0000B0B584B04EF2004CD3
:107DE000CEF2000C4CF27021C4F20F11DCF8002925
:107DF0004B1C9A420AD14FF0500080F31188BFF318
:107E00006F8FBFF34F8F00BFFEE700BFDCF8002984
:107E10008A4209D14FF0500080F31188BFF36F8F71
:107E2000BFF34F8FFEE700BF9CF800100291FF21C7
:107E30008CF800109CF800108DF807109DF80710C2
:107E400001F0500240F2C071C2F200010A70072234
:107E50004A609DF90720B2F1FF3F69DC032200BFB1
:107E6000D31C4B609DF8070040008DF807009DF97A
:107E70000700B0F1FF3F23DC931C4B609DF8070027
:107E800040008DF807009DF90700B0F1FF3F17DCB7
:107E9000531C4B609DF8070040008DF807009DF9CA
:107EA0000700B0F1FF3F0BDC4A609DF80700043A81
:107EB00040008DF807009DF907000028D0D4131D5D
:107EC000032B35D14FF44070486002988CF80000C5
:107ED000DCF8200940F47000CCF82009DCF8200917
:107EE00040F07040CCF82009FFF758F840F22854D1
:107EF000C2F2000400252560FEF7A0FF4EF63470A4
:107F0000CEF20000016841F040410160FDF774FAD3
:107F1000FFF7A6FA039520684FF0500181F311880E
:107F2000BFF36F8FBFF34F8F013011D0FEE700BF5B
:107F30004FF0500080F31188BFF36F8FBFF34F8F66
:107F4000FEE700BF039830B9039820B9039810B931
:107F500003980028F6D0002004B0B0BD10B582B060
:107F600070B11C46B3B1F9B9F2B14FF0500080F3D3
:107F70001188BFF36F8FBFF34F8F00BFFEE700BFC5
:107F80004FF0500080F31188BFF36F8FBFF34F8F16
:107F9000FEE700BF4FF0500080F31188BFF36F8FF2
:107FA000BFF34F8FFEE700BF51B14AB94FF0500009
:107FB00080F31188BFF36F8FBFF34F8FFEE700BFD1
:107FC00048230193019B482B2AD1019B01230029BF
:107FD00084F8463014BF22602460C4E90F01FEF724
:107FE00037FF2068D4E90F12002302FB010C01398E
:107FF00001FB0201A363C4E9010CFF20E16084F8E6
:10800000440084F8450004F11000FEF7C7FE04F1B7
:108010002400FEF7C3FEFEF73FFF204602B010BD6E
:108020004FF0500080F31188BFF36F8FBFF34F8F75
:10803000FEE700002DE9F04F83B00292C0B11D466B
:1080400017460E460446E9B1022D03D1E06B012824
:1080500040F0888000F0A4FA10BB0FB34FF050003E
:1080600080F31188BFF36F8FBFF34F8FFEE700BF20
:108070004FF0500080F31188BFF36F8FBFF34F8F25
:10808000FEE700BF206C0028DED04FF0500080F3E8
:108090001188BFF36F8FBFF34F8F00BFFEE700BFA4
:1080A000FEF7D6FEA06B022D66D0E16B884263D34B
:1080B00004F1100801206F460DF108090DE000BF22
:1080C0002046FDF793FB00F09BFBFEF7C1FEA06B83
:1080D000E16B88424FF000004ED30299002973D023
:1080E000C00702D03846FFF7C1F8FEF7D5FEFFF70C
:1080F000AFF9FEF7ADFE94F84400FF2804BF00205E
:1081000084F8440094F84500FF2804BF002084F858
:108110004500FEF7C1FE3846494600F077F90028D1
:1081200058D1FEF795FED4F838A0D4F83CB0FEF74D
:10813000B3FEDA45C4D102994046FFF7A9F82046BC
:10814000FDF754FB00F05CFB0028BED14EF6045056
:10815000CEF200004FF080510160BFF34F8FBFF3AC
:108160006F8FB2E74FF0500080F31188BFF36F8F2D
:10817000BFF34F8FFEE700BFA76B226CD2B19DB358
:10818000E0683146E8F7B9F9E168206C2268091A1D
:108190009142E16003D2A16840420844E060A81E19
:1081A000B0FA80F040093946002F18BF012108407D
:1081B0003F1A26E02068002520BBA06800F08AFA5C
:1081C000A56005461EE000BFFEF766FE002003B076
:1081D000BDE8F08F2046FDF709FB00F011FB002001
:1081E00003B0BDE8F08F00BF60683146E8F785F95D
:1081F000216CD4E9010208449042606001D32068F8
:1082000060600025781CA06354F8240FA0B12046BC
:1082100000F0BCFA50B14EF60450CEF200004FF020
:1082200080510160BFF34F8FBFF36F8FFEF734FEB5
:10823000012003B0BDE8F08F002DF7D04EF60450BA
:10824000CEF200004FF080510160BFF34F8FBFF3BB
:108250006F8FFEF721FE012003B0BDE8F08F000014
:108260002DE9F04F83B0029290B116460D460446B8
:10827000002949D000F094F9A0B99EB14FF0500008
:1082800080F31188BFF36F8FBFF34F8FFEE700BFFE
:108290004FF0500080F31188BFF36F8FBFF34F8F03
:1082A000FEE700BFFEF7D4FDD4F838A0BAF1000F06
:1082B00038D0226C52B1D4E902308118E160994281
:1082C00024BF2168E1602846E8F717F9AAF1010008
:1082D000A06354F8100F80B1204600F057FA002830
:1082E00000F086804EF60450CEF200004FF0805130
:1082F0000160BFF34F8FBFF36F8F0126FEF7CCFDF8
:10830000304603B0BDE8F08F206C0028B2D04FF0AB
:10831000500080F31188BFF36F8FBFF34F8F00BF02
:10832000FEE700BF002E4FF0000662D0EB46584635
:1083300004F12408FEF79AFF0DF10809FEF7ACFDE1
:10834000FFF786F8FEF784FD94F84400FF2808BF85
:1083500084F8446094F84500FF2808BF84F845601D
:10836000FEF79AFD5846494600F050F860B12046A5
:10837000FDF73CFA00F044FAFEF76AFDA76BFEF742
:108380008BFD1FBB3CE000BFFEF762FDA76BFEF755
:1083900083FD2FB12046FDF729FA00F031FA15E0F0
:1083A00002994046FEF774FF2046FDF71FFA00F0E1
:1083B00027FA58B94EF60450CEF200004FF0805123
:1083C0000160BFF34F8FBFF36F8F00BFFEF740FD1B
:1083D000D4F838A0BAF1000F7FF46BAF02980028F0
:1083E000ACD10026FEF758FD304603B0BDE8F08F53
:1083F0000126FEF751FD304603B0BDE8F08F00BF07
:108400000026304603B0BDE8F08F0000B0B5B8B12B
:108410000D46F9B10446FEF71BFD40F2EC60C2F2D6
:108420000000C1696268036893F85230E3B10068E4
:10843000002180F852100124FEF72EFD2046B0BD29
:108440004FF0500080F31188BFF36F8FBFF34F8F51
:10845000FEE700BF4FF0500080F31188BFF36F8F2D
:10846000BFF34F8FFEE700BFD5F800C01CF101033A
:108470000CD0D0F838E023689E450DD091420BD344
:108480000124FEF709FD2046B0BD00BF0024FEF721
:1084900003FD2046B0BD00BF891A8C450CD9ACEB5A
:1084A00001012960816B2160C06960600024FEF7D2
:1084B000F3FC2046B0BD00BF002001242860FEF779
:1084C000EBFC2046B0BD00002DE9F04383B0074629
:1084D0009000984615468946FDF7C2F9F8B1064660
:1084E0005420FDF7BDF9B8B10446DDE90A100022B9
:1084F000266384F85120CDE90010384649462A46C3
:1085000043460294FCF7E2FE2046FCF71DFE0120E4
:1085100003B0BDE8F08300BF3046FEF7D5FC4FF056
:10852000FF3003B0BDE8F08370B586B00B9CCCB1D2
:108530000C9E0EB354250495049D542D26D1049D04
:10854000DDF828C0022586F8515005AD3463CDE929
:1085500000C50296FCF7BAFE3046FCF7F5FD05981B
:1085600006B070BD4FF0500080F31188BFF36F8FDD
:10857000BFF34F8FFEE700BF4FF0500080F311882C
:10858000BFF36F8FBFF34F8FFEE700BF4FF0500078
:1085900080F31188BFF36F8FBFF34F8FFEE70000AA
:1085A00040F2EC60C2F20000416900290FBF0120D7
:1085B0008069B0FA80F0400918BF400070470000A1
:1085C00040F2EC60C2F20000C06970472DE9F0474C
:1085D00040F2EC66C2F20006B06928B1706B01305F
:1085E00070630020BDE8F087F06910F1010AC6F859
:1085F0001CA020D3306A006850B14FF0500080F3C7
:108600001188BFF36F8FBFF34F8F00BFFEE700BF2E
:10861000306A716A31627062B06B0130B063306A87
:10862000006828B1306AC068C068406802E000BFD6
:108630004FF0FF30F062F06A45F238488245C2F2EE
:10864000000801D2002434E0306A0024006868B3D6
:108650004FF0010916E000BFF86A716809FA00F2EC
:10866000114300EB8000716008EB80002946FEF7A3
:10867000D7FBF86A3168C96A326A8842106828BF35
:108680004C4698B1306AC068C7683D4655F8040F3B
:1086900082450DD32846FEF753FBB86A0028DBD08D
:1086A00007F11800FEF74CFBD6E700BF4FF0FF3094
:1086B000F0623068C06A00EB800058F820000128A2
:1086C00088BF0124306B002818BF01242046BDE874
:1086D000F0870000F0B581B090B140F2EC67C2F2D3
:1086E000000704463868A0420ED04FF0500080F3D7
:1086F0001188BFF36F8FBFF34F8F00BFFEE700BF3E
:108700000026304601B0F0BDA06CA8B3E16A626CEF
:10871000013891424FF00006A064F2D00028F0D159
:10872000251D2846FEF70CFB002845F23840C2F212
:1087300000000CD1E16A01EB810250F8222032B92D
:1087400001227B6802FA01F123EA01017960616C80
:108750000126C1F10702E162A2617A6806FA01F31B
:1087600001EB81011A4300EB810029467A60FEF794
:1087700057FB304601B0F0BD4FF0500080F3118838
:10878000BFF36F8FBFF34F8FFEE7000070B5C06877
:10879000C5686DB105F118042046FEF7D1FA40F224
:1087A000EC66C2F20006B06960B106F164001BE03D
:1087B0004FF0500080F31188BFF36F8FBFF34F8FDE
:1087C000FEE700BF2C1D2046FEF7BAFAE86A012139
:1087D000726881401143716045F2384100EB8000BE
:1087E000C2F2000101EB80002146FEF719FBE86AA6
:1087F0003168C96A884292BF00200120306370BD91
:108800002DE9F04140F2EC65C2F20005A86968B1BB
:10881000FEF71EFBA8690138A861A86980B1002491
:10882000FEF73AFB2046BDE8F08100BF4FF0500054
:1088300080F31188BFF36F8FBFF34F8FFEE700BF48
:1088400028690028EBD0686E78B345F238480126D5
:10885000C2F20008286FC76807F11800FEF770FA27
:108860003C1D2046FEF76CFAF86A696806FA00F2C9
:10887000114300EB8000696008EB80002146FEF7A1
:10888000CFFAF86A2968C96A884228BF2E63686EE1
:108890000028DFD1286A006820B1286AC068C06853
:1088A000406801E04FF0FF30E8626C6B4CB101268C
:1088B000FFF78CFE002818BF2E63013CF8D1002082
:1088C0006863286B0028AAD04EF60450CEF2000050
:1088D0004FF080510160BFF34F8F0124BFF36F8FC2
:1088E000FEF7DAFA2046BDE8F081000070B586B0E8
:1088F000FEF7AEFA40F26476C2F20006306808BBBA
:1089000006F114042046FEF749FA06F12805284628
:10891000FEF744FA45F24E3245F2F033C6E902451D
:108920000025C2F20002C2F200030A2010210095C5
:10893000FFF714FB306028B14BF2DF01C0F60101F4
:10894000FEF746FBFEF7A8FA3068D8B10020CDE963
:10895000040005A804A903AAFEF712FADDE9032022
:108960000221059DCDE9001045F26140C0F60100ED
:1089700009A100230295FFF7D7FD706010B1012017
:1089800006B070BD4FF0500080F31188BFF36F8FB9
:10899000BFF34F8FFEE700BF546D72205376630024
:1089A00003B401984100009850EAC12018BF042088
:1089B0004A0D18BF40F0010040F2FF72B2EB515F68
:1089C00008BF40F00200012808BF052002B0704730
:1089D0004100080218BF04200A0E18BF40F0010031
:1089E0004FF07F4232EA010108BF40F00200012847
:1089F00008BF05207047000010B54FF00E402DED68
:108A0000028BB0EE408A18EE104A00EB4400B0F141
:108A1000506F4AD84FF0FC40B0EB440F22D2B0EE7A
:108A2000C80AF7EE000A30EEC00AF6EE000A60EE61
:108A3000208A18EE900A00F02FFD01EE100A14F0C3
:108A4000004F1DBFDFED2D0A9FED2D0AB1EE411A3B
:108A5000DFED2C0A08BF9FED2C0AF8EE001A21EE7C
:108A6000218A05E0DFED290A68EE088AB0EE600A87
:108A70009FED271ADFED271A30EE080A48EE811A1B
:108A80009FED251A08EEA11ADFED241A48EE811A8F
:108A90009FED231A08EEA11A68EE281ABDEC028B8E
:108AA00001EE810A30EE200A10BD4FF0E440B0EB39
:108AB000440F0CD918EE100AFFF78AFF042808BFEC
:108AC00000F0D6FCB0EE480ABDEC028B10BD4FF0B2
:108AD0007F40B0EB440F07D2B0EE480ABDEC028BEA
:108AE000BDE8104000F0B8BC0120E7F7D6FDBDECB2
:108AF000028BBDE8104000F0B3BC00000000C9BF0D
:108B000022AAFDB90000C93F22AAFD3900000000D9
:108B100024FE1C3DC78AD83C1E67383D1B93993DF7
:108B2000AFAA2A3E0000000010B52F499FED2C1B74
:108B30002DED020B84B0059820F000408842D8BF8C
:108B40009DED040B2DDD2949884209D1049840B9D7
:108B50004FF00100E7F7A1FD00F05EFC06B010BD8C
:108B600005DB9DED040B00F04BFC06B010BD684624
:108B70009DED040B00F05CF810F0030004BF9DEDC8
:108B8000021B9DED000B0CD001280ED09DED021BA9
:108B90009DED000B022817D0012000F099FB06B0D4
:108BA00010BD00F061FA06B010BD9DED021B9DEDF9
:108BB000000B012000F08CFB51EC100B00F08BFC43
:108BC00006B041EC100B10BD00F04EFA51EC100B4A
:108BD00000F081FC06B041EC100B10BD000000005D
:108BE0000000000000000000FB21E93F0000F07FD2
:108BF00010B52DED028BB1EEC08A18EE100A20F0F0
:108C00000040C0F1FF40C00F0AD010EE100A20F063
:108C10000040C0F1FF40C00F04BF0120E7F73DFD59
:108C2000B0EE480ABDEC028B10BD00000000000051
:108C30002DE9F14F04462DED020B2DED088B8AB086
:108C40009FEDE70B80ED020B139EE74826F00045F1
:108C500085420ADC9DED120B002084ED000B0AB06A
:108C6000BDEC088B03B0BDE8F08FE0489FEDE0ABB2
:108C70009FEDE1BBA84247DDE14F9FEDE39B9FEDF8
:108C8000E48B9DED120B53EC1A2B51EC100B002EC4
:108C90001CDD01F015F841EC100BBD4208D053EC7F
:108CA0001B2B51EC100B01F00BF8C4E900010BE099
:108CB00053EC192B51EC100B01F002F853EC182B6C
:108CC00000F0FEFFC4E900010120C8E700F042FC0B
:108CD00041EC100BBD4208D053EC1B2B51EC100B98
:108CE00000F038FCC4E900010BE053EC192B51EC07
:108CF000100B00F02FFC53EC182B00F02BFCC4E9F8
:108D000000014FF0FF30AAE7C348A84279DB9DED90
:108D1000120B51EC100B00F0B3FB41EC180B9FED64
:108D2000C00B53EC102B00F0C1FE9FEDBF1B53ECAA
:108D3000112B00F00FFC00F00FFE074600F03BFE89
:108D400041EC190B53EC1A2B00F0B0FE53EC182B2E
:108D500000F0AAFF41EC180B53EC1B2B51EC190B44
:108D600000F0A4FEDFF8C8A241EC100B4FEA155842
:108D70000125FA4453EC102B51EC180B00F0A0FF26
:108D8000032DC4E900013DD0C1F30A5005EB4511A4
:108D9000A8EB00001139814234DA0AEB051BB0EE72
:108DA00048AA9BED000BF0EE68AA53EC102B51EC97
:108DB000190B00F07BFE41EC1B0B51EC1A0B53EC32
:108DC0001B2B00F07DFF41EC180B51EC1A0B53EC00
:108DD000182B00F075FF53EC1B2B00F071FF9BED7F
:108DE000020B41EC1A0B53EC102B51EC190B00F059
:108DF0005DFE53EC1A2B00F063FF41EC100B6D1C71
:108E0000B8E70EE0002EA8BF3846BFF628AF94EDB5
:108E1000000B51EC100B00F05EFBC4E9000178423E
:108E20001DE7C6F3130040F4801EC6F30A50A0F2FB
:108E3000F530471100F01F05C5F12000DDF848B0FE
:108E400008900020069007900520EC467949002DF7
:108E500007EB0002794408BF51F8221009D051F8FD
:108E6000223001EB8201AB404A68089922FA01F1F5
:108E70001943A1FB0E26A1FB0B131A449A4234BFDF
:108E80000123002303EB06080CEB8003D3E901A6C2
:108E90000E448E4234BF0121002192448A4411B114
:108EA000924502D903E0924501D2012100E0002160
:108EB000C3E901A641444CF82010011EA0F10100B5
:108EC000C4DC029800F10050850F0298DDE90367C9
:108ED0008000DDF8148000F06EFD41EC1A0B304686
:108EE00000F0D1FD9FED541B53EC112B00F0DEFD83
:108EF00041EC1B0B384600F0C6FD9FED511B53ECB7
:108F0000112B00F0D3FD41EC180B404600F0BBFDE7
:108F10009FED4D1B53EC112B00F0C8FD41EC190BDC
:108F200051EC180B53EC192B00F014FB53EC1B2BDA
:108F300000F010FB53EC1A2B00F00CFBCDE90801FC
:108F4000002008909DED080B53EC1A2B51EC100BF0
:108F500000F0B6FE53EC1B2B00F0B2FE53EC182BC6
:108F600000F0AEFE53EC192B00F09EFE9FED381B77
:108F700053EC112B00F09AFD9FED370B41EC180BD1
:108F800053EC102B9DED080B51EC100B00F08EFDF7
:108F900053EC182B00F0DEFA9FED310B41EC180B6F
:108FA00053EC102B9DED080B51EC100B00F07EFDE7
:108FB00053EC182B00F0CEFA41EC100B139810F084
:108FC000004F06D06D4251EC100B00F084FA41ECDA
:108FD000100B284684ED000B41E600000000000065
:108FE0000000000000000000FB21E93F7CD90240A6
:108FF00000004054FB21F93F3163621A61B4D03D57
:10900000FB21F93F000000000000601A61B4D03D70
:109010007370032E8A19A33BFB2139410000000025
:1090200083C8C96D305FE43F000000000000E03FEE
:10903000AA130000F8120000000000000000103E1B
:10904000000000000000103C000000000000103A8A
:10905000182D4454FB21F93D3326A611460B113C33
:1090600000000054FB21F93D10B52DED040B2DED52
:10907000088B82B0B0EE419AF0EE619A0B9820F026
:1090800000449FED4BABB4F1795F11DA9DED0A0B13
:1090900051EC100B00F060FC002801BFB0EE4A0A52
:1090A000F0EE6A0A02B0BDEC088B04BF04B010BD3C
:1090B0009DED0A0B53EC102B51EC100B00F0F6FC5D
:1090C00041EC180B3C480621B0EE480AF0EE680A65
:1090D000784400F081F853EC182B51EC100B00F0A1
:1090E000E5FC9DED0A0B41EC1B0B53EC192B51ECED
:1090F000100B00F0DBFC41EC190B53EC1B2B51EC7B
:10910000180B00F0D3FC53EC192B00F0D9FD9FEDA8
:109110002C0B41EC190B53EC102B51EC180B00F0FD
:10912000C5FC41EC100B2848844210DA53EC192B93
:1091300051EC100B00F0C4FD53EC1A2B00F0B4FD01
:1091400041EC100B02B0BDEC088B04B010BD1F4801
:10915000A042BCBF9FED1E1B8DED001B06DBA4F5DE
:1091600000100190002000909DED001B51EC100BB1
:1091700053EC112B00F0A4FD9DED000B41EC180BFE
:1091800053EC102B51EC1A0B00F09AFD41EC1A0B2A
:1091900053EC192B51EC180B00F092FD53EC1A2BE9
:1091A00000F082FD41EC100BCCE700000000000055
:1091B000000000000000F03F1C1000000000000054
:1091C000000000000000E03F3333D33F0000E93FE0
:1091D000000000000000D23F70B504462DED028B68
:1091E0004D1E00EBC500B0EE408AF0EE608A90EDB7
:1091F000000B35F0060017D053EC182B51EC100B78
:1092000000F054FC41EC100B6D1E04EBC50090ED1A
:10921000001B51EC100B53EC112B00F09BF941ECAF
:10922000100B35F00600E7D1022D36D0042D1CD0EE
:10923000062D1CBFBDEC028B70BD53EC182B51ECFE
:10924000100B00F033FC94ED0A1B53EC112B00F0D3
:1092500081F953EC182B00F029FC94ED081B53EC1A
:10926000112B00F077F941EC100B53EC182B51EC5B
:10927000100B00F01BFC94ED061B53EC112B00F0BF
:1092800069F953EC182B00F011FC94ED040B53EC2E
:10929000102B00F05FF941EC100B53EC182B51EC44
:1092A000100B00F003FC94ED021B53EC112B00F0AB
:1092B00051F953EC182B00F0F9FB94ED001B53EC23
:1092C000112B00F047F9BDEC028B41EC100B70BD87
:1092D00031B504462DED040B2DED0A8BB0EE41BAED
:1092E000F0EE61BA0B989DED0A0B20F00040B0F152
:1092F000795F0DDA51EC100BFFF752FB042808BF21
:1093000000F09AF89DED0A0BBDEC0A8B05B030BD5C
:1093100053EC102B51EC100B00F0C8FB41EC180B78
:109320009DED0A0B53EC182B51EC100B00F0BEFB1B
:1093300041EC190B2C48B0EE480AF0EE680A052102
:109340007844FFF749FF9FED2ACBB0EE40AAF0EE3C
:1093500060AA9CB353EC1C2B51EC190B00F0A6FB3C
:1093600041EC1C0B53EC1A2B51EC190B00F09EFB3B
:109370009FED210B41EC190B53EC102B51EC1B0B07
:1093800000F094FB53EC192B00F09AFC53EC182BD3
:1093900000F08CFB53EC1B2B00F092FC53EC1C2BCD
:1093A00000F08EFC9DED0A1B53EC112B00F07CFCB1
:1093B000BDEC0A8B05B041EC100B30BDFFE753EC60
:1093C0001A2B51EC180B00F071FB53EC1C2B00F026
:1093D000C1F853EC192B00F069FB9DED0A1B53EC0F
:1093E000112B00F0B7F8E3E7AC0E0000000000001E
:1093F000495555555555C5BF000000000000E03FD8
:1094000010B553EC102B51EC100B00F0A3F841EC0D
:10941000100B10BD000000009FED050B10B553ECC4
:10942000102B51EC100B00F03DF941EC100B10BD6E
:1094300000000000000000009FED050B10B553EC8C
:10944000102B51EC100B00F031FB41EC100B10BD58
:10945000000000000000001030EE000A704700001D
:10946000DFED020A80EEA00A704700000000000055
:109470009FED020A20EE000A704700000000001075
:1094800082B0CDE9000121F0004001909DED000B7C
:1094900002B051EC100B704710B500EE100A2DED24
:1094A000028BB1EEC08A18EE100A20F00040C0F125
:1094B000FF40C00F0AD010EE100A20F00040C0F1AB
:1094C000FF40C00F04BF0120E7F7E7F818EE100ACD
:1094D000BDEC028B10BD81F00041704780F0004070
:1094E000704721F00041704720F0004070470000B5
:1094F00021F0004201F00043A2F16052B2F5801F5A
:1095000028BFD2F17F6C0BD95FEA001C43EAC2028C
:1095100042EB507018BF704728BF20F00100704721
:10952000B2F5801FBCBF184670474FEA410C1CF5CE
:10953000001F02D2084600F05FBD70B500F060FB6E
:1095400000000089FFF7F6BF4FF00040A0F5800053
:109550007047000010B591EA030F48BF83F0004345
:1095600000F1B683841A71EB030C05D2121943EB98
:109570000C03001B61EB0C014FEA1154A4EB135CCC
:10958000DFF81CE11EEA430F18BF9EEA445F00F0BB
:10959000748021EA045123EA0E0343F48013DCF1C2
:1095A000200E32D322FA0CFE10EB0E0023FA0CFE32
:1095B00041EB0E01CCF1200E03FA0EFE10EB0E0073
:1095C000CCF1200E51F10001B1F5801F32D201EB38
:1095D000045112FA0EF2BDE8104058BF7047401C0B
:1095E00038BF5FEA420218BF7047002814BF20F05E
:1095F000010041F100014FEA410313F5001F38BF9C
:109600007047A1F1C04100F049BB012A43EB0302BE
:10961000ACF1200CDCF11F0E32BF4FF0000E23FA2C
:109620000CF310EB030041EB0451B4EB115FD0D00D
:10963000A1EB045101F58011490801EB04515FEAE7
:1096400030000ED350F1000038BF12FA0EFE08D1E0
:10965000BDE81040C9E7401C38BF5FEA4202CAD1EA
:10966000C3E7BDE810404FEA410313F5001F38BFC0
:109670007047A1F1C04100F011BB9EEA445F08D0E1
:1096800011EA5E0FBDE8104004BF01F00041002068
:109690007047BDE8104070B500F0B2FA64FBBE3E02
:1096A0000000E0FF2DE9C04130B4DFF8A4C23CEA7D
:1096B000111418BF3CEA131400F0ED801CEA1114D9
:1096C00081EA030544EAD57418BF1CEA131500F0BB
:1096D000C880A4EB050404F17F7404F500344FF056
:1096E000004545EAC12145EAC32341EA505143EA16
:1096F00052534FEAC0204FEAC222994208BF90421B
:1097000000F09D804FEA13650FF24416765D4FEA34
:10971000134506FB05F7C7F1807706FB07F74FEA0D
:10972000D737A7FB03687642A7FB06CEC8F580387B
:1097300038BFA8F1010807FB08E6A6FB028C4FF032
:10974000000EE6FB03CEDCF1000CCEF1004E38BF7C
:10975000AEF1010EA6FB0C584FF00007E6FB0E879A
:10976000A1FB08C6A0FB07CE16EB0E064FF00005C6
:1097700045F10005E1FB076515F1E04E7EBFA4F55C
:1097800080345FEA46066D4116F1800745F1000519
:109790004FEA172747EA05674FEA15254FEA06669D
:1097A000A6F1DE46B6F1805F20D9384605EBC471DC
:1097B00024F0010C01EB0C11BCF1FE6F02D8F0BCDF
:1097C000BDE8008124425CBF01F5801E9EEAC47F93
:1097D00002D4F0BCBDE80081244200F13980A1F13F
:1097E000C041F0BCBDE8004100F058BA4FEAD020BB
:1097F00040EA41504FEAD1214FEAD22242EA435295
:109800004FEAD323A7FB028607FB036605FB02662C
:109810001EEA0E0F58BFA6EB0056B6EB00564FEAF5
:10982000520E4EEAC37E18EB0E0E56EB530EBCD50D
:1098300018EB02085E417F1C55F10005B5E74FF4B7
:1098400080154FF000074FF000064FF00008ACE71E
:1098500001F1C04101F000414FF00000F0BCBDE853
:1098600000810CEA131511EA0C1F00D00CE013EA7A
:109870000C1F00F026804FF0000081EA030101F088
:109880000041F0BCBDE80081F0BCBDE8004181EAC8
:10989000030100F003BAF0BCBDE8004170B500F070
:1098A000AFF900BF097EFC3E00F007B84FF00000A2
:1098B00081EA030101F00041704781EA030100F0F1
:1098C000EDB9F0BCBDE8004122494FF000007047FF
:1098D000FFFDFBF9F7F5F4F2F0EEEDEBE9E8E6E475
:1098E000E3E1E0DEDDDBDAD8D7D5D4D3D1D0CFCDFC
:1098F000CCCBCAC8C7C6C5C4C2C1C0BFBEBDBCBB35
:10990000BAB9B8B7B6B5B4B3B2B1B0AFAEADACAB2F
:10991000AAA9A8A8A7A6A5A4A3A3A2A1A09F9F9E09
:109920009D9C9C9B9A9999989797969595949393BB
:10993000929191908F8F8E8E8D8C8C8B8B8A898952
:1099400088888787868585848483838282818180D5
:109950000000FF070000F87F4FEA41034FEA53532E
:10996000A3F58063D3F11E03C8BFD3F1210C0CDD36
:109970004FF0004242EAC12242EA505232FA03FC5E
:109980008CEAE17CACEBE1707047102BC4BF002087
:10999000704703F5787CBCF1FF3F04D06FF00042C4
:1099A00082EA2100704770B500F02AF949922480BC
:1099B00000207047F2E710F0004248BF4042B0FA82
:1099C00080F310FA03F10AD0C3F11D0303F580639D
:1099D00002EB03524FEA415002EBD12170474FF0A6
:1099E000000070477FEAE17202D1101A62EB0101B8
:1099F000B1FA81F30B3B24D3994012D1B0FA80F332
:109A000010FA03F108BF7047C3F11D0303F540636B
:109A100003EBC2234FEAD1224FEA415002EB03513C
:109A20007047C3F1200C20FA0CFC41EA0C0198406D
:109A3000C3F1320303F5406303EBC22301EB03518F
:109A40007047C3F1320C0CF5406C0CEBC22210B520
:109A5000C3F10004C4F1200E01FA0EFC21FA04F156
:109A600000FA0EF3E04040EA0C00BDE8104001EBC4
:109A7000025138BF7047401C41F100015B0008BF34
:109A800020F001007047B0FA80F310FA03F10AD019
:109A9000C3F11D0303F580634FEA03524FEA4150BF
:109AA00002EBD12170474FF00000704770B5DFF82E
:109AB00048C11CEA111E1EBF1CEA13159EEA0C0FBA
:109AC00095EA0C0F00F06F8081EA03044EEAD47E21
:109AD000AE4421EA4C1123EA4C1341F4801143F4C3
:109AE0008013AEF17F7EA1FB024CA0FB036536190B
:109AF00055EB0C05A1FB034C4CF10003A0FB021C31
:109B000016EB0C06654153F10003094218BF46F0FD
:109B1000010613F4007F0BD14FEA03314FEA053001
:109B200041EA155140EA165034036FF003020AE08F
:109B30004FEAC3214FEAC52041EA555140EA565049
:109B4000F4026FF0020202EB2E4201EB025585EAAD
:109B5000CE710AD05FEA440C18BF24F0004450F1E3
:109B6000000041F1000120EAD47040F2FE7C624521
:109B700000D270BDA84214BF4FF080444FF0404463
:109B8000002E08BF0024BEF1806FA8BFA1F1C04124
:109B9000BDE8704080F2828001F1C04101F00041D7
:109BA0004FF0000070470CEA13159EEA0C0F18BF27
:109BB00095EA0C0F06D081EA030E4FF000000EF07C
:109BC000004170BD00F01CF88900013E00F007B8AC
:109BD00000F009B84FEA430C5FEA5C5C08D081EA08
:109BE000030100F05BB84FEA410C5FEA5C5CF6D120
:109BF00002494FF0000070470000FF070000F87FA7
:109C00000EF1020E2EF0030E5EF8046B364205D400
:109C1000012A43EB030515F5001F12D8012841EB7B
:109C2000010C1CF5001F0CD80ED14FEAD17C0CEBB7
:109C30004C0C0CF1020C15F5001F08BF4CEBD37C4B
:109C400004E04FF0080C01E04FEAD37C0CEB4C052C
:109C500026FA05F606F00706B6F1040C06D20EEB5E
:109C6000860CBDE870404CF0010C6047DFE80CF05A
:109C7000090B02024FF00041A1F500214FF0000056
:109C800070BD19461046012851EB010418BFD4F5E8
:109C9000001484BF002001F0004170BD0808A0F549
:109CA00000114FEA3101704710B591EA030F81F0BE
:109CB00000413FF557AC83F0004300F009B80000C5
:109CC00010B591EA030F48BF83F000433FF54AAC5B
:109CD000841A71EB030C07D28CF0004C121943EB81
:109CE0000C03001B61EB0C014FEA1154A4EB135C55
:109CF000DFF8A4E11EEA430F18BF9EEA445F00F0BC
:109D0000B48021EA045123EA6E035242C3EB6E038E
:109D100038BF5B1EDCF1200E25D322FA0CFE10EBBF
:109D20000E0043FA0CFE41EB0E01CCF1200E03FABB
:109D30000EFE10EB0E00CCF1200E51F1000129D4E3
:109D400001EB045112FA0EF2BDE8104058BF704703
:109D5000401C1CBFB2F1004F704700280CBF491CCB
:109D600020F00100704712EB020E43EB030218BF14
:109D70004FF0010E4EEA4202ACF1200CDCF11E0E57
:109D800056D943FA0CFE10EB0E00CCF11E0E51F129
:109D9000FF31D5D50EF1010E12FA0EFE404141EB16
:109DA000010101EB445C5FEA5C5C10D901EB0451FA
:109DB00010EBDE7038BFBEF1004FBDE8104018BF99
:109DC000704700280CBF491C20F00100704734D2B6
:109DD0004FEAD42C24F4006411F500111BD0B1FA21
:109DE00081F20B3AA41AA41ED2F12003914030FA5A
:109DF00003F31943904001EBCC7101EB0451002CAB
:109E0000BDE81040A8BF704701F1C04101F000411A
:109E10004FF000007047B0FA80F310FA03F102D15E
:109E2000BDE810407047E41A173C4805C90AE2E74C
:109E300001EB0451BDE81040704749104FEA300073
:109E400001EB0451BDE8104002E04FF00001704703
:109E50004A0008BF0042F8D0B2F5001F28BF704783
:109E600001F000414FF0000070479EEA445F07D0C8
:109E700011EA5E0FBDE8104004BF002100207047CA
:109E8000BDE8104070B5FFF7BBFE00BF40DFF63EF7
:109E9000104683F0004170470000E0FF43004FEAA6
:109EA000D30C4FEA3C0C43401FBF40070CF16051FC
:109EB00013F0FE4F70471CF0006F03D10CF000410F
:109EC000002070470CF0004343EA507040EACC0099
:109ED00010B500F03EF800BF000000924FEA00010C
:109EE000FFF7DCBE4FF00041A1F500214FF000006C
:109EF00070474FF07E5209E011F0004204D5404215
:109F0000C1F1000138BF491E42F07E5202F1706279
:109F10000B0012BF20235FEA00017047B1FA81FCF9
:109F200001FA0CF1A3EB0C0320FA03FC41EA0C014B
:109F300002EBC352C3F1200310FA03FC5CEA416C4C
:109F400042EB112018BF5FF0806C28BF20F00100A9
:109F500070470EF1020E2EF0030E5EF8044B244201
:109F600004D44FEA4102B2F17F4F11D84FEA4003C7
:109F7000B3F17F4F0CD80ED14FEAD07C0CEB4C0CD8
:109F80000CF1020CB2F17F4F08BF4CEBD17C04E026
:109F90004FF0080C01E04FEAD17C0CEB4C0324FAA3
:109FA00003F404F00704B4F1040C06D20EEB840CA5
:109FB000BDE810404CF0010C6047DFE80CF00708EA
:109FC00002024FF00040A0F5800010BD084642009C
:109FD00018BFD2F1807288BF00F0004010BDF1EED2
:109FE000100A4FF6FF71C0F2C03120EA010040F0C4
:109FF0004070E1EE100A7047FF2141EAD050C005E1
:10A00000704700000A154FEAC12343EA50534FEA54
:10A01000C02C18BF43F000431BD4A2F24E02D2F56D
:10A020007C7240F34280502AA8BF502223FA02F1EA
:10A030002CFA02F0D2F1200260B403FA02F588BFD4
:10A040002843C2F1000223FA02F598BF284360BCFE
:10A05000704702F57C7212F5826F08BF23F000434F
:10A06000D2F12E0221DB1AD0502AA8BF502223FAA7
:10A0700002F12CFA02F0D2F1200260B403FA02F5E8
:10A0800088BF2843C2F1000223FA02F598BF284393
:10A0900060BC4042C1F1000138BF491E70479CF0CE
:10A0A000000F08BF93F0004FDED070B5FFF7A8FD9A
:10A0B000922449804FF00000002170476FEAE17060
:10A0C00080F000417047303132333435363738391B
:10A0D00041424344454640305800303132333435F4
:10A0E0003637383961626364656640307800000055
:10A0F0004C5555555555A53F7751C1166CC156BFA6
:10A100009015CB19A001FA3EAD529C804F7E92BEB5
:10A11000C4B1B4BD9EEE213ED43888BEE9FAA8BDD4
:10A1200000004054FB21F93F3163621A61B4D03D15
:10A130000000601A61B4D03D7370032E8A19A33BEE
:10A140000000002E8A19A33BC14920259A837B3940
:10A1500000000000000000006E83F9A22915444EA3
:10A16000D15727FCC0DD34F5999562DB4190433C23
:10A17000AB6351FE61C5BBDE3A6E24B7E0D24D42FF
:10A18000EA2E49061C92D1091CEB1DFE3EA729B1FF
:10A19000F53582E88444BB2E26709CE9417E5FB48D
:10A1A00039D69139F43953838B5F849C3B28F9BDB0
:10A1B000FF97F81F0F9805DE8B112FEF1F6D0A5ABE
:10A1C000CF7E366DB709CB27663F464F2DEA5F9E9F
:10A1D000C7BA27757BF1E5EBF739073DEA92528A5A
:10A1E000B15FFB6B085D8D1F463003560000000019
:10A1F000A6F810111111813FD561C119A0012ABF24
:10A200007DFEB157E31DC73EEB9C2B8AE6E55ABEA7
:10A210007CD5CF5A3AD9E53D0000803F00000000D0
:10A22000000000006666863F6F12833B000000005E
:10A230003333D33F52491D3A000000003333933F7C
:10A24000000000000AD7233C8FC2753D00000000CB
:10A25000000000001F856B3E0000000000000000B1
:10A260000000204100000000000000000000B0409D
:10A270000000000000000000CAB0010851D800082A
:10A2800000000000000000000001000000000000CD
:10A2900000000000ADB00108E1D800080200000095
:10A2A00000000000000200000000000000000000AC
:10A2B000B5B00108EDD90008000000000000000062
:10A2C000000100000000000000000000A1B0010833
:10A2D000C9DA0008FEFF00000000000000020000D4
:10A2E0000000000000000000D6B0010885DB000877
:10A2F00002000000000000008000000000000000DC
:10A3000000000000BEB001085DD70008000000009A
:10A3100000000000800000000000000000000000BD
:10A320000000C8440AD7A33C0000A0400000000081
:10A3300000000000010203040607080900000000F5
:10A3400001020304005EBCE2613FDD83C29C7E200B
:10A35000A3FD1F419DC3217FFCA2401E5F01E3BD01
:10A360003E6082DC237D9FC1421CFEA0E1BF5D03F5
:10A3700080DE3C62BEE0025CDF81633D7C22C09EE9
:10A380001D43A1FF4618FAA427799BC584DA3866D5
:10A39000E5BB5907DB856739BAE406581947A5FBC1
:10A3A0007826C49A653BD987045AB8E6A7F91B45B5
:10A3B000C6987A24F8A6441A99C7257B3A6486D8A9
:10A3C0005B05E7B98CD2306EEDB3510F4E10F2AC95
:10A3D0002F7193CD114FADF3702ECC92D38D6F3181
:10A3E000B2EC0E50AFF1134DCE90722C6D33D18F75
:10A3F0000C52B0EE326C8ED0530DEFB1F0AE4C1269
:10A4000091CF2D73CA947628ABF517490856B4EA54
:10A410006937D58B5709EBB536688AD495CB297740
:10A42000F4AA4816E9B7550B88D6346A2B7597C934
:10A430004A14F6A8742AC896154BA9F7B6E80A5428
:10A44000D7896B35005EBCE2613FDD83C29C7E2014
:10A45000A3FD1F419DC3217FFCA2401E5F01E3BD00
:10A460003E6082DC237D9FC1421CFEA0E1BF5D03F4
:10A4700080DE3C62BEE0025CDF81633D7C22C09EE8
:10A480001D43A1FF4618FAA427799BC584DA3866D4
:10A49000E5BB5907DB856739BAE406581947A5FBC0
:10A4A0007826C49A653BD987045AB8E6A7F91B45B4
:10A4B000C6987A24F8A6441A99C7257B3A6486D8A8
:10A4C0005B05E7B98CD2306EEDB3510F4E10F2AC94
:10A4D0002F7193CD114FADF3702ECC92D38D6F3180
:10A4E000B2EC0E50AFF1134DCE90722C6D33D18F74
:10A4F0000C52B0EE326C8ED0530DEFB1F0AE4C1268
:10A5000091CF2D73CA947628ABF517490856B4EA53
:10A510006937D58B5709EBB536688AD495CB29773F
:10A52000F4AA4816E9B7550B88D6346A2B7597C933
:10A530004A14F6A8742AC896154BA9F7B6E80A5427
:10A54000D7896B350000803F00000000000000004C
:10A5500000000000000000000000000000000000FB
:10A560000000803F0000000000000000000000002C
:10A570000000000000000000000000000000803F1C
:10A5800000000000000000000000000000000000CB
:10A5900000000000000000000000803F00000000FC
:10A5A00000000000000000000000000000000000AB
:10A5B000000000000000803F0000000000000000DC
:10A5C000000000000000000000000000000000008B
:10A5D0000000803F0050C347CDCCCC3DCDCCCC3D1E
:10A5E000CDCCCC3DCDCCCC3DCDCCCC3DCDCCCC3DE3
:10A5F0000050C347CDCCCC3DCDCCCC3DCDCCCC3D1B
:10A60000CDCCCC3DCDCCCC3DCDCCCC3D0050C3470A
:10A61000CDCCCC3DCDCCCC3DCDCCCC3DCDCCCC3DB2
:10A62000CDCCCC3DCDCCCC3D0050C347CDCCCC3DEA
:10A63000CDCCCC3DCDCCCC3DCDCCCC3DCDCCCC3D92
:10A64000CDCCCC3D0000C842CDCCCC3DCDCCCC3D1A
:10A65000CDCCCC3DCDCCCC3DCDCCCC3DCDCCCC3D72
:10A660000000C842640014006E001E00780028003C
:10A67000820032008C003C0096004600A000500092
:10A68000AA005A00B4006400C8007800E803E80398
:10A690000000891112239B322446AD573665BF74E2
:10A6A000488CC19D5AAFD3BE6CCAE5DB7EE9F7F892
:10A6B0008110080193331A22A5562C47B7753E64C2
:10A6C000C99C408DDBBF52AEEDDA64CBFFF976E872
:10A6D00002218B30100299132667AF763444BD55A2
:10A6E0004AADC3BC588ED19F6EEBE7FA7CC8F5D952
:10A6F00083310A2091121803A7772E66B5543C4582
:10A70000CBBD42ACD99E508FEFFB66EAFDD874C931
:10A7100004428D5316619F702004A9153227BB3661
:10A720004CCEC5DF5EEDD7FC6888E1997AABF3BA11
:10A7300085520C4397711E60A1142805B3373A2641
:10A74000CDDE44CFDFFD56ECE9986089FBBB72AAF1
:10A7500006638F7214409D512225AB343006B91721
:10A760004EEFC7FE5CCCD5DD6AA9E3B8788AF19BD1
:10A7700087730E6295501C41A3352A24B116380701
:10A78000CFFF46EEDDDC54CDEBB962A8F99A708BB1
:10A79000088481951AA793B62CC2A5D33EE1B7F0E1
:10A7A0004008C919522BDB3A644EED5F766DFF7C91
:10A7B000899400859BB712A6ADD224C3BFF136E0C1
:10A7C000C1184809D33B5A2AE55E6C4FF77D7E6C71
:10A7D0000AA583B4188691972EE3A7F23CC0B5D1A1
:10A7E0004229CB38500AD91B666FEF7E744CFD5D51
:10A7F0008BB502A499961087AFF326E2BDD034C181
:10A80000C3394A28D11A580BE77F6E6EF55C7C4D30
:10A810000CC685D71EE597F42880A1913AA3B3B260
:10A82000444ACD5B5669DF78600CE91D722FFB3E10
:10A830008DD604C79FF516E4A9902081BBB332A240
:10A84000C55A4C4BD7795E68E11C680DF33F7A2EF0
:10A850000EE787F61CC495D52AA1A3B03882B19320
:10A86000466BCF7A5448DD59622DEB3C700EF91FD0
:10A870008FF706E69DD414C5ABB122A0B992308300
:10A88000C77B4E6AD5585C49E33D6A2CF11E780FB0
:10A89000000610160006101600000000920E493C3B
:10A8A000B10AC93C2BC3163D2EFB483D752B7B3DA1
:10A8B00004A9963D80B6AF3D36BDC83D2FBCE13DF5
:10A8C00073B2FA3D87CF093E8340163EB5AB223EB8
:10A8D000A2102F3ECF6E3B3EC2C5473E0115543EEF
:10A8E000135C603E7F9A6C3ECCCF783EC07D823E4A
:10A8F000938E883E229A8E3E32A0943E86A09A3E47
:10A90000E59AA03E128FA63ED47CAC3EEF63B23EE9
:10A910002A44B83E491DBE3E15EFC33E53B9C93E59
:10A92000CA7BCF3E4136D53E80E8DA3E4F92E03ECC
:10A930007533E63EBBCBEB3EEA5AF13ECBE0F63E4A
:10A94000275DFC3EE4E7003F3D9C033F824B063F12
:10A950009BF5083F6B9A0B3FDA390E3FCDD3103F82
:10A960002A68133FD9F6153FC07F183FC6021B3F28
:10A97000D17F1D3FCBF61F3F9967223F25D2243F51
:10A980005636273F1594293F4AEB2B3FDE3B2E3F9F
:10A99000BB85303FC9C8323FF304353F233A373FC8
:10A9A0004268393F3B8F3B3FF9AE3D3F67C73F3F72
:10A9B00070D8413F01E2433F03E4453F65DE473F36
:10A9C00012D1493FF8BB4B3F029F4D3F207A4F3F8A
:10A9D0003D4D513F4918533F31DB543FE595563FBC
:10A9E0005348583F6AF2593F1A945B3F532D5D3FDD
:10A9F00005BE5E3F2146603F97C5613F5A3C633FBD
:10AA000059AA643F880F663FD86B673F3CBF683FD9
:10AA1000A7096A3F0C4B6B3F5E836C3F93B26D3F5F
:10AA20009ED86E3F73F56F3F0809713F5213723F16
:10AA30004714733FDD0B743F0BFA743FC6DE753F5E
:10AA400007BA763FC58B773FF853783F9812793F26
:10AA50009DC7793F02737A3FBE147B3FCDAC7B3FED
:10AA6000283B7C3FC9BF7C3FAC3A7D3FCCAB7D3FB0
:10AA700023137E3FB0707E3F6DC47E3F580E7F3FF4
:10AA80006D4E7F3FAB847F3F0FB17F3F97D37F3FBA
:10AA900043EC7F3F11FB7F3F0000803F11FB7F3F76
:10AAA00043EC7F3F97D37F3F0FB17F3FAB847F3F26
:10AAB0006D4E7F3F580E7F3F6DC47E3FB0707E3F2E
:10AAC00023137E3FCCAB7D3FAC3A7D3FC9BF7C3F7B
:10AAD000283B7C3FCDAC7B3FBE147B3F02737A3F6B
:10AAE0009DC7793F9812793FF853783FC58B773FE0
:10AAF00007BA763FC6DE753F0BFA743FDD0B743F35
:10AB00004714733F5213723F0809713F73F56F3F4B
:10AB10009ED86E3F93B26D3F5E836C3F0C4B6B3F94
:10AB2000A7096A3F3CBF683FD86B673F880F663F05
:10AB300059AA643F5A3C633F97C5613F2146603F35
:10AB400005BE5E3F532D5D3F1A945B3F6AF2593F4D
:10AB50005348583FE595563F31DB543F4918533F22
:10AB60003D4D513F207A4F3F029F4D3FF8BB4B3F39
:10AB700012D1493F65DE473F03E4453F01E2433FD1
:10AB800070D8413F67C73F3FF9AE3D3F3B8F3B3FEA
:10AB90004268393F233A373FF304353FC9C8323F53
:10ABA000BB85303FDE3B2E3F4AEB2B3F1594293FC0
:10ABB0005636273F25D2243F9967223FCBF61F3FC9
:10ABC000D17F1D3FC6021B3FC07F183FD9F6153FFE
:10ABD0002A68133FCDD3103FDA390E3F6B9A0B3FF3
:10ABE0009BF5083F824B063F3D9C033FE4E7003F57
:10ABF000275DFC3ECBE0F63EEA5AF13EBBCBEB3E96
:10AC00007533E63E4F92E03E80E8DA3E4136D53E6F
:10AC1000CA7BCF3E53B9C93E15EFC33E491DBE3E68
:10AC20002A44B83EEF63B23ED47CAC3E128FA63EBF
:10AC3000E59AA03E86A09A3E32A0943E229A8E3E8D
:10AC4000938E883EC07D823ECCCF783E7F9A6C3E0C
:10AC5000135C603E0115543EC2C5473ECF6E3B3E7D
:10AC6000A2102F3EB5AB223E8340163E87CF093E51
:10AC700073B2FA3D2FBCE13D36BDC83D80B6AF3D55
:10AC800004A9963D752B7B3D2EFB483D2BC3163DFD
:10AC9000B10AC93C920E493C00000000920E49BC2A
:10ACA000B10AC9BC2BC316BD2EFB48BD752B7BBD9D
:10ACB00004A996BD80B6AFBD36BDC8BD2FBCE1BDF1
:10ACC00073B2FABD87CF09BE834016BEB5AB22BEB4
:10ACD000A2102FBECF6E3BBEC2C547BE011554BEEB
:10ACE000135C60BE7F9A6CBECCCF78BEC07D82BE46
:10ACF000938E88BE229A8EBE32A094BE86A09ABE43
:10AD0000E59AA0BE128FA6BED47CACBEEF63B2BEE5
:10AD10002A44B8BE491DBEBE15EFC3BE53B9C9BE55
:10AD2000CA7BCFBE4136D5BE80E8DABE4F92E0BEC8
:10AD30007533E6BEBBCBEBBEEA5AF1BECBE0F6BE46
:10AD4000275DFCBEE4E700BF3D9C03BF824B06BF0E
:10AD50009BF508BF6B9A0BBFDA390EBFCDD310BF7E
:10AD60002A6813BFD9F615BFC07F18BFC6021BBF24
:10AD7000D17F1DBFCBF61FBF996722BF25D224BF4D
:10AD8000563627BF159429BF4AEB2BBFDE3B2EBF9B
:10AD9000BB8530BFC9C832BFF30435BF233A37BFC4
:10ADA000426839BF3B8F3BBFF9AE3DBF67C73FBF6E
:10ADB00070D841BF01E243BF03E445BF65DE47BF32
:10ADC00012D149BFF8BB4BBF029F4DBF207A4FBF86
:10ADD0003D4D51BF491853BF31DB54BFE59556BFB8
:10ADE000534858BF6AF259BF1A945BBF532D5DBFD9
:10ADF00005BE5EBF214660BF97C561BF5A3C63BFB9
:10AE000059AA64BF880F66BFD86B67BF3CBF68BFD5
:10AE1000A7096ABF0C4B6BBF5E836CBF93B26DBF5B
:10AE20009ED86EBF73F56FBF080971BF521372BF12
:10AE3000471473BFDD0B74BF0BFA74BFC6DE75BF5A
:10AE400007BA76BFC58B77BFF85378BF981279BF22
:10AE50009DC779BF02737ABFBE147BBFCDAC7BBFE9
:10AE6000283B7CBFC9BF7CBFAC3A7DBFCCAB7DBFAC
:10AE700023137EBFB0707EBF6DC47EBF580E7FBFF0
:10AE80006D4E7FBFAB847FBF0FB17FBF97D37FBFB6
:10AE900043EC7FBF11FB7FBF000080BF11FB7FBF72
:10AEA00043EC7FBF97D37FBF0FB17FBFAB847FBF22
:10AEB0006D4E7FBF580E7FBF6DC47EBFB0707EBF2A
:10AEC00023137EBFCCAB7DBFAC3A7DBFC9BF7CBF77
:10AED000283B7CBFCDAC7BBFBE147BBF02737ABF67
:10AEE0009DC779BF981279BFF85378BFC58B77BFDC
:10AEF00007BA76BFC6DE75BF0BFA74BFDD0B74BF31
:10AF0000471473BF521372BF080971BF73F56FBF47
:10AF10009ED86EBF93B26DBF5E836CBF0C4B6BBF90
:10AF2000A7096ABF3CBF68BFD86B67BF880F66BF01
:10AF300059AA64BF5A3C63BF97C561BF214660BF31
:10AF400005BE5EBF532D5DBF1A945BBF6AF259BF49
:10AF5000534858BFE59556BF31DB54BF491853BF1E
:10AF60003D4D51BF207A4FBF029F4DBFF8BB4BBF35
:10AF700012D149BF65DE47BF03E445BF01E243BFCD
:10AF800070D841BF67C73FBFF9AE3DBF3B8F3BBFE6
:10AF9000426839BF233A37BFF30435BFC9C832BF4F
:10AFA000BB8530BFDE3B2EBF4AEB2BBF159429BFBC
:10AFB000563627BF25D224BF996722BFCBF61FBFC5
:10AFC000D17F1DBFC6021BBFC07F18BFD9F615BFFA
:10AFD0002A6813BFCDD310BFDA390EBF6B9A0BBFEF
:10AFE0009BF508BF824B06BF3D9C03BFE4E700BF53
:10AFF000275DFCBECBE0F6BEEA5AF1BEBBCBEBBE92
:10B000007533E6BE4F92E0BE80E8DABE4136D5BE6B
:10B01000CA7BCFBE53B9C9BE15EFC3BE491DBEBE64
:10B020002A44B8BEEF63B2BED47CACBE128FA6BEBB
:10B03000E59AA0BE86A09ABE32A094BE229A8EBE89
:10B04000938E88BEC07D82BECCCF78BE7F9A6CBE08
:10B05000135C60BE011554BEC2C547BECF6E3BBE79
:10B06000A2102FBEB5AB22BE834016BE87CF09BE4D
:10B0700073B2FABD2FBCE1BD36BDC8BD80B6AFBD51
:10B0800004A996BD752B7BBD2EFB48BD2BC316BDF9
:10B09000B10AC9BC920E49BC000000801B5B306D38
:10B0A00000526F626F7455495461736B00494D557E
:10B0B0005461736B004D6F76655461736B0064650A
:10B0C0006661756C745461736B0044656669616E8A
:10B0D000745461736B00526F6F745461736B0054DE
:10B0E0006D7251005465726D696E616C00000000F4
:10B0F000576861742063616E2069207361793F2015
:10B10000200000006D6F746F725F737461747573EB
:10B110005F50594C524D3A000000891112239B3266
:10B120002446AD573665BF74488CC19D5AAFD3BE17
:10B130006CCAE5DB7EE9F7F88110080193331A2227
:10B14000A5562C47B7753E64C99C408DDBBF52AEF7
:10B15000EDDA64CBFFF976E802218B301002991307
:10B160002667AF763444BD554AADC3BC588ED19FD7
:10B170006EEBE7FA7CC8F5D983310A2091121803E7
:10B18000A7772E66B5543C45CBBD42ACD99E508FB7
:10B19000EFFB66EAFDD874C904428D5316619F70B7
:10B1A0002004A9153227BB364CCEC5DF5EEDD7FC97
:10B1B0006888E1997AABF3BA85520C4397711E60A7
:10B1C000A1142805B3373A26CDDE44CFDFFD56EC77
:10B1D000E9986089FBBB72AA06638F7214409D5187
:10B1E0002225AB343006B9174EEFC7FE5CCCD5DD57
:10B1F0006AA9E3B8788AF19B87730E6295501C4167
:10B20000A3352A24B1163807CFFF46EEDDDC54CD36
:10B21000EBB962A8F99A708B088481951AA793B646
:10B220002CC2A5D33EE1B7F04008C919522BDB3A36
:10B23000644EED5F766DFF7C899400859BB712A606
:10B24000ADD224C3BFF136E0C1184809D33B5A2A16
:10B25000E55E6C4FF77D7E6C0AA583B418869197E6
:10B260002EE3A7F23CC0B5D14229CB38500AD91BF6
:10B27000666FEF7E744CFD5D8BB502A499961087C6
:10B28000AFF326E2BDD034C1C3394A28D11A580BD6
:10B29000E77F6E6EF55C7C4D0CC685D71EE597F496
:10B2A0002880A1913AA3B3B2444ACD5B5669DF78B6
:10B2B000600CE91D722FFB3E8DD604C79FF516E486
:10B2C000A9902081BBB332A2C55A4C4BD7795E6896
:10B2D000E11C680DF33F7A2E0EE787F61CC495D566
:10B2E0002AA1A3B03882B193466BCF7A5448DD5976
:10B2F000622DEB3C700EF91F8FF706E69DD414C546
:10B30000ABB122A0B9923083C77B4E6AD5585C4955
:10B31000E33D6A2CF11E780F0000891112239B3245
:10B320002446AD573665BF74488CC19D5AAFD3BE15
:10B330006CCAE5DB7EE9F7F88110080193331A2225
:10B34000A5562C47B7753E64C99C408DDBBF52AEF5
:10B35000EDDA64CBFFF976E802218B301002991305
:10B360002667AF763444BD554AADC3BC588ED19FD5
:10B370006EEBE7FA7CC8F5D983310A2091121803E5
:10B38000A7772E66B5543C45CBBD42ACD99E508FB5
:10B39000EFFB66EAFDD874C904428D5316619F70B5
:10B3A0002004A9153227BB364CCEC5DF5EEDD7FC95
:10B3B0006888E1997AABF3BA85520C4397711E60A5
:10B3C000A1142805B3373A26CDDE44CFDFFD56EC75
:10B3D000E9986089FBBB72AA06638F7214409D5185
:10B3E0002225AB343006B9174EEFC7FE5CCCD5DD55
:10B3F0006AA9E3B8788AF19B87730E6295501C4165
:10B40000A3352A24B1163807CFFF46EEDDDC54CD34
:10B41000EBB962A8F99A708B088481951AA793B644
:10B420002CC2A5D33EE1B7F04008C919522BDB3A34
:10B43000644EED5F766DFF7C899400859BB712A604
:10B44000ADD224C3BFF136E0C1184809D33B5A2A14
:10B45000E55E6C4FF77D7E6C0AA583B418869197E4
:10B460002EE3A7F23CC0B5D14229CB38500AD91BF4
:10B47000666FEF7E744CFD5D8BB502A499961087C4
:10B48000AFF326E2BDD034C1C3394A28D11A580BD4
:10B49000E77F6E6EF55C7C4D0CC685D71EE597F494
:10B4A0002880A1913AA3B3B2444ACD5B5669DF78B4
:10B4B000600CE91D722FFB3E8DD604C79FF516E484
:10B4C000A9902081BBB332A2C55A4C4BD7795E6894
:10B4D000E11C680DF33F7A2E0EE787F61CC495D564
:10B4E0002AA1A3B03882B193466BCF7A5448DD5974
:10B4F000622DEB3C700EF91F8FF706E69DD414C544
:10B50000ABB122A0B9923083C77B4E6AD5585C4953
:10B51000E33D6A2CF11E780F7D04017C000240ABF4
:10B52000034100055308065804070F00081082095C
:10B5300011000A15800B16000C18010D60B50108EA
:10B540000000002038050000C401000878B7010899
:10B5500038050020C8F900002002000800000000A3
:10B56000500AE7416B3A58A08B3A0137B8419A9993
:10B57000193F4640A69B443B85C3F5283E400966DB
:10B5800066A63F0AD7233C2C14AEA72881091730A2
:10B590000C118FC2F53023B6C12B48C27432101380
:10B5A00053081B2062041A81041ABD041AF90413FB
:10B5B00035091B2071041AAD041AE90413250A1B6E
:10B5C0002061041A9D0413050B1B20410413FBB4D6
:10B5D000142037B51B2046041A55041A64041A7344
:10B5E000041A82041A91041AAF041ABE041ACD0474
:10B5F0001ADC041AEB041309B61B2018041A2704DA
:10B600001A36041A45041A63041A720414A037A0E7
:10B6100023FFFF1301EC1B0839041A49041A7504AF
:10B620001AA50413DDEB1B0811081108081250C3FA
:10B6300047CDCCCC3D0409531C110B1AC8421C4207
:10B64000091324F44FFFF1FD9086A7061385E81433
:10B6500008D9E61C08E1E9B0311339E71B082510C9
:10B660001A9D04C11AD9181A85041A31301A75089E
:10B670001409024313020125C03209041B01020B05
:10B6800013052416100105240110090104240202E7
:10B690000524061701070582030815100904013364
:10B6A000020A2E0705010240072A810711130A0624
:10B6B00032023340011A12231302021E4083044057
:10B6C00057591B0203151351111B084D041A490445
:10B6D0001A7D041AB1040719040309041A03FBFFB5
:10B6E000FF031915B903EBFF7F03128BDAFF03FA8F
:10B6F000DC010910592119FA0927040A2D10300913
:10B7000016340A5514585A0C080A19082809162420
:10B7100032C42306011A37041A2604690C29086961
:10B720001032D05AE92C41092234292432B972AF9F
:10B730002908294832F72924A91029304169481AD3
:10B74000D2041A9F049A880C69102904A9344B0B5F
:10B7500002045AEE2C29045A4B14A934291829083A
:10B760005A5D04691C290C290813350833206A1A0C
:08B77000AA01766740533A0577
:040000050800018965
:00000001FF
